Disease ID,Disease Name,Val Recall-at-50,Val Mean Rank,Val Recall-at-10,Val AUROC,Val Recall-at-25,Val Mean Average Precision,Val Recall-at-100
C1955869,Malformations of Cortical Development,0.0,3197.81818182,0.0,0.851628228821,0.0,0.000853819482971,0.0
C0036095,Salivary Gland Neoplasms,0.0227272727273,5845.27272727,0.0,0.728337622495,0.0,0.000520390999846,0.0227272727273
C0033941,"Psychoses, Substance-Induced",0.0588235294118,4130.17647059,0.0,0.808301928014,0.0,0.00234648217806,0.176470588235
C1561955,Fibrinogen Adverse Event,0.0,7675.66666667,0.0,0.643686387999,0.0,0.000338030158568,0.0
C0033860,Psoriasis,0.046875,5937.140625,0.0,0.723789431443,0.03125,0.00171165517444,0.0625
C0040336,Tobacco Use Disorder,0.0,6869.09090909,0.0,0.681233808427,0.0,0.00132745817895,0.0909090909091
C0043459,Zellweger Syndrome,0.733333333333,64.4,0.533333333333,0.997056912079,0.666666666667,0.328487826368,0.933333333333
C0004782,Basal Ganglia Diseases,0.0,7352.08333333,0.0,0.658803279957,0.0,0.000556619692606,0.0
C0338480,Common Migraine,0.0,9171.36363636,0.0,0.574382083154,0.0,0.0001002094381,0.0
C0027726,Nephrotic Syndrome,0.0,4165.28571429,0.0,0.80663606453,0.0,0.00121719561798,0.142857142857
C0038644,Sudden infant death syndrome,0.0,5264.66666667,0.0,0.755689641835,0.0,0.00194108162234,0.25
C0026636,Mouth Diseases,0.0833333333333,5860.33333333,0.0833333333333,0.728042082463,0.0833333333333,0.0045661425143,0.0833333333333
C0236969,Substance-Related Disorders,0.0,9182.83809524,0.0,0.571983298261,0.0,0.000187520921407,0.0
C1838979,MITOCHONDRIAL COMPLEX I DEFICIENCY,0.62962962963,1729.0,0.0740740740741,0.919739897817,0.444444444444,0.0287467317744,0.740740740741
C3875321,Inflammatory dermatosis,0.0,7149.05882353,0.0,0.667889480747,0.0,0.0001912443533,0.0
C0003873,Rheumatoid Arthritis,0.00473933649289,6138.22274882,0.0,0.712488171641,0.0,0.000374363009119,0.00947867298578
C0002878,"Anemia, Hemolytic",0.0,4134.83333333,0.0,0.808130269978,0.0,0.000796976690322,0.0
C0020445,"Hypercholesterolemia, Familial",0.125,2264.5625,0.0625,0.894918411402,0.0625,0.00758187522323,0.25
C0002871,Anemia,0.0769230769231,4766.38461538,0.0,0.77867511245,0.0769230769231,0.0034575298783,0.115384615385
C0003872,"Arthritis, Psoriatic",0.0666666666667,4548.4,0.0,0.788905394114,0.0,0.00119301550365,0.0666666666667
C0206754,Neuroendocrine Tumors,0.2,1941.0,0.0,0.909964264167,0.2,0.00579663304545,0.4
C0040128,Thyroid Diseases,0.0,7367.66666667,0.0,0.658045176762,0.0,0.000185179268323,0.0
C0206698,Cholangiocarcinoma,0.125,3660.33333333,0.0416666666667,0.830059288843,0.0833333333333,0.00506216106114,0.125
C0013182,Drug Allergy,0.0571428571429,4765.0,0.0285714285714,0.778645771105,0.0285714285714,0.0030524428117,0.171428571429
C0024115,Lung diseases,0.0444444444444,5699.53333333,0.0,0.735087393083,0.0222222222222,0.00132422856694,0.0444444444444
C0598608,Hyperhomocysteinemia,0.0,5469.63636364,0.0,0.746192079525,0.0,0.000724244547663,0.0
C0009952,Febrile Convulsions,0.0,6645.81818182,0.0,0.691600634583,0.0,0.000197804785499,0.0
C0024530,Malaria,0.0,5892.2,0.0,0.726461438455,0.0,0.000478688893371,0.0
C0038013,Ankylosing spondylitis,0.0714285714286,5209.28571429,0.0,0.758237677469,0.0,0.00175738082196,0.0714285714286
C0025261,Memory Disorders,0.0277777777778,5360.69444444,0.0277777777778,0.750955784789,0.0277777777778,0.00406434959755,0.0555555555556
C0019693,HIV Infections,0.040404040404,2310.72727273,0.0,0.892360552114,0.010101010101,0.00183780205638,0.0808080808081
C3495559,Juvenile arthritis,0.00819672131148,7055.45901639,0.0,0.670890645375,0.00819672131148,0.000566781524276,0.0245901639344
C0010606,Adenoid Cystic Carcinoma,0.040404040404,5312.15151515,0.010101010101,0.752486652338,0.020202020202,0.00152463785648,0.040404040404
C0019163,Hepatitis B,0.125,4695.25,0.0625,0.782078362193,0.0625,0.00480701454804,0.125
C0008073,Developmental Disabilities,0.0,5592.84210526,0.0,0.740373195967,0.0,0.000283022437927,0.0
C0027659,"Neoplasms, Experimental",0.0909090909091,2618.48484848,0.030303030303,0.878392266842,0.0909090909091,0.00399265752112,0.151515151515
C0002171,Alopecia Areata,0.333333333333,4512.22222222,0.111111111111,0.790643112019,0.222222222222,0.0160189608072,0.333333333333
C0027658,"Neoplasms, Germ Cell and Embryonal",0.0,7092.69230769,0.0,0.6708275015,0.0,0.000642165197701,0.0
C0428977,Bradycardia,0.0833333333333,3485.54166667,0.0,0.838176674562,0.0833333333333,0.00388392564476,0.208333333333
C0002170,Alopecia,0.0,5626.07142857,0.0,0.738890988787,0.0,0.000569554977207,0.0
C0032580,Adenomatous Polyposis Coli,0.0,5783.88888889,0.0,0.731627580802,0.0,0.00101705318773,0.0
C0017658,Glomerulonephritis,0.178571428571,2155.57142857,0.0,0.899922363855,0.107142857143,0.00655839773624,0.357142857143
C0009447,Common Variable Immunodeficiency,0.166666666667,2476.91666667,0.0833333333333,0.88508161213,0.0833333333333,0.00717095309063,0.25
C0001973,"Alcoholic Intoxication, Chronic",0.0526315789474,4206.31578947,0.0,0.804577227958,0.0,0.00139417468887,0.0526315789474
C0025958,Microcephaly,0.0869565217391,2296.86956522,0.0,0.893383971152,0.0,0.0018795131035,0.130434782609
C0008370,Cholestasis,0.025641025641,5285.07692308,0.0,0.754435761593,0.0,0.000799369603074,0.025641025641
C0273115,Lung Injury,0.15,3775.2,0.05,0.824756233459,0.05,0.00718990493635,0.2
C0038454,Cerebrovascular accident,0.027027027027,3875.56756757,0.0,0.819955666633,0.0,0.0011438025831,0.0540540540541
C1136249,"Mental Retardation, X-Linked",0.0,8407.77777778,0.0,0.609695075083,0.0,0.000118573150674,0.0
C0677050,Manganese Poisoning,0.0909090909091,3764.90909091,0.0,0.825308220045,0.0909090909091,0.0033862304691,0.0909090909091
C0019284,Diaphragmatic Hernia,0.0,4144.375,0.0,0.807437142724,0.0,0.000750104680458,0.025
C0282612,Prostatic Intraepithelial Neoplasias,0.0909090909091,1236.45454545,0.0,0.942659679502,0.0909090909091,0.00427867376864,0.0909090909091
C0008925,Cleft Palate,0.125,1977.825,0.075,0.908127875633,0.075,0.0770774991303,0.15
C0030319,Panic Disorder,0.0,6246.25,0.0,0.710183767228,0.0,9.80121459878e-05,0.0
C0035258,Restless Legs Syndrome,0.0,6550.66666667,0.0,0.696085255131,0.0,0.000104157182285,0.0
C0004134,Ataxia,0.133333333333,6203.2,0.0,0.712088014112,0.0666666666667,0.00371325384091,0.2
C0751617,Semilobar Holoprosencephaly,0.285714285714,5748.42857143,0.0,0.733212976041,0.142857142857,0.00646577322753,0.357142857143
C0013990,Pathological accumulation of air in tissues,0.1,2905.4,0.0,0.865206293219,0.1,0.00234977473971,0.1
C1142166,Brugada Syndrome (disorder),0.0666666666667,5591.2,0.0,0.740497632532,0.0,0.00124781842946,0.0666666666667
C0006118,Brain Neoplasms,0.0434782608696,4559.86956522,0.0,0.788294345444,0.0434782608696,0.00258514932838,0.130434782609
C0018671,Head and Neck Neoplasms,0.0434782608696,4180.30434783,0.0434782608696,0.805920667418,0.0434782608696,0.00382847504269,0.130434782609
C0031117,Peripheral Neuropathy,0.010752688172,6906.84229391,0.0,0.675446748472,0.00716845878136,0.000449322140908,0.0143369175627
C0238463,Papillary thyroid carcinoma,0.0384615384615,1799.30769231,0.0384615384615,0.916478208522,0.0384615384615,0.00724269792399,0.0384615384615
C0008625,Chromosome Aberrations,0.133333333333,4096.46666667,0.0,0.809884566583,0.0,0.00210031856256,0.133333333333
C0018772,"Hearing Loss, Partial",0.0,10418.0909091,0.0,0.516311712434,0.0,6.62252763221e-05,0.0
C0023434,Chronic Lymphocytic Leukemia,0.0408163265306,5843.44897959,0.0,0.728357364891,0.0204081632653,0.00149098251394,0.0612244897959
C0019196,Hepatitis C,0.0,5488.93333333,0.0,0.745244947854,0.0,0.000324892200699,0.0
C0034951,Refractive Errors,0.0,9256.27777778,0.0,0.570301417068,0.0,7.15689697229e-05,0.0
C1960469,Left ventricular noncompaction,0.0833333333333,2698.41666667,0.0833333333333,0.874800804518,0.0833333333333,0.00730325176468,0.0833333333333
C0040411,Tongue Neoplasms,0.0,4429.55555556,0.0,0.794479508281,0.0,0.00104164547878,0.111111111111
C0242379,Malignant neoplasm of lung,0.0,6032.5625,0.0,0.719996170094,0.0,0.000510647454359,0.0
C0400966,Non-alcoholic Fatty Liver Disease,0.0,6277.6,0.0,0.708295766138,0.0,0.000271619007452,0.0
C0025500,Mesothelioma,0.0487804878049,4096.12195122,0.0,0.809670851867,0.0487804878049,0.00206132368663,0.0487804878049
C1720887,Female Urogenital Diseases,0.166666666667,3059.33333333,0.0,0.858009502143,0.0,0.00256663180667,0.222222222222
C0919267,ovarian neoplasm,0.0515463917526,4459.24742268,0.0103092783505,0.792253389187,0.0309278350515,0.00235308406072,0.0824742268041
C0018273,Growth Disorders,0.0,6774.5625,0.0,0.685316492451,0.0,0.000245771509177,0.0
C0007137,Squamous cell carcinoma,0.0602409638554,2822.62650602,0.0240963855422,0.868602939279,0.0240963855422,0.00317287260372,0.132530120482
C0011860,"Diabetes Mellitus, Non-Insulin-Dependent",0.00649350649351,5462.01298701,0.00649350649351,0.744848397876,0.00649350649351,0.000744059243593,0.012987012987
C1961102,Precursor Cell Lymphoblastic Leukemia Lymphoma,0.046511627907,3979.04651163,0.0,0.815094984121,0.046511627907,0.00252025961162,0.093023255814
C0030567,Parkinson Disease,0.0208333333333,5758.52083333,0.0,0.73172387315,0.0,0.000669814049946,0.0208333333333
C0027819,Neuroblastoma,0.0454545454545,3533.56818182,0.0227272727273,0.835793790647,0.0227272727273,0.00466476025259,0.0454545454545
C0699790,Colon Carcinoma,0.0833333333333,2823.79166667,0.0,0.868908574436,0.0416666666667,0.0027430738252,0.166666666667
C0265965,Dyskeratosis Congenita,0.416666666667,2082.58333333,0.333333333333,0.903384389263,0.333333333333,0.262197939225,0.5
C1832200,Peroxisome biogenesis disorders,0.909090909091,17.5454545455,0.727272727273,0.999232086951,0.727272727273,0.279876677999,1.0
C0041948,Uremia,0.117647058824,2453.17647059,0.0588235294118,0.886155715768,0.117647058824,0.0621222026517,0.176470588235
C0020557,Hypertriglyceridemia,0.0714285714286,5888.92857143,0.0,0.726689478186,0.0714285714286,0.00270761535826,0.0714285714286
C0040053,Thrombosis,0.3,1961.5,0.05,0.908885997119,0.1,0.0321299101635,0.35
C0024667,Animal Mammary Neoplasms,0.0656934306569,3918.35036496,0.00729927007299,0.817116992783,0.029197080292,0.00208492847011,0.0802919708029
C0009319,Colitis,0.125,4860.20833333,0.0416666666667,0.774336677038,0.125,0.00424026629173,0.125
C1561643,Chronic Kidney Diseases,0.0,8736.80952381,0.0,0.594372435081,0.0,8.04683814194e-05,0.0
C0023473,"Myeloid Leukemia, Chronic",0.181818181818,2857.81818182,0.0,0.867340692741,0.0909090909091,0.00643953549255,0.272727272727
C0014553,Absence Epilepsy,0.0,5401.33333333,0.0,0.749381226409,0.0,0.000590241785544,0.0
C0027765,nervous system disorder,0.0,6020.31372549,0.0,0.720110028574,0.0,0.000374511776196,0.0
C0017661,IGA Glomerulonephritis,0.004662004662,5994.41258741,0.0,0.716325853561,0.0,0.000391600347722,0.011655011655
C0005283,beta Thalassemia,0.0,5185.2,0.0,0.759400380563,0.0,0.00127038166496,0.0
C0024299,Lymphoma,0.0,4518.47368421,0.0,0.79019456432,0.0,0.00107961195948,0.0526315789474
C0003504,Aortic Valve Insufficiency,0.272727272727,765.0,0.181818181818,0.964540982085,0.181818181818,0.104547184161,0.272727272727
C0334634,"Malignant lymphoma, lymphocytic, intermediate differentiation, diffuse",0.0769230769231,5745.30769231,0.0,0.733322145734,0.0769230769231,0.00317409414679,0.230769230769
C0524851,Neurodegenerative Disorders,0.135135135135,4286.35135135,0.0540540540541,0.800866572893,0.108108108108,0.0315937794476,0.162162162162
C0086543,Cataract,0.238095238095,4454.0952381,0.190476190476,0.793224412722,0.238095238095,0.08507487779,0.238095238095
C1861172,Venous Thromboembolism,0.0645161290323,6205.41935484,0.0322580645161,0.711770911696,0.0322580645161,0.00385257587148,0.129032258065
C0524909,"Hepatitis B, Chronic",0.0,6230.86666667,0.0,0.710803701297,0.0,0.000406293047185,0.0
C2936907,NADH:Q(1) Oxidoreductase deficiency,0.7,1438.85,0.25,0.933238148303,0.45,0.0431066916443,0.75
C0011609,Drug Eruptions,0.0555555555556,5848.55555556,0.0,0.728513136378,0.0,0.00138549795766,0.0555555555556
C0014170,Endometrial Neoplasms,0.04,3353.26,0.0,0.844131678058,0.04,0.00172270922341,0.04
C0038356,Stomach Neoplasms,0.0212765957447,4618.15957447,0.00354609929078,0.782978223367,0.00709219858156,0.00117716540694,0.0531914893617
C0346647,Malignant neoplasm of pancreas,0.0,7066.84615385,0.0,0.672027193008,0.0,0.000117320186133,0.0
C0027643,"Neoplasm Recurrence, Local",0.166666666667,3874.95833333,0.0,0.820092029288,0.125,0.0058972061289,0.166666666667
C0520459,Necrotizing Enterocolitis,0.0,3793.05882353,0.0,0.823952700858,0.0,0.00123095846992,0.0588235294118
C0029463,Osteosarcoma,0.0571428571429,4956.22857143,0.0,0.769753209341,0.0571428571429,0.00290280019426,0.114285714286
C0021390,Inflammatory Bowel Diseases,0.025,7582.825,0.0,0.646979035713,0.0,0.000651996441189,0.025
C0038358,Gastric ulcer,0.0,2850.38888889,0.0,0.867710251688,0.0,0.00152466617695,0.166666666667
C1333990,Hereditary Nonpolyposis Colorectal Cancer,0.230769230769,1713.15384615,0.0769230769231,0.920527578623,0.0769230769231,0.00788978855772,0.230769230769
C0010278,Craniosynostosis,0.181818181818,4477.27272727,0.0,0.79224576593,0.0909090909091,0.00304568913642,0.181818181818
C0860207,Drug-Induced Liver Injury,0.0252100840336,5371.53781513,0.0,0.74947493691,0.00840336134454,0.000888620728272,0.0420168067227
C0015625,Fanconi Anemia,0.526315789474,374.684210526,0.315789473684,0.982650004154,0.473684210526,0.0332000389888,0.526315789474
C0079772,T-Cell Lymphoma,0.181818181818,2226.63636364,0.0909090909091,0.896703037054,0.181818181818,0.00934646157599,0.272727272727
C0079773,"Lymphoma, T-Cell, Cutaneous",0.0952380952381,1341.28571429,0.047619047619,0.937765336447,0.047619047619,0.00475858430234,0.0952380952381
C0029172,Oral Submucous Fibrosis,0.4,2401.66666667,0.0666666666667,0.88855878439,0.266666666667,0.0141802498115,0.533333333333
C0424295,Hyperactive behavior,0.0333333333333,3573.8,0.0,0.834031681145,0.0,0.000959012000926,0.0333333333333
C0752347,Lewy Body Disease,0.210526315789,3067.78947368,0.105263157895,0.857610294657,0.105263157895,0.0133223341922,0.210526315789
C0751778,"Myoclonic Epilepsies, Progressive",0.0,5520.66666667,0.0,0.743807534617,0.0,0.00120145553753,0.166666666667
C1861063,"TOBACCO ADDICTION, SUSCEPTIBILITY TO (finding)",0.3,6745.2,0.0,0.687000510512,0.2,0.00749574665892,0.3
C0677886,Epithelial ovarian cancer,0.0526315789474,6729.26315789,0.0,0.687546124109,0.0,0.0012871502698,0.0526315789474
C0023485,Precursor B-Cell Lymphoblastic Leukemia-Lymphoma,0.0,3430.18181818,0.0,0.840843691721,0.0,0.000956082716892,0.0
C0282527,Infantile Refsum Disease (disorder),0.846153846154,52.9230769231,0.615384615385,0.997589905453,0.692307692308,0.446564295904,0.923076923077
C3160718,"PARKINSON DISEASE, LATE-ONSET",0.0625,3778.375,0.0,0.824642542129,0.0625,0.00255314560698,0.0625
C0282525,"Adrenoleukodystrophy, Neonatal",0.846153846154,52.9230769231,0.615384615385,0.997589905453,0.692307692308,0.446564295904,0.923076923077
C0311375,Arsenic Poisoning,0.0169491525424,5571.28813559,0.0169491525424,0.740892727901,0.0169491525424,0.00106974691617,0.0169491525424
C0015695,Fatty Liver,0.0416666666667,4445.97916667,0.0416666666667,0.793343290406,0.0416666666667,0.00716024370546,0.0625
C0206762,"Limb Deformities, Congenital",0.0,4572.4,0.0,0.787791291431,0.0,0.000368163247388,0.0
C0020437,Hypercalcemia,0.1,2660.8,0.0,0.876558221562,0.1,0.00508701924422,0.3
C0003130,Anoxia,0.0,3834.5625,0.0,0.821898954704,0.0,0.000736228489785,0.0
C0243026,Sepsis,0.047619047619,3664.0952381,0.0,0.829908282035,0.047619047619,0.0024780375198,0.142857142857
C0005138,Berylliosis,0.0,5307.44444444,0.0,0.753738423777,0.0,0.000204984820656,0.0
C0036202,Sarcoidosis,0.125,2614.625,0.0,0.878712469256,0.0,0.00183986950837,0.125
C0036920,Sezary Syndrome,0.115384615385,2425.84615385,0.0384615384615,0.887378841956,0.0384615384615,0.00461645162685,0.153846153846
C0001430,Adenoma,0.03125,5664.6875,0.0,0.736878629501,0.03125,0.00179689773956,0.03125
C0023903,Liver neoplasms,0.0283018867925,6680.14150943,0.0,0.68863614574,0.0188679245283,0.00108317465846,0.0471698113208
C0014859,Esophageal Neoplasms,0.0307692307692,3336.83076923,0.0153846153846,0.844787326948,0.0307692307692,0.00297644600982,0.107692307692
C0018099,Gout,0.0,9127.7,0.0,0.576428273077,0.0,7.60947790297e-05,0.0
C0027055,Myocardial Reperfusion Injury,0.0571428571429,2554.65714286,0.0,0.88134732566,0.0285714285714,0.00199423182908,0.114285714286
C0339535,"Night blindness, congenital stationary",0.363636363636,4168.45454545,0.272727272727,0.806578736403,0.272727272727,0.113397051651,0.454545454545
C0038325,Stevens-Johnson Syndrome,0.2,2095.83333333,0.0,0.902688097118,0.1,0.00476421459234,0.266666666667
C0023470,Myeloid Leukemia,0.0588235294118,3932.23529412,0.0,0.817491397673,0.0,0.00256256539132,0.235294117647
C0023452,"Leukemia, Lymphocytic, Acute, L1",0.0,8275.09090909,0.0,0.615980186156,0.0,0.000121119822021,0.0
C0242698,"Ventricular Dysfunction, Left",0.0,4781.06666667,0.0,0.778104787547,0.0,0.000584667146173,0.0
C0162871,"Aortic Aneurysm, Abdominal",0.0909090909091,3498.45454545,0.0,0.837677105221,0.0909090909091,0.00304824008732,0.181818181818
C1272641,Systemic arterial pressure,0.0,7770.3,0.0,0.638754824011,0.0,0.000103479679943,0.0
C0014175,Endometriosis,0.0196078431373,5829.05228758,0.0130718954248,0.727716278064,0.0130718954248,0.00771373536899,0.0326797385621
C0265221,Walker-Warburg congenital muscular dystrophy,0.307692307692,1352.69230769,0.153846153846,0.937258990545,0.230769230769,0.030611268851,0.538461538462
C0023186,Learning Disorders,0.037037037037,6389.37037037,0.037037037037,0.703281381707,0.037037037037,0.00499416631232,0.037037037037
C0009363,Congenital ocular coloboma (disorder),0.0,6400.0,0.0,0.702993734045,0.0,0.000543876199146,0.0
C0024796,Marfan Syndrome,0.1,2123.9,0.0,0.901475843505,0.0,0.00266769507596,0.2
C0040034,Thrombocytopenia,0.0909090909091,3610.40909091,0.0,0.832393355426,0.0,0.00179503945723,0.0909090909091
C0024121,Lung Neoplasms,0.0523255813953,4146.94186047,0.0116279069767,0.80612823594,0.0174418604651,0.00204995306135,0.093023255814
C0270853,"Myoclonic Epilepsy, Juvenile",0.0,7873.71428571,0.0,0.634676831289,0.0,7.41481269075e-05,0.0
C1458155,Mammary Neoplasms,0.029484029484,4248.85503686,0.002457002457,0.799154512346,0.019656019656,0.00150988030956,0.0515970515971
C0006142,Malignant neoplasm of breast,0.0322580645161,6873.66129032,0.0,0.680266978817,0.0322580645161,0.00135912247013,0.0483870967742
C0270850,Idiopathic generalized epilepsy,0.0,7795.0,0.0,0.638346248434,0.0,8.32955151095e-05,0.0
C0341106,Eosinophilic esophagitis,0.0,10236.0,0.0,0.524798639803,0.0,0.000122255165471,0.0
C0007621,Neoplastic Cell Transformation,0.0975609756098,3198.07317073,0.0121951219512,0.851119282206,0.0487804878049,0.00358524066334,0.134146341463
C0014544,Epilepsy,0.015873015873,6038.04761905,0.0,0.719130181771,0.015873015873,0.000886791705652,0.031746031746
C0018824,Heart valve disease,0.0416666666667,4098.95833333,0.0,0.809689391477,0.0,0.00099277896207,0.0416666666667
C0027796,Neuralgia,0.1,5898.1,0.0,0.726314568153,0.1,0.00283068831921,0.1
C0027794,Neural Tube Defects,0.0769230769231,6537.26923077,0.0,0.696419831156,0.0769230769231,0.00341559725953,0.115384615385
C0025521,Inborn Errors of Metabolism,0.0,8232.4375,0.0,0.617845039692,0.0,0.000201712453741,0.0
C0022336,Creutzfeldt-Jakob disease,0.0,9775.15384615,0.0,0.546259533263,0.0,0.000121851786922,0.0
C0162820,"Dermatitis, Allergic Contact",0.0,6908.18181818,0.0,0.678579687339,0.0,0.000226472418459,0.0
C0344388,Platelet mean volume finding,0.0,8302.92857143,0.0,0.614381432354,0.0,0.000130934333046,0.0
C0021841,Intestinal Neoplasms,0.0,1975.54545455,0.0,0.908356750462,0.0,0.00250158055419,0.0909090909091
C1271104,Blood pressure finding,0.0,7770.3,0.0,0.638754824011,0.0,0.000103479679943,0.0
C3495498,"Cardiomyopathy, Familial Hypertrophic, 1 (disorder)",0.2,2558.2,0.0,0.881319905323,0.0,0.00369740414084,0.2
C2607914,Allergic rhinitis (disorder),0.0,10473.0,0.0,0.514050277208,0.0,6.57366268051e-05,0.0
C0242383,Age related macular degeneration,0.0555555555556,5832.77777778,0.0277777777778,0.729018555519,0.0555555555556,0.00408771663315,0.0833333333333
C0007193,"Cardiomyopathy, Dilated",0.0425531914894,3697.91489362,0.0,0.828130409409,0.0212765957447,0.00152771474005,0.0851063829787
C0080178,Spina Bifida,0.0909090909091,3988.63636364,0.0,0.814924516679,0.0909090909091,0.00462642094276,0.181818181818
C0019189,"Hepatitis, Chronic",0.136363636364,2510.45454545,0.0454545454545,0.883470882496,0.0454545454545,0.00662999788464,0.181818181818
C3160731,Pulmonary function (finding),0.0333333333333,9412.03333333,0.0,0.562826527926,0.0333333333333,0.0012160563298,0.0333333333333
C0037268,Skin Abnormalities,0.0,7139.6,0.0,0.668703299763,0.0,0.000328836246469,0.0
C0007194,Hypertrophic Cardiomyopathy,0.0952380952381,4470.95238095,0.0,0.792442775773,0.047619047619,0.00248371134102,0.142857142857
C0015934,Fetal Growth Retardation,0.2,2795.2,0.1,0.870320694296,0.1,0.00799007786496,0.2
C0993582,"Arthritis, Experimental",0.0512820512821,3682.58974359,0.0,0.828906508802,0.0512820512821,0.00207824551517,0.0769230769231
C0079541,Holoprosencephaly,0.375,6380.5,0.125,0.703953779758,0.25,0.0236628255009,0.375
C0004238,Atrial Fibrillation,0.0384615384615,6660.53846154,0.0384615384615,0.690695526665,0.0384615384615,0.00206675438169,0.0384615384615
C0242656,Disease Progression,0.0241935483871,3747.64516129,0.0,0.825192685985,0.0161290322581,0.0012012640198,0.0241935483871
C0087012,"Ataxia, Spinocerebellar",0.0666666666667,2833.8,0.0666666666667,0.868498746634,0.0666666666667,0.00506294383563,0.0666666666667
C0014549,Tonic-Clonic Epilepsy,0.2,5492.7,0.0,0.745129252332,0.1,0.00443149499949,0.2
C1449861,"Micronuclei, Chromosome-Defective",0.0,3258.44444444,0.0,0.848765288804,0.0,0.000769984203276,0.0
C0334588,Giant Cell Glioblastoma,0.166666666667,2654.58333333,0.0,0.876835305949,0.166666666667,0.00438173605901,0.166666666667
C0017668,Focal glomerulosclerosis,0.181818181818,1872.04545455,0.136363636364,0.913116068979,0.136363636364,0.00956445646423,0.272727272727
C0005910,Body Weight,0.0,9102.85714286,0.0,0.577502801706,0.0,0.000798451418689,0.0714285714286
C1959629,Seizure Adverse Event,0.0,7735.31578947,0.0,0.640899071897,0.0,8.38945673193e-05,0.0
C0007138,"Carcinoma, Transitional Cell",0.0967741935484,3701.96774194,0.0322580645161,0.828069880984,0.0645161290323,0.00454054395538,0.0967741935484
C0017636,Glioblastoma,0.0655737704918,3287.03278689,0.0,0.847132825322,0.0491803278689,0.00253026841835,0.114754098361
C0020179,Huntington Disease,0.0,7062.91666667,0.0,0.672224800805,0.0,0.00126507072421,0.166666666667
C0235833,Congenital diaphragmatic hernia,0.0,4799.36363636,0.0,0.777296777297,0.0,0.00136844601702,0.0909090909091
C0005684,Malignant neoplasm of urinary bladder,0.0625,6273.25,0.0,0.708803850796,0.0,0.00150732643717,0.0625
C2609414,Acute kidney injury,0.0307692307692,5430.73846154,0.0,0.747360019471,0.0153846153846,0.00151435284253,0.0769230769231
C0036421,Systemic Scleroderma,0.0,6968.34782609,0.0,0.67644998203,0.0,0.000219593228263,0.0
C0004943,Behcet Syndrome,0.125,3940.625,0.0416666666667,0.817042446477,0.125,0.00714238754846,0.25
C0000786,Spontaneous abortion,0.0190476190476,5881.7047619,0.00952380952381,0.72586860588,0.00952380952381,0.00164890781944,0.0380952380952
C0162666,Mitochondrial Encephalomyopathies,0.0,3904.54545455,0.0,0.818827371459,0.0,0.00261090606364,0.272727272727
C1876165,Copper-Overload Cirrhosis,0.0909090909091,1921.72727273,0.0,0.910854577521,0.0909090909091,0.00294000108741,0.0909090909091
C0017639,Gliosis,0.0625,3496.5625,0.0,0.837725152036,0.0625,0.00422014421058,0.1875
C0017638,Glioma,0.0597014925373,4237.05970149,0.0298507462687,0.802882631977,0.044776119403,0.00475671150702,0.0746268656716
C0497327,Dementia,0.1,6608.6,0.1,0.693347101685,0.1,0.0101554286505,0.1
C0006663,Calcinosis,0.0540540540541,4533.54054054,0.0,0.789380086406,0.0,0.00169858007682,0.135135135135
C0013080,Down Syndrome,0.0104166666667,7870.89583333,0.0104166666667,0.633293872218,0.0104166666667,0.0105453045802,0.0104166666667
C0019151,Hepatic Encephalopathy,0.0769230769231,2135.46153846,0.0,0.900925476306,0.0,0.00304750094134,0.384615384615
C0002514,"Amino Acid Metabolism, Inborn Errors",0.0,7535.07692308,0.0,0.650293495958,0.0,0.000121676023287,0.0
C0030305,Pancreatitis,0.0,5754.6,0.0,0.732850443423,0.0,0.000450141479909,0.0
C0040136,Thyroid Neoplasm,0.030303030303,4019.12121212,0.0,0.813259898746,0.030303030303,0.00188825029156,0.030303030303
C0023467,"Leukemia, Myelocytic, Acute",0.0176991150442,4423.17699115,0.0,0.793780218656,0.0,0.000602982304083,0.0265486725664
C0027627,Neoplasm Metastasis,0.0503597122302,3478.4676259,0.0215827338129,0.837637910962,0.0359712230216,0.00268846847698,0.0863309352518
C0027626,Neoplasm Invasiveness,0.047619047619,3477.3968254,0.015873015873,0.837786532341,0.031746031746,0.00259877273104,0.0952380952381
C0032914,Pre-Eclampsia,0.0555555555556,6837.5,0.0,0.682599006453,0.0,0.00112158682867,0.0555555555556
C0011853,"Diabetes Mellitus, Experimental",0.0283018867925,3398.38679245,0.00943396226415,0.841621052983,0.0188679245283,0.00205665098418,0.0566037735849
C0001925,Albuminuria,0.1,4030.1,0.05,0.812921948275,0.1,0.00579555689702,0.25
C0242488,Acute Lung Injury,0.0,2839.75,0.0,0.868216424493,0.0,0.000518241181311,0.0
C0040038,Thromboembolism,0.416666666667,201.916666667,0.166666666667,0.990674557128,0.333333333333,0.0988600830032,0.666666666667
C0027746,Nerve Degeneration,0.0675675675676,3985.83783784,0.0135135135135,0.814512040318,0.0135135135135,0.00490028253779,0.0945945945946
C0018621,Hay fever,0.0,9488.0,0.0,0.559618508377,0.0,0.000507891820302,0.0
C0032460,Polycystic Ovary Syndrome,0.0,7150.06896552,0.0,0.666118741022,0.0,0.000198383898917,0.0
C0007787,Transient Ischemic Attack,0.0,2771.5,0.0,0.871420615399,0.0,0.00149091941224,0.0
C0263454,Chloracne,0.0606060606061,4276.24242424,0.0,0.801373238049,0.030303030303,0.0021915881465,0.0909090909091
C0023290,"Leishmaniasis, Visceral",0.25,3470.58333333,0.0833333333333,0.838961089193,0.166666666667,0.0122792298751,0.25
C0040427,Tooth Abnormalities,0.0,6672.2,0.0,0.690388453149,0.0,0.000182466271909,0.0
C2931673,"Ceroid lipofuscinosis, neuronal 1, infantile",0.0,2768.3,0.0,0.871569127953,0.0,0.000629599842082,0.0
C0020456,Hyperglycemia,0.05,3740.55,0.0,0.826366253424,0.05,0.00218933533836,0.1
C0013604,Edema,0.0,3484.2,0.0,0.838231469441,0.0,0.00047273631725,0.0
C0020459,Hyperinsulinism,0.0,3752.0,0.0,0.825866951395,0.0,0.00119382766656,0.0625
C0011881,Diabetic Nephropathy,0.0540540540541,3092.37837838,0.0,0.856348588365,0.0,0.00122415264663,0.0540540540541
C0007785,Cerebral Infarction,0.3,3048.4,0.1,0.858569638465,0.1,0.0109979331297,0.3
C0007786,Brain Ischemia,0.1,2314.78333333,0.0333333333333,0.892367152006,0.0333333333333,0.00452010954785,0.166666666667
C0546837,Malignant neoplasm of esophagus,0.0555555555556,4490.61111111,0.0,0.791558980867,0.0,0.000943004013716,0.0555555555556
C0005941,"Bone Diseases, Developmental",0.0,7604.375,0.0,0.646896623787,0.0,0.000125268343545,0.0
C0265275,Jeune thoracic dystrophy,0.111111111111,2366.44444444,0.0,0.890224408556,0.0,0.00199173731475,0.111111111111
C0429087,Electrocardiogram: P-R interval,0.0,9439.77777778,0.0,0.561965018666,0.0,0.000178480487468,0.0
C0029408,Degenerative polyarthritis,0.0106382978723,3910.18085106,0.0,0.81786121787,0.0106382978723,0.000990250380369,0.0425531914894
C0007959,Charcot-Marie-Tooth Disease,0.0689655172414,5502.20689655,0.0,0.744462704545,0.0344827586207,0.00145703520978,0.0689655172414
C0029401,Osteitis Deformans,0.0,5238.125,0.0,0.756966680588,0.0,0.000902043130569,0.0
C0009404,Colorectal Neoplasms,0.018779342723,6508.38028169,0.00469483568075,0.695119869643,0.018779342723,0.00109414770696,0.0328638497653
C0853897,Diabetic Cardiomyopathies,0.0,3193.8,0.0,0.851821599295,0.0,0.000839812257858,0.0
C0392557,Nuclear cataract,0.333333333333,3735.41666667,0.25,0.826668987391,0.25,0.0305313134906,0.5
C0236736,Cocaine-Related Disorders,0.0348837209302,3975.22093023,0.0,0.814902036603,0.0116279069767,0.00189731995414,0.104651162791
C0162671,MELAS Syndrome,0.2,139.1,0.0,0.993590755094,0.0,0.00574151071243,0.5
C0162670,Mitochondrial Myopathies,0.0,3015.33333333,0.0,0.860130233709,0.0,0.00203385222089,0.166666666667
C0019569,Hirschsprung Disease,0.4,2808.9,0.1,0.869684874925,0.4,0.110055758812,0.5
C0236733,Amphetamine-Related Disorders,0.013698630137,7188.8630137,0.0,0.665446474343,0.0,0.00070397494417,0.041095890411
C0024141,"Lupus Erythematosus, Systemic",0.0,6210.58108108,0.0,0.710955614181,0.0,0.000371965779402,0.0
C0023890,Liver Cirrhosis,0.0185185185185,3217.14814815,0.0,0.850432583912,0.0,0.00177973946305,0.12962962963
C0006111,Brain Diseases,0.0454545454545,6624.40909091,0.0454545454545,0.692435147857,0.0454545454545,0.0460000248444,0.0909090909091
C0018784,Sensorineural Hearing Loss (disorder),0.111111111111,3575.33333333,0.0,0.834122269662,0.111111111111,0.00592750231527,0.111111111111
C0009375,Colonic Neoplasms,0.048,4440.16,0.008,0.792872340426,0.032,0.00223442075642,0.088
C0019080,Hemorrhage,0.0625,3885.8125,0.0,0.819654960308,0.0,0.00181939795497,0.1875
C0242339,Dyslipidemias,0.0625,4764.8125,0.0,0.778865013231,0.0625,0.00238973521013,0.125
C0085110,Severe Combined Immunodeficiency,0.181818181818,922.818181818,0.0,0.957216273006,0.181818181818,0.00699952755793,0.181818181818
C0162809,Kallmann Syndrome,0.05,9116.8,0.05,0.576740028788,0.05,0.0126795127727,0.05
C0026846,Muscular Atrophy,0.0,4263.61538462,0.0,0.802143734468,0.0,0.000847213155073,0.0
C0011849,Diabetes Mellitus,0.0714285714286,4425.42857143,0.0,0.794489824357,0.0357142857143,0.00153054965446,0.0714285714286
C0023794,Lipoidosis,0.0526315789474,6578.52631579,0.0,0.694607083686,0.0526315789474,0.00213601226959,0.0526315789474
C0016059,Fibrosis,0.025,3525.325,0.0,0.836206836455,0.0,0.00195517368319,0.15
C0149931,Migraine Disorders,0.153846153846,6517.88461538,0.0384615384615,0.697325502049,0.153846153846,0.00847110894914,0.192307692308
C0011615,"Dermatitis, Atopic",0.15,5042.55,0.025,0.76569398615,0.125,0.0288943007699,0.2
C0020443,Hypercholesterolemia,0.0,5336.47619048,0.0,0.752253148659,0.0,0.000653860108712,0.0
C0027720,Nephrosis,0.133333333333,1803.86666667,0.0,0.916309225389,0.133333333333,0.00494572252809,0.333333333333
C0018781,Noise-induced hearing loss,0.2,4396.0,0.2,0.796074610245,0.2,0.0213756352617,0.4
C0011053,Deafness,0.0,9372.13333333,0.0,0.56501408102,0.0,0.000389092921416,0.0
C0039685,Tetralogy of Fallot,0.0666666666667,4708.26666667,0.0,0.781482684987,0.0666666666667,0.00290334391066,0.0666666666667
C1263846,Attention deficit hyperactivity disorder,0.0285714285714,8169.4,0.0,0.620462782269,0.0,0.000736068886642,0.0285714285714
C0029456,Osteoporosis,0.0,3977.3015873,0.0,0.815004113366,0.0,0.000548651195368,0.015873015873
C0175702,Williams Syndrome,0.0,4176.1,0.0,0.806232886249,0.0,0.00068437121332,0.1
C0004763,Barrett Esophagus,0.0,4340.85714286,0.0,0.79854908124,0.0,0.0012227281506,0.0714285714286
C0041755,Adverse reaction to drug,0.0,5098.0,0.0,0.762971698113,0.0,0.000620758194459,0.0377358490566
C0029422,Osteochondrodysplasias,0.0666666666667,4955.0,0.0,0.770030637824,0.0666666666667,0.00394409193137,0.266666666667
C0376634,Craniofacial Abnormalities,0.048275862069,5110.2,0.0,0.761399666317,0.0344827586207,0.00167552573998,0.0551724137931
C3463824,MYELODYSPLASTIC SYNDROME,0.0555555555556,4490.61111111,0.0,0.791558980867,0.0,0.00125486786993,0.111111111111
C0020473,Hyperlipidemia,0.176470588235,2785.23529412,0.0588235294118,0.870741165547,0.0588235294118,0.0105058300748,0.235294117647
C0242422,Parkinsonian Disorders,0.0454545454545,3721.04545455,0.0,0.827255841442,0.0,0.00181327101896,0.0909090909091
C0023487,Acute Promyelocytic Leukemia,0.0344827586207,4052.72413793,0.0344827586207,0.811792821538,0.0344827586207,0.00320638020546,0.103448275862
C0023493,Adult T-Cell Lymphoma/Leukemia,0.0645161290323,2951.58064516,0.0,0.862929450657,0.0,0.00239589137347,0.161290322581
C1956346,Coronary Artery Disease,0.015873015873,6937.9047619,0.0,0.677245477143,0.0,0.000591309999023,0.031746031746
C0149925,Small cell carcinoma of lung,0.1,5484.725,0.0,0.745144536878,0.05,0.00279002201245,0.125
C0032927,Precancerous Conditions,0.0,5265.62318841,0.0,0.754996384905,0.0,0.000559063286147,0.0434782608696
C0024668,"Mammary Neoplasms, Experimental",0.0596026490066,3870.97350993,0.00662251655629,0.819210650229,0.0264900662252,0.00199940898284,0.0728476821192
C0007873,Uterine Cervical Neoplasm,0.047619047619,3763.95238095,0.0,0.82527152763,0.047619047619,0.00240321823826,0.142857142857
C0018800,Cardiomegaly,0.030303030303,3500.63636364,0.0151515151515,0.837158049247,0.030303030303,0.0024737621383,0.106060606061
C0022116,Ischemia,0.037037037037,3827.0,0.037037037037,0.822294472829,0.037037037037,0.00229870275609,0.037037037037
C0010346,Crohn Disease,0.0229885057471,7283.77011494,0.0,0.660789982279,0.0,0.000716377771449,0.0459770114943
C0079744,Diffuse Large B-Cell Lymphoma,0.0,2309.5,0.0,0.892732679708,0.0,0.000936055782003,0.0555555555556
C0013386,"Dyskinesia, Drug-Induced",0.0666666666667,3849.6,0.0,0.821344350571,0.0,0.00152969867928,0.133333333333
C0271650,Impaired glucose tolerance,0.0,4450.63636364,0.0,0.793482021552,0.0,0.00138490136898,0.0909090909091
C0019158,Hepatitis,0.0,5142.66666667,0.0,0.761285729762,0.0,0.000511581121124,0.0
C0023891,"Liver Cirrhosis, Alcoholic",0.125,4123.9375,0.0,0.808600459589,0.0625,0.00319130096676,0.125
C0027540,Necrosis,0.0588235294118,4134.05882353,0.0196078431373,0.807818337974,0.0392156862745,0.0207663766311,0.078431372549
C1961099,Precursor T-Cell Lymphoblastic Leukemia-Lymphoma,0.0,2441.0,0.0,0.886717117786,0.0,0.00190805223406,0.166666666667
C0917796,"Optic Atrophy, Hereditary, Leber",0.142857142857,2444.28571429,0.0714285714286,0.886585632721,0.0714285714286,0.00753284837331,0.428571428571
C0004936,Mental disorders,0.0909090909091,4567.90909091,0.0,0.788039121372,0.0,0.00172910211519,0.0909090909091
C0162557,"Liver Failure, Acute",0.0,5082.68181818,0.0,0.764026848471,0.0,0.000789083425425,0.0
C0600467,Neurogenic Inflammation,0.25,5170.75,0.0833333333333,0.760048735205,0.25,0.0162010209018,0.25
C0026769,Multiple Sclerosis,0.0,7179.72727273,0.0,0.665623319459,0.0,0.000322177864654,0.0
C0023893,"Liver Cirrhosis, Experimental",0.0,5340.98130841,0.0,0.751044158334,0.0,0.000632737231182,0.00934579439252
C0023895,Liver diseases,0.0153846153846,5814.64615385,0.0153846153846,0.729497201105,0.0153846153846,0.00244015272549,0.0307692307692
C0001418,Adenocarcinoma,0.0471698113208,4176.96226415,0.0188679245283,0.805325520295,0.0283018867925,0.00221092487422,0.0849056603774
C0009241,Cognition Disorders,0.0434782608696,6804.34782609,0.0434782608696,0.684064835791,0.0434782608696,0.0436610739212,0.0434782608696
C0152013,Adenocarcinoma of lung (disorder),0.0217391304348,3342.41304348,0.0217391304348,0.844664913603,0.0217391304348,0.00189636558869,0.0434782608696
C0018798,Congenital Heart Defects,0.0285714285714,4815.88571429,0.0,0.776280085494,0.0,0.000983946444991,0.0285714285714
C0018799,Heart Diseases,0.0,5422.5952381,0.0,0.748008587586,0.0,0.000540432491609,0.0238095238095
C0268362,Osteogenesis imperfecta type III (disorder),0.181818181818,1126.81818182,0.0,0.947748158274,0.181818181818,0.00616579797515,0.181818181818
C0241910,"Hepatitis, Autoimmune",0.0,3815.64705882,0.0,0.822904036266,0.0,0.00109101016435,0.0
C0086445,Idiopathic Membranous Glomerulonephritis,0.0,7500.0,0.0,0.65187317209,0.0,0.000230666910713,0.0
C0268363,Osteogenesis imperfecta type IV (disorder),0.2,4341.7,0.0,0.798547361582,0.0,0.00325315078886,0.3
C0024809,Marijuana Abuse,0.1,4130.4,0.0,0.80835383116,0.0,0.00236113868605,0.1
C0008312,Primary biliary cirrhosis,0.210526315789,5200.42105263,0.157894736842,0.758591913436,0.210526315789,0.0612412096894,0.315789473684
C0033578,Prostatic Neoplasms,0.0106837606838,5527.08974359,0.0042735042735,0.737958693984,0.00641025641026,0.000905383649765,0.0299145299145
C1262477,Weight decreased,0.0,5374.66666667,0.0,0.750514570469,0.0,0.000158471236457,0.0
C0085207,Gestational Diabetes,0.0833333333333,4500.41666667,0.0,0.791161909182,0.0,0.00140832149415,0.0833333333333
C0023976,Long QT Syndrome,0.125,1102.375,0.125,0.948870758089,0.125,0.128372067792,0.4375
C0007570,Celiac Disease,0.0526315789474,7024.36842105,0.0263157894737,0.673620130069,0.0263157894737,0.00236955663703,0.105263157895
C0848558,Hypospadias,0.0,7967.14285714,0.0,0.630221285005,0.0,8.50747019516e-05,0.0
C0026764,Multiple Myeloma,0.025641025641,5799.56410256,0.0,0.730520780456,0.0,0.000838733725158,0.025641025641
C0039231,Tachycardia,0.0588235294118,4121.88235294,0.0,0.808686984543,0.0588235294118,0.0015902863482,0.0588235294118
C0021655,Insulin Resistance,0.0625,3378.08333333,0.0208333333333,0.842992080834,0.0208333333333,0.0029206280347,0.104166666667
C0043094,Weight Gain,0.0227272727273,5785.17045455,0.0113636363636,0.730583261701,0.0227272727273,0.0122486931222,0.0340909090909
C0346153,"Breast Cancer, Familial",0.583333333333,432.75,0.0833333333333,0.979960547691,0.416666666667,0.0276044727697,0.583333333333
C0022521,Kartagener Syndrome,0.0,11773.7083333,0.0,0.453309068252,0.0,0.00036836801583,0.0416666666667
C0265215,Meckel-Gruber syndrome,0.5,126.071428571,0.142857142857,0.994194335581,0.357142857143,0.0193577638083,0.571428571429
C0020452,Hyperemia,0.0,3121.46153846,0.0,0.855158673484,0.0,0.000762933274252,0.0
C0085129,Bronchial Hyperreactivity,0.0,8129.61538462,0.0,0.622697020766,0.0,0.000257547325188,0.0
C0022661,"Kidney Failure, Chronic",0.0227272727273,4908.5,0.0,0.771882117789,0.0,0.00131702397452,0.0909090909091
C0005612,Birth Weight,0.0,10562.8,0.0,0.509825033647,0.0,5.48022505743e-05,0.0
C0006413,Burkitt Lymphoma,0.0666666666667,3682.4,0.0,0.829105932597,0.0,0.00203555700313,0.2
C1112705,Nuclear non-senile cataract,0.333333333333,3735.41666667,0.25,0.826668987391,0.25,0.0305313134906,0.5
C1384666,hearing impairment,0.0,8323.94285714,0.0,0.613307313447,0.0,0.000144522689359,0.0
C0011884,Diabetic Retinopathy,0.0,5300.6875,0.0,0.753972076505,0.0,0.000612883755445,0.0
C0003469,Anxiety Disorders,0.176470588235,4217.29411765,0.0588235294118,0.804102177971,0.176470588235,0.0147626558225,0.176470588235
C0007222,Cardiovascular Diseases,0.02,5534.44,0.02,0.742711675269,0.02,0.0019256740885,0.02
C1261502,Finding of Mean Corpuscular Hemoglobin,0.0666666666667,6509.0,0.0666666666667,0.697892489091,0.0666666666667,0.00567120162237,0.0666666666667
C0023264,Leigh Disease,0.322580645161,2895.12903226,0.0,0.865553434257,0.0967741935484,0.0071651789748,0.354838709677
C0022665,Kidney Neoplasm,0.0740740740741,3546.14814815,0.0,0.835339147787,0.0,0.00171488618641,0.111111111111
C0026603,Motion Sickness,0.0,8386.57142857,0.0,0.610753575905,0.0,0.000131115941588,0.0
C0024305,"Lymphoma, Non-Hodgkin",0.0909090909091,3985.59090909,0.0,0.814971399624,0.0909090909091,0.00378581540393,0.136363636364
C0024301,"Lymphoma, Follicular",0.0952380952381,4564.14285714,0.0,0.788115580556,0.047619047619,0.00203009601238,0.0952380952381
C0003864,Arthritis,0.0,7504.77777778,0.0,0.651764536023,0.0,0.000133056141571,0.0
C0393706,Early infantile epileptic encephalopathy with suppression bursts,0.0555555555556,5819.61111111,0.0,0.729856951989,0.0555555555556,0.00132959030232,0.0555555555556
C0040028,"Thrombocythemia, Essential",0.25,3005.5,0.0833333333333,0.86054769088,0.0833333333333,0.00924488806964,0.333333333333
C0035126,Reperfusion Injury,0.0352941176471,3099.47058824,0.0,0.855697159639,0.0,0.00135002942551,0.0588235294118
C0020649,Hypotension,0.0188679245283,2821.83018868,0.0,0.868823000898,0.0,0.0011214460429,0.0377358490566
C0018923,Hemangiosarcoma,0.277777777778,2000.61111111,0.0555555555556,0.907163233618,0.111111111111,0.00906289892333,0.444444444444
C0018843,Heat Stroke,0.0833333333333,848.5,0.0833333333333,0.960663727083,0.0833333333333,0.00909871227942,0.333333333333
C1840235,SOLITARY MEDIAN MAXILLARY CENTRAL INCISOR,0.285714285714,5748.42857143,0.0,0.733212976041,0.142857142857,0.00646577322753,0.357142857143
C0920269,Microsatellite Instability,0.0,2210.75,0.0,0.897435599907,0.0,0.00127422810835,0.0833333333333
C0017601,Glaucoma,0.0,9068.61904762,0.0,0.578956387533,0.0,0.000435462482325,0.047619047619
C0008924,Cleft Lip,0.16,3014.48,0.12,0.860047371354,0.12,0.0322436019454,0.24
C0025149,Medulloblastoma,0.0227272727273,3450.97727273,0.0,0.839632378731,0.0,0.00141075425926,0.113636363636
C0524620,Metabolic Syndrome X,0.0,5764.24390244,0.0,0.732140347059,0.0,0.000412718964362,0.0243902439024
C0151786,Muscle Weakness,0.010989010989,7914.26373626,0.010989010989,0.631359021115,0.010989010989,0.0111156764488,0.010989010989
C0001624,Adrenal Gland Neoplasms,0.454545454545,386.181818182,0.0909090909091,0.982122815456,0.272727272727,0.0139380991181,0.454545454545
C1269683,Major Depressive Disorder,0.0,8529.22580645,0.0,0.603817439076,0.0,0.000121512768182,0.0
C0005586,Bipolar Disorder,0.031746031746,6652.93650794,0.015873015873,0.690521976602,0.015873015873,0.0018634958309,0.047619047619
C1319853,"Asthma, Aspirin-Induced",0.153846153846,6541.38461538,0.0769230769231,0.69641913508,0.153846153846,0.0162200284056,0.307692307692
C0349788,Arrhythmogenic Right Ventricular Dysplasia,0.2,2244.4,0.0,0.895883417645,0.2,0.00622235325367,0.3
C0149721,Left Ventricular Hypertrophy,0.208333333333,2217.45833333,0.0416666666667,0.89706690506,0.0833333333333,0.0138409464386,0.25
C1260899,"Anemia, Diamond-Blackfan",0.266666666667,297.2,0.0,0.986250116052,0.2,0.0111341888535,0.8
C0004114,Astrocytoma,0.208333333333,1121.83333333,0.0416666666667,0.947948110652,0.166666666667,0.0165221729647,0.208333333333
C0025286,Meningioma,0.166666666667,3720.41666667,0.0833333333333,0.827365204611,0.166666666667,0.00857348746096,0.333333333333
C1565489,Renal Insufficiency,0.2,4394.9,0.0,0.796078340372,0.2,0.00639863252226,0.3
C0006625,Cachexia,0.2,3638.6,0.0,0.831178354295,0.0,0.00307755788091,0.2
C0027051,Myocardial Infarction,0.0232558139535,4215.29069767,0.0,0.803722002528,0.0116279069767,0.00104054724646,0.046511627907
C0035229,Respiratory Insufficiency,0.0,7789.63636364,0.0,0.638511261318,0.0,0.000114922658457,0.0
C0035228,Respiratory Hypersensitivity,0.111111111111,3294.77777778,0.0555555555556,0.847078426214,0.0555555555556,0.00591370274789,0.222222222222
C0024117,Chronic Obstructive Airway Disease,0.0217391304348,6050.91304348,0.0,0.718753094979,0.0,0.000882502565202,0.0217391304348
C0003811,Cardiac Arrhythmia,0.05,5354.9,0.0,0.751409202767,0.0,0.0010223280298,0.05
C0242350,Erectile dysfunction,0.1,3039.9,0.0,0.858964124936,0.0,0.00260466176723,0.2
C0020517,Hypersensitivity,0.111111111111,2717.01587302,0.0,0.873639155113,0.047619047619,0.00355954639672,0.174603174603
C2931822,Nasopharyngeal carcinoma,0.05,3614.3,0.05,0.832229419139,0.05,0.0037876251714,0.05
C0339527,Leber Congenital Amaurosis,0.0,7499.38095238,0.0,0.65181998691,0.0,0.00021264951924,0.0
C0021368,Inflammation,0.00917431192661,4004.2293578,0.0,0.813351857619,0.0,0.000866333312442,0.045871559633
C1862939,AMYOTROPHIC LATERAL SCLEROSIS 1,0.0212765957447,5545.57446809,0.0,0.742234190926,0.0212765957447,0.00132371614135,0.0425531914894
C0020429,Hyperalgesia,0.0289855072464,4591.36231884,0.0144927536232,0.786375543613,0.0144927536232,0.0155825405862,0.0869565217391
C0028326,Noonan Syndrome,0.176470588235,2470.94117647,0.0588235294118,0.88533235021,0.117647058824,0.00867669432878,0.352941176471
C0020538,Hypertensive disease,0.015873015873,4180.62433862,0.0,0.804397591018,0.015873015873,0.00124724575539,0.037037037037
C3714756,Intellectual Disability,0.0,6264.8976378,0.0,0.707704263285,0.0,0.000321087410344,0.00787401574803
C1720824,Sudden Cardiac Arrest,0.0,7927.06666667,0.0,0.632064494166,0.0,0.000626843467614,0.0666666666667
C0403553,Renal dysplasia and retinal aplasia (disorder),0.3,2728.5,0.3,0.873416252843,0.3,0.0321765513919,0.4
C0018213,Graves Disease,0.0,6596.06666667,0.0,0.693850772135,0.0,0.000111438180226,0.0
C0235032,Neurotoxicity Syndromes,0.0,6162.19230769,0.0,0.713845510766,0.0,0.000718817045785,0.0384615384615
C0004352,Autistic Disorder,0.0,5515.80686695,0.0,0.741380684522,0.0,0.000445341642884,0.00429184549356
C0023904,"Liver Neoplasms, Experimental",0.0188679245283,4681.88679245,0.0,0.782324394233,0.0188679245283,0.0015276216337,0.0566037735849
C0010068,Coronary heart disease,0.0,8002.12280702,0.0,0.627844145247,0.0,0.00039422153336,0.0175438596491
C0027404,Narcolepsy,0.111111111111,7983.05555556,0.0555555555556,0.629413828146,0.111111111111,0.058228252758,0.111111111111
C0018801,Heart failure,0.0125,4528.2875,0.0,0.789202984588,0.0125,0.0010323245632,0.0375
C0677776,Hereditary Breast and Ovarian Cancer Syndrome,0.428571428571,113.571428571,0.214285714286,0.99477457046,0.285714285714,0.0293847225528,0.571428571429
C0042373,Vascular Diseases,0.0,5217.13333333,0.0,0.75786216074,0.0,0.000376928712345,0.0
C0015967,Fever,0.0,6546.9,0.0,0.696062589961,0.0,0.00064195906805,0.05
C0887833,"Carcinoma, Pancreatic Ductal",0.1,3170.6,0.05,0.852830013465,0.1,0.00609332023772,0.1
C0740392,"Infarction, Middle Cerebral Artery",0.04,3266.28,0.0,0.848352219952,0.0,0.00146813004375,0.12
C0021361,Female infertility,0.0740740740741,3588.51851852,0.0,0.833371178889,0.0740740740741,0.00347994917504,0.148148148148
C0023343,Leprosy,0.0555555555556,6787.55555556,0.0,0.68491779769,0.0,0.00155674198729,0.111111111111
C0007273,Carotid Artery Diseases,0.0909090909091,4765.81818182,0.0,0.778853699906,0.0909090909091,0.00270212624236,0.0909090909091
C0349639,Juvenile Myelomonocytic Leukemia,0.0,3275.63157895,0.0,0.84796027584,0.0,0.000875522228404,0.0526315789474
C0037274,Dermatologic disorders,0.0,6296.65625,0.0,0.707083410878,0.0,0.000393888661206,0.015625
C0011882,Diabetic Neuropathies,0.0769230769231,2749.30769231,0.0,0.872432802994,0.0,0.00144610039332,0.0769230769231
C0042109,Urticaria,0.0,4680.625,0.0,0.782757300032,0.0,0.00042910896671,0.0
C0021364,Male infertility,0.0697674418605,5235.0,0.0,0.75671601618,0.046511627907,0.00207177623611,0.116279069767
C0019829,Hodgkin Disease,0.0666666666667,6858.0,0.0,0.681655989849,0.0666666666667,0.00184446345443,0.0666666666667
C0018995,Hemochromatosis,0.5,2304.08333333,0.333333333333,0.893103581651,0.333333333333,0.113911789533,0.666666666667
C0030354,Papilloma,0.0909090909091,3473.81818182,0.0,0.838818426538,0.0909090909091,0.00285905621215,0.0909090909091
C0020507,Hyperplasia,0.0384615384615,5052.26923077,0.0,0.765395512017,0.0,0.00108001146263,0.0384615384615
C0000768,Congenital Abnormality,0.181818181818,4242.81818182,0.0,0.803127346987,0.181818181818,0.0045093323514,0.181818181818
C0030193,Pain,0.0,4639.66666667,0.0,0.784368414528,0.0,0.000468768142371,0.0
C0027947,Neutropenia,0.0769230769231,6711.15384615,0.0769230769231,0.688408694907,0.0769230769231,0.0130567414966,0.0769230769231
C0005944,Metabolic Bone Disorder,0.1,4567.3,0.0,0.788077226528,0.0,0.00199709968045,0.2
C1834752,"MYCOBACTERIUM TUBERCULOSIS, SUSCEPTIBILITY TO (finding)",0.1,4049.3,0.0,0.812117696199,0.1,0.0045930768102,0.2
C0022658,Kidney Diseases,0.0120481927711,6511.48192771,0.0,0.696820251108,0.0120481927711,0.000598674585315,0.0120481927711
C0011854,"Diabetes Mellitus, Insulin-Dependent",0.0,6500.61971831,0.0,0.697497748288,0.0,0.000675373704085,0.0422535211268
C0007117,Basal cell carcinoma,0.227272727273,6416.63636364,0.0454545454545,0.702089621546,0.181818181818,0.0103517475019,0.227272727273
C0376358,Malignant neoplasm of prostate,0.015873015873,6945.49206349,0.0,0.676910204546,0.015873015873,0.000717973608757,0.015873015873
C0206062,"Lung Diseases, Interstitial",0.0,7384.8,0.0,0.657232383251,0.0,0.000164535487287,0.0
C0206726,gliosarcoma,0.133333333333,3005.33333333,0.0,0.86053600718,0.133333333333,0.00338635846223,0.133333333333
C2239176,Liver carcinoma,0.0322580645161,3927.95391705,0.00460829493088,0.81598164888,0.0230414746544,0.00157162783501,0.0645161290323
C0029927,Ovarian Cysts,0.0,7506.90322581,0.0,0.651309893812,0.0,0.000203919810909,0.0
C0026691,Mucocutaneous Lymph Node Syndrome,0.0,7519.27272727,0.0,0.6510615765,0.0,0.000477826555451,0.0
C0948089,Acute Coronary Syndrome,0.0645161290323,2091.61290323,0.0,0.902879638427,0.0322580645161,0.00231539909766,0.129032258065
C0007134,Renal Cell Carcinoma,0.0247933884298,5270.17355372,0.0,0.754201436064,0.00826446280992,0.00090727228363,0.0330578512397
C0206686,Adrenocortical carcinoma,0.176470588235,2079.58823529,0.0588235294118,0.903501010432,0.117647058824,0.00712080429895,0.176470588235
C0036346,"Schizophrenia, Childhood",0.0,9607.4,0.0,0.554061832699,0.0,0.000205301291897,0.0
C0333641,Atrophic,0.0,4731.2,0.0,0.780470599155,0.0,0.000681806457202,0.0
C0036341,Schizophrenia,0.0126050420168,6964.71008403,0.00840336134454,0.673358794242,0.0126050420168,0.00120294061792,0.0252100840336
C0005695,Bladder Neoplasm,0.0660377358491,5367.12264151,0.00943396226415,0.749853329616,0.0471698113208,0.00254084822753,0.0660377358491
C1800706,Idiopathic Pulmonary Fibrosis,0.1875,4513.6875,0.0,0.790507056311,0.1875,0.00555934573385,0.25
C0002736,Amyotrophic Lateral Sclerosis,0.0461538461538,6526.35384615,0.0,0.696361078899,0.0153846153846,0.00130491930582,0.0461538461538
C0431363,Alobar Holoprosencephaly,0.285714285714,5748.42857143,0.0,0.733212976041,0.142857142857,0.00646577322753,0.357142857143
C0431362,Lobar Holoprosencephaly,0.285714285714,5748.42857143,0.0,0.733212976041,0.142857142857,0.00646577322753,0.357142857143
C0014556,"Epilepsy, Temporal Lobe",0.0434782608696,3909.04347826,0.0,0.818517531427,0.0434782608696,0.00200485349415,0.0434782608696
C0021051,Immunologic Deficiency Syndromes,0.294117647059,3200.58823529,0.235294117647,0.851439182916,0.294117647059,0.0854832188045,0.294117647059
C0042900,Vitiligo,0.0,6158.12903226,0.0,0.713967804875,0.0,0.000160070004538,0.0
C0020542,Pulmonary Hypertension,0.0,5316.93548387,0.0,0.753046578331,0.0,0.000800762429648,0.0967741935484
C0013421,Dystonia,0.0,6759.15384615,0.0,0.686309234768,0.0,0.000388653418175,0.0
C0279628,Adenocarcinoma Of Esophagus,0.0714285714286,3477.42857143,0.0,0.838628391058,0.0714285714286,0.00370052364896,0.142857142857
C0455988,"Hydrops Fetalis, Non-Immune",0.166666666667,6645.91666667,0.0,0.691579639514,0.0833333333333,0.00396519677794,0.25
C0035334,Retinitis Pigmentosa,0.0724637681159,5532.62318841,0.0289855072464,0.742571519527,0.0289855072464,0.0057362354869,0.115942028986
C0004364,Autoimmune Diseases,0.0,4346.93939394,0.0,0.798088673391,0.0,0.000719076053795,0.030303030303
C0279626,Squamous cell carcinoma of esophagus,0.0365853658537,3578.17073171,0.0,0.833425991652,0.0243902439024,0.00174504510788,0.0609756097561
C0042514,"Tachycardia, Ventricular",0.0,5913.0,0.0,0.725623056574,0.0,0.000207611305505,0.0
C0151744,Myocardial Ischemia,0.00595238095238,4210.74404762,0.0,0.803181820206,0.0,0.000629418503285,0.0238095238095
C0011991,Diarrhea,0.0,5680.5,0.0,0.736413421822,0.0,0.00116770782044,0.1
C0019209,Hepatomegaly,0.0,4634.0,0.0,0.784991646557,0.0,0.000392167182222,0.0
C0085580,Essential Hypertension,0.0,4766.53846154,0.0,0.77879973721,0.0,0.00164373780352,0.153846153846
C0027092,Myopia,0.0344827586207,8163.62068966,0.0,0.620837017389,0.0,0.000861285831367,0.0344827586207
C0026848,Myopathy,0.0,6369.92,0.0,0.704210477429,0.0,0.000823924300613,0.04
C0033975,Psychotic Disorders,0.117647058824,3909.88235294,0.117647058824,0.818529138675,0.117647058824,0.00956532883451,0.117647058824
C0015393,Eye Abnormalities,0.0,6426.14285714,0.0,0.701752640898,0.0,0.00133017221205,0.0714285714286
C0034065,Pulmonary Embolism,0.0909090909091,5496.81818182,0.0,0.744926288786,0.0,0.00225419029469,0.272727272727
C0019202,Hepatolenticular Degeneration,0.0,3248.83333333,0.0,0.849169491788,0.0,0.00112103510828,0.0416666666667
C0032273,Pneumoconiosis,0.0,8638.28571429,0.0,0.59907593451,0.0,0.000176950070884,0.0
C0752166,Bardet-Biedl Syndrome,0.571428571429,1514.9047619,0.52380952381,0.929703530744,0.571428571429,0.201722651918,0.619047619048
C0025202,melanoma,0.0260416666667,6652.50520833,0.0,0.688667700289,0.0208333333333,0.00111288561095,0.0364583333333
C0030297,Pancreatic Neoplasm,0.0625,4166.925,0.0125,0.806028542161,0.0125,0.00196551670099,0.0625
C0022548,Keloid,0.0,3207.18181818,0.0,0.851042247414,0.0,0.000426377176527,0.0
C0878544,Cardiomyopathies,0.0222222222222,4046.71111111,0.0,0.811538123114,0.0,0.00108515542309,0.0666666666667
C1168401,Squamous cell carcinoma of the head and neck,0.0833333333333,3926.5,0.0416666666667,0.817698416384,0.0833333333333,0.00367726061354,0.0833333333333
C0023418,leukemia,0.0625,3355.4375,0.0,0.844160859466,0.0625,0.00253573655778,0.0625
C0020672,"Hypothermia, natural",0.166666666667,1963.08333333,0.166666666667,0.90893091978,0.166666666667,0.0281690795049,0.166666666667
C0021400,Influenza,0.02,7959.58,0.0,0.629956758265,0.02,0.000928055708903,0.04
C0002622,Amnesia,0.0588235294118,4790.58823529,0.0588235294118,0.777642143208,0.0588235294118,0.0155056070776,0.117647058824
C0007131,Non-Small Cell Lung Carcinoma,0.0540540540541,4733.1981982,0.00900900900901,0.779338930463,0.018018018018,0.00171529786044,0.0540540540541
C0037769,West Syndrome,0.0,5924.0,0.0,0.725048741992,0.0,0.000334532212043,0.0
C3809874,"LEUKEMIA, ACUTE LYMPHOBLASTIC, SUSCEPTIBILITY TO, 3",0.047619047619,3342.47619048,0.0,0.844842301705,0.047619047619,0.00274766471157,0.047619047619
C0033805,Pseudohypoaldosteronism,0.555555555556,1429.11111111,0.0,0.933724191985,0.333333333333,0.0159657994194,0.666666666667
C0032285,Pneumonia,0.170212765957,1952.57446809,0.0,0.909271293906,0.148936170213,0.00554457561905,0.255319148936
C1838951,LEIGH SYNDROME DUE TO MITOCHONDRIAL COMPLEX I DEFICIENCY,0.642857142857,3119.78571429,0.0,0.855233055484,0.357142857143,0.0150879621695,0.714285714286
C0027708,Nephroblastoma,0.0625,5674.75,0.0,0.736611287777,0.0625,0.00217116513059,0.0625
C0042487,Venous Thrombosis,0.5,1978.15,0.15,0.908197520546,0.25,0.0309607514718,0.55
C0034069,Pulmonary Fibrosis,0.0833333333333,2621.1875,0.0,0.878181807615,0.0208333333333,0.00352861362329,0.25
C1140680,Malignant neoplasm of ovary,0.166666666667,3774.83333333,0.0,0.824839483252,0.0833333333333,0.00488352497886,0.25
C0009324,Ulcerative Colitis,0.0246913580247,6129.59259259,0.0123456790123,0.714638390486,0.0123456790123,0.00201804950433,0.037037037037
C0031511,Pheochromocytoma,0.1875,3714.625,0.0,0.827616521981,0.125,0.00611829025542,0.25
C1336708,Testicular Germ Cell Tumor,0.0,6258.71428571,0.0,0.709430057313,0.0,0.000523057087503,0.047619047619
C0020619,Hypogonadism,0.307692307692,1251.0,0.153846153846,0.941980990602,0.230769230769,0.0182107064737,0.769230769231
C1261473,Sarcoma,0.153846153846,2786.53846154,0.0,0.87070467594,0.153846153846,0.00550518803375,0.230769230769
C0026650,Movement Disorders,0.047619047619,5356.0,0.0,0.751346582467,0.0,0.00148527654281,0.142857142857
C1527336,Sjogren's Syndrome,0.0,3894.16666667,0.0,0.819300688481,0.0,0.000747835209957,0.0833333333333
C0020615,Hypoglycemia,0.0,2017.5,0.0,0.906413885924,0.0,0.000399228047636,0.0
C0035828,Romano-Ward Syndrome,0.357142857143,1783.0,0.142857142857,0.917281715638,0.214285714286,0.0293985949241,0.571428571429
C0024232,Lymphatic Metastasis,0.0,5534.28571429,0.0,0.743151570613,0.0,0.000695944728068,0.0714285714286
C0238288,"Muscular Dystrophy, Facioscapulohumeral",0.0833333333333,3418.83333333,0.0833333333333,0.841363038601,0.0833333333333,0.00889289093672,0.25
C0002895,"Anemia, Sickle Cell",0.0,4361.0,0.0,0.797651645241,0.0,0.0010225997882,0.0
C0004153,Atherosclerosis,0.0185185185185,3844.5,0.0,0.821257498954,0.0,0.00103971427886,0.0185185185185
C1527249,Colorectal Cancer,0.0,7079.32142857,0.0,0.671200971447,0.0,0.000557709228402,0.0357142857143
C0011581,Depressive disorder,0.0833333333333,5240.41666667,0.0555555555556,0.756543995787,0.0555555555556,0.00438676612313,0.111111111111
C1843367,Poor school performance,0.0,6622.0,0.0,0.692675454883,0.0,0.000110354678149,0.0
C2937358,Cerebral Hemorrhage,0.0,2422.17857143,0.0,0.887538735128,0.0,0.00183714144727,0.107142857143
C0949658,"Cardiomyopathy, Hypertrophic, Familial",0.136363636364,3840.90909091,0.0454545454545,0.821689849505,0.0454545454545,0.0474983077551,0.181818181818
C0027707,"Nephritis, Interstitial",0.2,1097.3,0.1,0.94912052722,0.1,0.0112133962742,0.4
C0004096,Asthma,0.00952380952381,6752.53333333,0.0,0.685263889259,0.0,0.00062106707371,0.0285714285714
C0036572,Seizures,0.0106382978723,5445.90425532,0.0106382978723,0.746312060042,0.0106382978723,0.00119796579361,0.0212765957447
C0037286,Skin Neoplasms,0.0851063829787,3450.06382979,0.0425531914894,0.839653006518,0.0425531914894,0.00385879815034,0.148936170213
C2931456,"Prostate cancer, familial",0.0,6127.84615385,0.0,0.715612413951,0.0,0.00112254785941,0.0769230769231
C0455806,Infant length,0.0,8684.09090909,0.0,0.59700387332,0.0,0.000174797078064,0.0
C0038220,Status Epilepticus,0.10447761194,2820.43283582,0.0149253731343,0.86880256697,0.0298507462687,0.00309021597942,0.149253731343
C0033687,Proteinuria,0.0263157894737,4563.07894737,0.0,0.787997632447,0.0263157894737,0.00168100464617,0.131578947368
C0002395,Alzheimer's Disease,0.0208333333333,6777.375,0.00694444444444,0.683540826704,0.00694444444444,0.00749480813234,0.0208333333333
C0026640,Mouth Neoplasms,0.047619047619,2412.02380952,0.0238095238095,0.887937540808,0.0238095238095,0.00282162935419,0.119047619048
C0008074,"Child Development Disorders, Pervasive",0.0192307692308,6199.73076923,0.0192307692308,0.711753080679,0.0192307692308,0.00135936795916,0.0384615384615
C0567312,Menopause present (finding),0.0,7839.58823529,0.0,0.63614342673,0.0,0.000125971592935,0.0
C0017178,Gastrointestinal Diseases,0.0,3171.41666667,0.0,0.852846754854,0.0,0.00106521858396,0.0833333333333
C0027672,"Neoplastic Syndromes, Hereditary",0.125,1716.83333333,0.0416666666667,0.920232034652,0.0416666666667,0.00595117852528,0.208333333333
C0007370,Catalepsy,0.0,2799.06666667,0.0,0.870111100795,0.0,0.00206564592477,0.2
C0003123,Anorexia,0.333333333333,2062.06666667,0.2,0.904323337356,0.333333333333,0.0871693002746,0.333333333333
C0268237,Cytochrome-c Oxidase Deficiency,0.153846153846,4384.0,0.153846153846,0.796555885629,0.153846153846,0.0101752443061,0.230769230769
C0035304,Retinal Degeneration,0.2,3781.46666667,0.133333333333,0.824507164299,0.133333333333,0.0720964940511,0.2
C0023892,Biliary cirrhosis,0.0625,5983.46875,0.0,0.722070267131,0.0625,0.00236691143749,0.09375
C0035309,Retinal Diseases,0.0,4835.19047619,0.0,0.775529788438,0.0,0.000408033481323,0.0
C0028754,Obesity,0.0077519379845,6435.13953488,0.0,0.697918270356,0.0077519379845,0.000503325481394,0.015503875969
C0038587,Substance Withdrawal Syndrome,0.0961538461538,3501.32692308,0.0192307692308,0.837231949636,0.0384615384615,0.00749838069608,0.192307692308
C0268583,Methylmalonic acidemia,0.0,3062.3,0.0,0.857924537059,0.0,0.00200881135899,0.1
C0011616,Contact Dermatitis,0.0142857142857,4374.1,0.0,0.796476607118,0.0142857142857,0.00083008089494,0.0428571428571
Mean,,0.0839983337985,4727.68599065,0.0269706599471,0.780318417749,0.0555317233298,0.0102048032454,0.126785178316
Median,,0.0434782608696,4490.61111111,0.0,0.791558980867,0.0135135135135,0.00183986950837,0.0746268656716
STD,,0.129736423322,2071.68697451,0.0763683668088,0.0962820357097,0.100639202791,0.0390895155829,0.161120542997
