,comp_dpp[DP],comp_dpp[DP],comp_dpp[DP],comp_dpp[DP],comp_dpp[DP],comp_dpp[DP],comp_dpp[DP],comp_dpp[DP],comp_dpp[DP],comp_dpp[DP],comp_dpp[DP],comp_dpp[DP],comp_dpp[DP],comp_dpp[DP],comp_dpp[DP],comp_dpp[DP],comp_dpp[DP],comp_dpp[DP],comp_dpp[DP],comp_dpp[DP],comp_dpp[DP],comp_dpp[DP],comp_dpp[DP],comp_dpp[DP],comp_dpp[DP],comp_dpp[DP],comp_dpp[DP],comp_dpp[DP],comp_dpp[DP],comp_dpp[DP],comp_dpp[DP],comp_dpp[DP],diamond_dpp[DP],diamond_dpp[DP],diamond_dpp[DP],diamond_dpp[DP],diamond_dpp[DP],diamond_dpp[DP],diamond_dpp[DP],diamond_dpp[DP],diamond_dpp[DP],diamond_dpp[DP],diamond_dpp[DP],diamond_dpp[DP],diamond_dpp[DP],diamond_dpp[DP],diamond_dpp[DP],diamond_dpp[DP],diamond_dpp[DP],diamond_dpp[DP],diamond_dpp[DP],diamond_dpp[DP],diamond_dpp[DP],diamond_dpp[DP],diamond_dpp[DP],diamond_dpp[DP],diamond_dpp[DP],diamond_dpp[DP],diamond_dpp[DP],diamond_dpp[DP],diamond_dpp[DP],diamond_dpp[DP],diamond_dpp[DP],diamond_dpp[DP],dns_dpp[DP],dns_dpp[DP],dns_dpp[DP],dns_dpp[DP],dns_dpp[DP],dns_dpp[DP],dns_dpp[DP],dns_dpp[DP],dns_dpp[DP],dns_dpp[DP],dns_dpp[DP],dns_dpp[DP],dns_dpp[DP],dns_dpp[DP],dns_dpp[DP],dns_dpp[DP],dns_dpp[DP],dns_dpp[DP],dns_dpp[DP],dns_dpp[DP],dns_dpp[DP],dns_dpp[DP],dns_dpp[DP],dns_dpp[DP],dns_dpp[DP],dns_dpp[DP],dns_dpp[DP],dns_dpp[DP],dns_dpp[DP],dns_dpp[DP],dns_dpp[DP],dns_dpp[DP],loo_ptest[DP],loo_ptest[DP],loo_ptest[DP],loo_ptest[DP],loo_ptest[DP],loo_ptest[DP],loo_ptest[DP],loo_ptest[DP],loo_ptest[DP],loo_ptest[DP],loo_ptest[DP],loo_ptest[DP],loo_ptest[DP],loo_ptest[DP],loo_ptest[DP],loo_ptest[DP],loo_ptest[DP],loo_ptest[DP],loo_ptest[DP],loo_ptest[DP],loo_ptest[DP],loo_ptest[DP],loo_ptest[DP],loo_ptest[DP],node2vec_dpp[DP],node2vec_dpp[DP],node2vec_dpp[DP],node2vec_dpp[DP],node2vec_dpp[DP],node2vec_dpp[DP],node2vec_dpp[DP],node2vec_dpp[DP],node2vec_dpp[DP],node2vec_dpp[DP],node2vec_dpp[DP],node2vec_dpp[DP],node2vec_dpp[DP],node2vec_dpp[DP],node2vec_dpp[DP],node2vec_dpp[DP],node2vec_dpp[DP],node2vec_dpp[DP],node2vec_dpp[DP],node2vec_dpp[DP],node2vec_dpp[DP],node2vec_dpp[DP],node2vec_dpp[DP],node2vec_dpp[DP],node2vec_dpp[DP],node2vec_dpp[DP],node2vec_dpp[DP],node2vec_dpp[DP],node2vec_dpp[DP],node2vec_dpp[DP],node2vec_dpp[DP],node2vec_dpp[DP],rw_dpp[DP],rw_dpp[DP],rw_dpp[DP],rw_dpp[DP],rw_dpp[DP],rw_dpp[DP],rw_dpp[DP],rw_dpp[DP],rw_dpp[DP],rw_dpp[DP],rw_dpp[DP],rw_dpp[DP],rw_dpp[DP],rw_dpp[DP],rw_dpp[DP],rw_dpp[DP],rw_dpp[DP],rw_dpp[DP],rw_dpp[DP],rw_dpp[DP],rw_dpp[DP],rw_dpp[DP],rw_dpp[DP],rw_dpp[DP],rw_dpp[DP],rw_dpp[DP],rw_dpp[DP],rw_dpp[DP],rw_dpp[DP],rw_dpp[DP],rw_dpp[DP],rw_dpp[DP],subgraph_metrics[DP],subgraph_metrics[DP],subgraph_metrics[DP],subgraph_metrics[DP],subgraph_metrics[DP],subgraph_metrics[DP],subgraph_metrics[DP],subgraph_metrics[DP],subgraph_metrics[DP],subgraph_metrics[DP],subgraph_metrics[DP],subgraph_metrics[DP],subgraph_metrics[DP],subgraph_metrics[DP],subgraph_metrics[DP],subgraph_metrics[DP],subgraph_metrics[DP],subgraph_metrics[DP],subgraph_metrics[DP],subgraph_metrics[DP],subgraph_metrics[DP],subgraph_metrics[DP],subgraph_metrics[DP],subgraph_metrics[DP]
,AUROC,AUROC,AUROC,AUROC,AUROC,AUROC,AUROC,AUROC,Mean Average Precision,Mean Average Precision,Mean Average Precision,Mean Average Precision,Mean Average Precision,Mean Average Precision,Mean Average Precision,Mean Average Precision,Recall-at-100,Recall-at-100,Recall-at-100,Recall-at-100,Recall-at-100,Recall-at-100,Recall-at-100,Recall-at-100,Recall-at-25,Recall-at-25,Recall-at-25,Recall-at-25,Recall-at-25,Recall-at-25,Recall-at-25,Recall-at-25,AUROC,AUROC,AUROC,AUROC,AUROC,AUROC,AUROC,AUROC,Mean Average Precision,Mean Average Precision,Mean Average Precision,Mean Average Precision,Mean Average Precision,Mean Average Precision,Mean Average Precision,Mean Average Precision,Recall-at-100,Recall-at-100,Recall-at-100,Recall-at-100,Recall-at-100,Recall-at-100,Recall-at-100,Recall-at-100,Recall-at-25,Recall-at-25,Recall-at-25,Recall-at-25,Recall-at-25,Recall-at-25,Recall-at-25,Recall-at-25,AUROC,AUROC,AUROC,AUROC,AUROC,AUROC,AUROC,AUROC,Mean Average Precision,Mean Average Precision,Mean Average Precision,Mean Average Precision,Mean Average Precision,Mean Average Precision,Mean Average Precision,Mean Average Precision,Recall-at-100,Recall-at-100,Recall-at-100,Recall-at-100,Recall-at-100,Recall-at-100,Recall-at-100,Recall-at-100,Recall-at-25,Recall-at-25,Recall-at-25,Recall-at-25,Recall-at-25,Recall-at-25,Recall-at-25,Recall-at-25,disease_size,disease_size,disease_size,disease_size,disease_size,disease_size,disease_size,disease_size,pvalue_COMP,pvalue_COMP,pvalue_COMP,pvalue_COMP,pvalue_COMP,pvalue_COMP,pvalue_COMP,pvalue_COMP,pvalue_DNS,pvalue_DNS,pvalue_DNS,pvalue_DNS,pvalue_DNS,pvalue_DNS,pvalue_DNS,pvalue_DNS,AUROC,AUROC,AUROC,AUROC,AUROC,AUROC,AUROC,AUROC,Mean Average Precision,Mean Average Precision,Mean Average Precision,Mean Average Precision,Mean Average Precision,Mean Average Precision,Mean Average Precision,Mean Average Precision,Recall-at-100,Recall-at-100,Recall-at-100,Recall-at-100,Recall-at-100,Recall-at-100,Recall-at-100,Recall-at-100,Recall-at-25,Recall-at-25,Recall-at-25,Recall-at-25,Recall-at-25,Recall-at-25,Recall-at-25,Recall-at-25,AUROC,AUROC,AUROC,AUROC,AUROC,AUROC,AUROC,AUROC,Mean Average Precision,Mean Average Precision,Mean Average Precision,Mean Average Precision,Mean Average Precision,Mean Average Precision,Mean Average Precision,Mean Average Precision,Recall-at-100,Recall-at-100,Recall-at-100,Recall-at-100,Recall-at-100,Recall-at-100,Recall-at-100,Recall-at-100,Recall-at-25,Recall-at-25,Recall-at-25,Recall-at-25,Recall-at-25,Recall-at-25,Recall-at-25,Recall-at-25,Conductance of Disease Nodes,Conductance of Disease Nodes,Conductance of Disease Nodes,Conductance of Disease Nodes,Conductance of Disease Nodes,Conductance of Disease Nodes,Conductance of Disease Nodes,Conductance of Disease Nodes,Conductance of Intermediate Nodes,Conductance of Intermediate Nodes,Conductance of Intermediate Nodes,Conductance of Intermediate Nodes,Conductance of Intermediate Nodes,Conductance of Intermediate Nodes,Conductance of Intermediate Nodes,Conductance of Intermediate Nodes,Density of Disease Subgraph,Density of Disease Subgraph,Density of Disease Subgraph,Density of Disease Subgraph,Density of Disease Subgraph,Density of Disease Subgraph,Density of Disease Subgraph,Density of Disease Subgraph
,count,mean,std,min,25%,50%,75%,max,count,mean,std,min,25%,50%,75%,max,count,mean,std,min,25%,50%,75%,max,count,mean,std,min,25%,50%,75%,max,count,mean,std,min,25%,50%,75%,max,count,mean,std,min,25%,50%,75%,max,count,mean,std,min,25%,50%,75%,max,count,mean,std,min,25%,50%,75%,max,count,mean,std,min,25%,50%,75%,max,count,mean,std,min,25%,50%,75%,max,count,mean,std,min,25%,50%,75%,max,count,mean,std,min,25%,50%,75%,max,count,mean,std,min,25%,50%,75%,max,count,mean,std,min,25%,50%,75%,max,count,mean,std,min,25%,50%,75%,max,count,mean,std,min,25%,50%,75%,max,count,mean,std,min,25%,50%,75%,max,count,mean,std,min,25%,50%,75%,max,count,mean,std,min,25%,50%,75%,max,count,mean,std,min,25%,50%,75%,max,count,mean,std,min,25%,50%,75%,max,count,mean,std,min,25%,50%,75%,max,count,mean,std,min,25%,50%,75%,max,count,mean,std,min,25%,50%,75%,max,count,mean,std,min,25%,50%,75%,max,count,mean,std,min,25%,50%,75%,max
"(u'data', u'class')",,,,,,,,,,,,,,,,,,,,,,,,,,,,,,,,,,,,,,,,,,,,,,,,,,,,,,,,,,,,,,,,,,,,,,,,,,,,,,,,,,,,,,,,,,,,,,,,,,,,,,,,,,,,,,,,,,,,,,,,,,,,,,,,,,,,,,,,,,,,,,,,,,,,,,,,,,,,,,,,,,,,,,,,,,,,,,,,,,,,,,,,,,,,,,,,,,,,,,,,,,,,,,,,
acquired metabolic ,16.0,0.7437590858584375,0.10912791237047482,0.480602380731,0.7082752774365,0.77036252888,0.819807433721,0.8626160925949999,16.0,0.011235740821881625,0.017212342877790124,0.00021171555339099995,0.0016966069412025003,0.004221276664825,0.0091590365736875,0.055984908245099996,16.0,0.09777514499384375,0.1157376897835144,0.0,0.018750000000000003,0.0595238095238,0.15,0.444444444444,16.0,0.025063797313778124,0.03832646150819949,0.0,0.0,0.0,0.034999999999975,0.102222222222,16.0,0.532614865478325,0.038485330743452964,0.4930342713847867,0.5070625409566915,0.522285729938256,0.5486165690296813,0.6328567213318425,16.0,0.010292144154730468,0.017093297433694744,4.640801930573604e-05,0.0003882645421266078,0.001964368160345258,0.008985721246181903,0.055631717486918295,16.0,0.04911401098901099,0.060638032154540056,0.0,0.0,0.023392857142857146,0.09375,0.1911111111111111,16.0,0.027737713675213674,0.0377105931405688,0.0,0.0,0.010096153846153847,0.04166666666666667,0.115,16.0,0.6500777729327138,0.08552446085726272,0.4878053311043001,0.566737060602038,0.661554832477343,0.7008672553492498,0.7949127220772767,16.0,0.0031744804015950727,0.004728344803088417,0.00010679597935782236,0.0009942156080154055,0.0020015403307762428,0.002791861784869932,0.019960534480118832,16.0,0.04382879273504273,0.07571876235439236,0.0,0.0,0.012019230769230772,0.052777777777777785,0.2544444444444444,16.0,0.0027083333333333334,0.008344128809930238,0.0,0.0,0.0,0.0,0.03222222222222222,16.0,63.375,64.43381617339351,10.0,21.25,39.0,84.0,258.0,16.0,0.12,0.24011108540284712,0.0,0.0,0.0,0.05,0.78,16.0,0.625,0.5,0.0,0.0,1.0,1.0,1.0,16.0,0.6982706458748711,0.10410140325333865,0.4969035792210205,0.6366179983761642,0.7074203830731668,0.7857402194447247,0.8607218287986086,16.0,0.004591658095905678,0.006499120057431618,0.00026965051035749067,0.0007836324331449726,0.002493378862360514,0.004828115603453587,0.0264736401274537,16.0,0.047723099816849815,0.05360885527865396,0.0,0.009375000000000001,0.029166666666666667,0.06652777777777778,0.1922222222222222,16.0,0.014000114468864469,0.024597599908356315,0.0,0.0,0.003846153846153847,0.016607142857142855,0.09666666666666664,16.0,0.764140309672589,0.094896243219802,0.5211665273520945,0.7521088921818222,0.7853560445531329,0.8257055721021642,0.8710678980832599,16.0,0.008921104879909776,0.007344866382192891,0.0002575805800269631,0.004192198707031125,0.007403756071843681,0.011699058224589724,0.02322577183704569,16.0,0.09886824633699633,0.09324532324566918,0.0,0.03125,0.06775793650793652,0.12833333333333335,0.3,16.0,0.03984851953601953,0.05143942991788134,0.0,0.002884615384615385,0.022976190476190476,0.05291666666666667,0.2,16.0,0.9631746044969224,0.026926313649270756,0.880362062180244,0.9584826929590375,0.969363141151111,0.9811968673576335,0.9838709677419356,16.0,0.7957321857013813,0.1584340772825639,0.4977779709815383,0.6732747231754677,0.8335365753437063,0.9413856782147056,0.9870815138282388,16.0,0.05683037865716926,0.03721779825680547,0.012336741772991886,0.028311064228785748,0.044718502034322156,0.07216880341880343,0.13636363636363635
benign neoplasm,10.0,0.8291172602232001,0.08343114195843136,0.730315125075,0.7634781393630001,0.8117899530370001,0.89308350835025,0.953552698752,10.0,0.030418263464485996,0.03678761799337437,0.00746777606326,0.011613226374825002,0.017928993343849998,0.022948782134049998,0.12885089027799998,10.0,0.21321428571426998,0.13106590798073883,0.06666666666669999,0.1,0.195238095238,0.3,0.4,10.0,0.11809523809523,0.09646824580648779,0.0333333333333,0.05,0.08214285714285,0.17500000000000002,0.3,10.0,0.5629461823434713,0.04379361438332116,0.5055354239256677,0.5430371856372178,0.54361100990562,0.5881892891653773,0.6442172924305007,10.0,0.014440426802715522,0.019859306587178487,0.00031178223813775965,0.0013881753711535764,0.005133822113622193,0.01782147547436314,0.05055046786744675,10.0,0.10261904761904764,0.07557997804564845,0.0,0.037500000000000006,0.1,0.17738095238095242,0.2,10.0,0.06,0.06488356142513971,0.0,0.004166666666666667,0.04166666666666667,0.1,0.2,10.0,0.7218255748884436,0.09616412538742056,0.5851510651134728,0.6513615422272943,0.7305509881562857,0.7761411482358027,0.8992203090917529,10.0,0.0017031631868584622,0.001816029810168248,0.0004902010778205274,0.0006433316291889489,0.0009818596588993327,0.0016073886053449755,0.006353284867887829,10.0,0.04,0.08432740427115679,0.0,0.0,0.0,0.0,0.2,10.0,0.005,0.015811388300841896,0.0,0.0,0.0,0.0,0.05,10.0,25.8,16.585133905599516,10.0,15.0,22.5,30.25,65.0,10.0,0.013000000000000001,0.025841396591085742,0.0,0.0,0.0,0.015,0.08,10.0,0.302,0.48170530410199963,0.0,0.0,0.0,0.755,1.0,10.0,0.7395141346611696,0.05748133585033149,0.620032840722496,0.7162386909274294,0.732449993038474,0.7799475331035703,0.8208789933135214,10.0,0.004185193576648903,0.004813098278888203,0.0004593857694940908,0.001728000678938991,0.0027530640844574024,0.004553781168297616,0.017235981964946242,10.0,0.08119047619047617,0.06446135128918501,0.0,0.033928571428571426,0.08333333333333333,0.11249999999999999,0.2,10.0,0.02226190476190476,0.03246240339477004,0.0,0.0,0.007142857142857142,0.03125,0.1,10.0,0.8562128210638734,0.06975030769594086,0.7532051877661633,0.8053812913719147,0.8456699024658856,0.8924940214980144,0.9720610757878128,10.0,0.020431424766872024,0.032573218997741,0.0009185075200552393,0.002368658729446929,0.008294614103741415,0.019132777951286817,0.10653059751589766,10.0,0.18761904761904763,0.15791377358907246,0.0,0.054166666666666675,0.12976190476190474,0.33749999999999997,0.4,10.0,0.07559523809523809,0.08783611612281385,0.0,0.00625,0.04047619047619048,0.1,0.25,10.0,0.9792152774334154,0.007530184208325733,0.9634247714048212,0.9762451583504216,0.9817166700678792,0.9847468942296529,0.9868938401048492,10.0,0.8143119796456725,0.1060687398351871,0.6000938012975846,0.7645518628186632,0.8363708982990159,0.8863266760911986,0.9423862843472772,10.0,0.12290742809351822,0.09610066794028793,0.05241935483870968,0.05972026638502611,0.10793650793650794,0.1289010989010989,0.37777777777777777
cancer,62.0,0.8245392445822742,0.0687799711598517,0.554356681723,0.791801749605,0.825930234247,0.8708006661855,0.9674255082150001,62.0,0.03702324033752078,0.048472738123014454,0.000507782661945,0.011782346618775003,0.01968883477125,0.038774756213975,0.291651540696,62.0,0.1874649924924339,0.1340848408839168,0.0,0.09340659340655001,0.158333333333,0.25,0.6,62.0,0.10612434579833709,0.10031432290934612,0.0,0.043333333333324994,0.06944444444445,0.14375,0.5,62.0,0.5813469531626378,0.05604287006519478,0.493031035123583,0.5433673143737457,0.5689688412156755,0.6142534897217148,0.7456455132073722,62.0,0.014481564262853318,0.0258936993569846,5.105075966009834e-05,0.0026252261308609068,0.006831668473172653,0.013538958071285658,0.16185816259569036,62.0,0.11031963156191023,0.09368090428092547,0.0,0.038125,0.09833333333333333,0.15,0.4,62.0,0.052777432854646304,0.06659371750311328,0.0,0.0,0.03333333333333333,0.06666666666666668,0.35,62.0,0.7093577530905325,0.0804897010107363,0.566701095534305,0.6625877251706402,0.7026289853553174,0.7520781399263332,0.9486552028218694,62.0,0.0015479786893573433,0.0012718280430626472,0.00019440173152051598,0.0007907984298092907,0.0012661368444245704,0.0016837993704259323,0.007597043326624589,62.0,0.01911290322580645,0.042962333379711365,0.0,0.0,0.0,0.00375,0.15,62.0,0.0008064516129032258,0.006350006350009527,0.0,0.0,0.0,0.0,0.05,62.0,52.88709677419355,74.72684790616074,9.0,15.0,26.5,61.5,474.0,62.0,0.03209677419354839,0.11593012447123219,0.0,0.0,0.0,0.0,0.75,62.0,0.3388709677419354,0.47701979489019203,0.0,0.0,0.0,1.0,1.0,62.0,0.7390494375458928,0.0905480929366016,0.5075284120207083,0.6817866912114061,0.7375893184670139,0.8096652589343224,0.9175113710201429,62.0,0.007176071208950197,0.014046901491306534,0.00013995760267646523,0.0012759157030130053,0.002736300441187507,0.006314784941997999,0.0694157517961809,62.0,0.05228427400784984,0.06765519680936687,0.0,0.0,0.03333333333333333,0.07232142857142856,0.4,62.0,0.02357886827387514,0.05135272274323323,0.0,0.0,0.0,0.02946428571428572,0.35,62.0,0.8342538567029334,0.06738570877971002,0.6243167708268877,0.7995888346066242,0.8347418456535767,0.8735233746573545,0.9874431448992852,62.0,0.015022991050197401,0.019863196786277022,0.0008874780742899012,0.003875634426671091,0.006348135182075718,0.011876568806073708,0.10056706301372756,62.0,0.1320991101383174,0.1293949572089243,0.0,0.05133928571428572,0.09833333333333333,0.2,0.6,62.0,0.05411140025802003,0.08331937254858818,0.0,0.0,0.02305555555555556,0.054017857142857145,0.4,62.0,0.974225190159836,0.013897304589148651,0.9080218395632088,0.9692773611303069,0.9748606260234167,0.9836351249257714,0.9953161592505856,62.0,0.7362861936293624,0.15813787396992665,0.4323956823327863,0.6031893526509509,0.7619057790124351,0.8575464184489939,0.9689193334014928,62.0,0.11160728801082108,0.08659827551876502,0.01367516792892124,0.05843325791855204,0.08948717948717949,0.14268774703557313,0.5111111111111111
cardiovascular system ,48.0,0.797427003551021,0.08231841637645126,0.530945419103,0.765229624861,0.8138114723700001,0.8505588754605,0.913447971781,48.0,0.02427669642304225,0.03182278047670305,0.00021803054899400002,0.0045322781387299995,0.0111193337389,0.022809131900574993,0.106754403533,48.0,0.16119748707129583,0.16919646542694827,0.0,0.037803030303025,0.10833333333350001,0.209375,0.8,48.0,0.077533167263775,0.10199728940909268,0.0,0.0,0.032467532467500004,0.1,0.4,48.0,0.5545843794503823,0.08189760480066897,0.4930294158650496,0.4995365832938249,0.5289684058547415,0.5702009712127202,0.9467093660076118,48.0,0.015333158606809033,0.024427791549344425,4.640801930573604e-05,0.00035700873867687034,0.0024100801635382517,0.018237040262739944,0.07526100589431464,48.0,0.08742434380143559,0.1326583448173838,0.0,0.0,0.03333333333333333,0.11770833333333333,0.7,48.0,0.059568517170887854,0.09322649888087729,0.0,0.0,0.012438423645320195,0.08611111111111111,0.31666666666666665,48.0,0.6652574705810057,0.09066160272791499,0.4877796342708624,0.6016744110665788,0.663236221553795,0.7108647133315419,0.8971456418824839,48.0,0.002817533094469636,0.005042086861738436,4.640801930573604e-05,0.0009136821308901858,0.0015945217644061157,0.002743738839004673,0.034244535812334,48.0,0.05618303571428571,0.12415644930876898,0.0,0.0,0.0,0.05625000000000001,0.7,48.0,0.009027777777777777,0.04429088424391591,0.0,0.0,0.0,0.0,0.3,48.0,45.729166666666664,53.13521074172357,10.0,13.0,22.5,60.0,288.0,48.0,0.04229166666666667,0.13974505028091042,0.0,0.0,0.0,0.0,0.83,48.0,0.6045833333333334,0.4936919460439399,0.0,0.0,1.0,1.0,1.0,48.0,0.743827676108323,0.09217686293908083,0.5148491179201485,0.691693919825653,0.7522519684546546,0.80113909453024,0.923266499582289,48.0,0.010902016710303658,0.01814202608567387,0.0002503866261521365,0.0013264248531366363,0.003348586526124313,0.009059849254778457,0.07614492409125871,48.0,0.09916347122704881,0.14133636243209052,0.0,0.0,0.045751231527093594,0.12743055555555555,0.7,48.0,0.040486510217113664,0.08609856017864749,0.0,0.0,0.0,0.037500000000000006,0.5,48.0,0.8116665737821028,0.06870753388963553,0.6277870602432006,0.7770275835742402,0.8104024596947936,0.8514535845694841,0.9471966954423096,48.0,0.009681846259232367,0.015373159368549633,0.0003777469883607485,0.0023922399954261573,0.004624626277327993,0.009692718635829555,0.08211193146402454,48.0,0.13132895332026925,0.14789849397936652,0.0,0.04145833333333333,0.07525252525252527,0.2,0.65,48.0,0.04188253910933931,0.06947910212948516,0.0,0.0,0.0029411764705882357,0.05,0.3,48.0,0.9707151682856484,0.012585157507941123,0.9294339622641509,0.9608743147774704,0.9721104175983719,0.9804931117479952,0.9917483238782878,48.0,0.8139094752196371,0.16169081133664218,0.4409144354683031,0.6730119179196635,0.8706880477555496,0.9448370693710171,0.990344383649823,48.0,0.089953294173837,0.07410515052452898,0.016357206012378427,0.03132802157192401,0.06666666666666668,0.11288998357963875,0.2909090909090909
cognitive disorder,12.0,0.754304111972,0.08151659192179317,0.591417962404,0.7009141510282499,0.7633999386275001,0.79972435597475,0.896367392414,12.0,0.011230552819966669,0.005947753401558672,0.00230498475589,0.007041067012529999,0.0114625639727,0.014199587738650002,0.0228693932024,12.0,0.10028663806585834,0.06247651758125476,0.027999999999999997,0.05666369047622499,0.09754901960785001,0.10625000000000001,0.233333333333,12.0,0.041597863945125,0.038773361683494885,0.0,0.015839285714300003,0.02699673202615,0.0625,0.1,12.0,0.5268372645556891,0.02472303944957055,0.4930355650478225,0.5155324538627826,0.5236199020173,0.5388212185738757,0.5858303151312532,12.0,0.006229471783513713,0.008048382884162299,5.569393093524347e-05,0.0010767699053416079,0.004616362234630664,0.008230041282016742,0.02894797745071805,12.0,0.04155886233359323,0.049653434913576024,0.0,0.015,0.029017857142857144,0.05066666666666667,0.18333333333333326,12.0,0.023098167044595618,0.03839617421533412,0.0,0.0,0.010166666666666668,0.024847222222222215,0.13333333333333333,12.0,0.6563414223245969,0.07514967818022407,0.4924065908563472,0.606824420447323,0.6851498325870162,0.7090127609451393,0.7460041316559118,12.0,0.0024055475697061356,0.002231104785388099,5.569393093524347e-05,0.0008230573564473299,0.0019110641268856345,0.003066832477516712,0.008052579988668256,12.0,0.013813586545729404,0.03056800318611443,0.0,0.0,0.0010416666666666667,0.004482001133786847,0.1,12.0,0.00017006802721088434,0.000589132927744516,0.0,0.0,0.0,0.0,0.002040816326530612,12.0,189.58333333333334,284.01070989195694,12.0,18.5,34.0,247.0,961.0,12.0,0.06916666666666667,0.17233468143192307,0.0,0.0,0.0,0.015,0.59,12.0,0.4166666666666667,0.5149286505444373,0.0,0.0,0.0,1.0,1.0,12.0,0.7318219379884398,0.09544152880650494,0.5079557061937041,0.703270452087655,0.7493698424009996,0.7974819269992899,0.841687943920895,12.0,0.01643698243597983,0.01854766482590454,0.00025275673945369704,0.004568507693669469,0.009635870776973381,0.02046649175626963,0.05318347245485668,12.0,0.06689033371080393,0.061437443025857,0.0,0.03572661564625851,0.049416666666666664,0.07524509803921568,0.2,12.0,0.032880361866969014,0.033467161893447714,0.0,0.009374999999999998,0.01620578231292517,0.05,0.1,12.0,0.775663337258249,0.06120315520674695,0.6700046414481318,0.7349790965842246,0.7756883079786125,0.823167975126064,0.8666078640731628,12.0,0.010334669930273398,0.005686668296664854,0.0006398842029918168,0.0072490476736589956,0.011233379164440727,0.013699609291310904,0.01964881458022792,12.0,0.07708695531477196,0.0722197134327839,0.0,0.03381953941370363,0.045,0.15,0.2,12.0,0.04170117630385487,0.04715284507218898,0.0,0.007154336734693878,0.0165,0.0625,0.13333333333333333,12.0,0.9570631421308039,0.03581013030584422,0.871062027119522,0.9411490926596665,0.9758954533439068,0.9823470899099936,0.9898595943837754,12.0,0.7545812283769407,0.19170351508166858,0.4693038787567429,0.5945661084262828,0.806440164098819,0.9121579378623073,0.9549472787304292,12.0,0.05776691198608041,0.052099661915626164,0.007555064169268123,0.016010151107166345,0.03856566820276498,0.08530056759545923,0.16666666666666666
endocrine system ,27.0,0.778639873572037,0.09620306730116124,0.592257787475,0.71558977562,0.753284471499,0.8659178046614999,0.978215960262,27.0,0.04883238090406651,0.10322299835881785,0.000193085977665,0.00211651928109,0.007336736885899999,0.03270359701765,0.402792787504,27.0,0.1846988402544037,0.2421004492651105,0.0,0.01,0.102777777778,0.225,0.95,27.0,0.13014403292180002,0.20430827361939669,0.0,0.0,0.05,0.1916666666665,0.75,27.0,0.5663020027768758,0.09062926851177483,0.4930339478939302,0.5183826260562727,0.5434589851910312,0.5689682098984377,0.8731604846571654,27.0,0.05431713150230309,0.1252372160666501,5.105075966009834e-05,0.0010606636840791838,0.012551052698223836,0.04151333833114562,0.4954143589684916,27.0,0.11732510288065844,0.17992981887593668,0.0,0.008333333333333333,0.06944444444444445,0.1275,0.75,27.0,0.0973045267489712,0.1833933923707044,0.0,0.0,0.04722222222222222,0.1,0.75,27.0,0.660251965788929,0.11276705057778814,0.4837853527144382,0.5896104668776287,0.634719192388025,0.6906956099070687,0.9726324218931344,27.0,0.007960879583359887,0.014237200530828234,0.00011144389502420296,0.0008807160332812319,0.001748688119324276,0.0034975781977228974,0.052844298588641724,27.0,0.11261036288814068,0.20923566888104284,0.0,0.0,0.03333333333333333,0.1,0.85,27.0,0.04623456790123458,0.10527496820251789,0.0,0.0,0.0,0.014166666666666668,0.4,27.0,26.85185185185185,24.907063724209312,11.0,14.0,18.0,24.0,119.0,27.0,0.06999999999999999,0.18650634140590336,0.0,0.0,0.0,0.025,0.83,27.0,0.7037037037037037,0.4653216269680752,0.0,0.0,1.0,1.0,1.0,27.0,0.7108279832606006,0.1275709503606819,0.4973661004362758,0.6354300735083832,0.704447539461467,0.8049789605365734,0.9815468176964858,27.0,0.02992397236419713,0.10811415778459232,0.00019764425580385083,0.001225617113382889,0.0025890188596879786,0.0050501697222227904,0.5467986749377083,27.0,0.11990740740740742,0.19445111404922766,0.0,0.02,0.05,0.125,0.8,27.0,0.05915637860082305,0.17310878579146388,0.0,0.0,0.0,0.01111111111111111,0.7,27.0,0.8004666153441897,0.09116048341546741,0.5752751079537539,0.74397529184635,0.7785998814939014,0.8687097276425246,0.9787219720532938,27.0,0.03853259428154505,0.10175119195926545,0.0004015301258639008,0.0033240289213634262,0.0060409551380214135,0.015743170955358165,0.4726729936273572,27.0,0.18265151515151515,0.21735392432751088,0.0,0.05,0.1,0.20833333333333331,0.85,27.0,0.0958744855967078,0.15321272011513587,0.0,0.0,0.05,0.09166666666666667,0.6,27.0,0.9646964415941405,0.030890414706600085,0.8588235294117647,0.9635153531992133,0.9726333426417202,0.9792291724445117,0.9857549857549858,27.0,0.9051391169072529,0.10043268349035911,0.5398611930881485,0.9026203941777043,0.9345159246673962,0.9629875599835167,0.9862859289874132,27.0,0.10016258272354926,0.07164360057371731,0.0189431704885344,0.05,0.09057971014492754,0.11813186813186814,0.3
gastrointestinal system ,44.0,0.7650249359468181,0.09630309324233143,0.513243826587,0.7151655791065,0.7715701647065001,0.8265416317705001,0.945378151261,44.0,0.04483990605788347,0.06987734592784592,0.00011194251616299998,0.0026155934991549997,0.01488050135625,0.046720661744275,0.28262698783100004,44.0,0.1978083091151387,0.1868144581136068,0.0,0.05714285714285,0.12546703296700001,0.31666666666675,0.65,44.0,0.10920568068296817,0.1379286104611055,0.0,0.0,0.03875,0.2,0.45,44.0,0.5501054195384258,0.059164413820945935,0.4930336243730261,0.5030985298328161,0.526567103066188,0.5935564176491996,0.6949765541575748,44.0,0.020324300923535776,0.03609463303320391,4.640801930573604e-05,0.0003560935900085308,0.0026398944093115294,0.02383835649060402,0.14898505730966022,44.0,0.09026850043895497,0.10850732315402982,0.0,0.0,0.036217948717948714,0.1583333333333333,0.36666666666666653,44.0,0.0656140072049163,0.09624925746570565,0.0,0.0,0.014285714285714284,0.11250000000000002,0.35,44.0,0.664376445520417,0.08993509779162753,0.4870161514898357,0.6050504910680534,0.6650343586519978,0.7189150701220961,0.8217953479734434,44.0,0.003963885089930421,0.004628763627082571,4.640801930573604e-05,0.0011795262696755325,0.0021636669903848773,0.004021841378810389,0.02072498478200483,44.0,0.08468871406371406,0.09424207795742293,0.0,0.0,0.05833333333333334,0.15,0.3083333333333333,44.0,0.018257575757575757,0.04204395777894419,0.0,0.0,0.0,0.0,0.2,44.0,36.84090909090909,35.246601803425214,10.0,15.0,21.0,39.25,139.0,44.0,0.05863636363636364,0.19359020383022352,0.0,0.0,0.0,0.0125,0.96,44.0,0.6136363636363636,0.49254484347415606,0.0,0.0,1.0,1.0,1.0,44.0,0.7235085647593963,0.12487810492726806,0.2458294652803565,0.6640925095424326,0.7452267132243068,0.8041423350367827,0.902536551404038,44.0,0.010059403241076176,0.017650148680104772,9.499921686075727e-05,0.00136954278832577,0.002492218310977343,0.00842288631710185,0.0901216005586922,44.0,0.08447073759573759,0.10355725261352401,0.0,0.0,0.05,0.10375000000000001,0.45,44.0,0.03193334443334443,0.06436075588057698,0.0,0.0,0.0,0.05,0.35,44.0,0.7921006340542316,0.0873890380842493,0.5992433385943738,0.7348816360867818,0.812665641787699,0.8616260895818453,0.9434560564557316,44.0,0.0206544445019287,0.03397576478118608,0.00017949493127982348,0.0029272787834495207,0.006299306744652308,0.0275906773669729,0.1686300309625884,44.0,0.15277633351496986,0.14534194125883965,0.0,0.05,0.10208333333333333,0.22499999999999998,0.5,44.0,0.07328435453435454,0.0960610033224715,0.0,0.0,0.018012820512820514,0.13333333333333333,0.35,44.0,0.9699875807397681,0.011413968400036563,0.9399599733155436,0.9648907846996383,0.9722667576326114,0.9777600086379613,0.9865319865319864,44.0,0.8620094532364295,0.13391985525395375,0.4455656191113002,0.8228433565103721,0.9219210847660525,0.9500574615995313,0.9882373291818024,44.0,0.08002802209502889,0.051936739520740016,0.01644880174291939,0.03317057251996257,0.06763869132290184,0.11213450292397659,0.21212121212121213
hematopoietic system ,25.0,0.8337275775829199,0.08181707207240375,0.6832656424060001,0.771079217199,0.8276688807350001,0.9169529566769999,0.98379227614,25.0,0.05168211908485972,0.06349318752116352,0.000422236457563,0.014930477191899999,0.028995189049400003,0.051863358882800005,0.252475425898,25.0,0.30681538461540003,0.22938695908830709,0.0,0.115384615385,0.26,0.4,0.75,25.0,0.16211282051286,0.13862409399806022,0.0,0.06,0.15,0.2,0.55,25.0,0.5961383075488285,0.09783435300772236,0.4930287679509225,0.5265486862681346,0.5684519663834331,0.6364092738814058,0.8223945035049441,25.0,0.029289171327038323,0.051314980778949124,7.427092644376604e-05,0.0019741296213007585,0.00890487276387193,0.037116354201462434,0.2420598231412131,25.0,0.16572820512820513,0.17061970783894292,0.0,0.05333333333333333,0.1,0.25,0.65,25.0,0.08938974358974358,0.1440317205791234,0.0,0.0,0.03333333333333333,0.1,0.65,25.0,0.7250068435197835,0.10620953937686434,0.489468554188907,0.6699259551552853,0.7079943233740689,0.7922987677284353,0.9166569924928409,25.0,0.008024433322562575,0.010864009181499585,5.569393093524347e-05,0.0019462041511145176,0.0032068275441305967,0.009647129593423363,0.04413108953281898,25.0,0.14844102564102563,0.19984677548817778,0.0,0.007692307692307694,0.05,0.2,0.7,25.0,0.036333333333333336,0.09381571770704997,0.0,0.0,0.0,0.03333333333333333,0.45,25.0,35.12,34.19346916201007,11.0,16.0,22.0,40.0,150.0,25.0,0.0192,0.05866003750424987,0.0,0.0,0.0,0.0,0.21,25.0,0.36,0.4898979485566356,0.0,0.0,0.0,1.0,1.0,25.0,0.7980074883645623,0.0846100230043097,0.6812128666914222,0.7282803434671618,0.7737299817241273,0.8480112096861598,0.9648607242339832,25.0,0.017930173509359836,0.028385583334046064,0.0008620114679944854,0.00221980999223343,0.0045939481473675475,0.023602002593133102,0.10413991040520762,25.0,0.17019487179487178,0.22154358115226422,0.0,0.02,0.1,0.2,0.7,25.0,0.07474871794871794,0.12428167193853575,0.0,0.0,0.015384615384615384,0.1,0.4666666666666666,25.0,0.8494719521538304,0.07188847662536611,0.7132658744894169,0.7892829535283334,0.8444532812427328,0.8986404712082461,0.9858888630910921,25.0,0.024791421199265785,0.031459413350201415,0.00039010011342503005,0.007255874737621255,0.016633369476469585,0.025421963743243525,0.1273341291791586,25.0,0.24975384615384616,0.22310387620842492,0.0,0.05833333333333333,0.175,0.3,0.75,25.0,0.10084102564102564,0.12506807854649696,0.0,0.01333333333333333,0.06000000000000001,0.15,0.5,25.0,0.9577201841811036,0.02696818413297947,0.8535211267605634,0.954891304347826,0.9639639639639641,0.9696048632218844,0.9852125693160814,25.0,0.827261324190572,0.14086948530482724,0.5458811766223713,0.7925229918434215,0.8650922031704951,0.9158184319119671,0.9928315412186379,25.0,0.13482182865248454,0.145042267824012,0.014854586129753915,0.05833333333333333,0.08045977011494253,0.16483516483516486,0.6029411764705882
immune system ,21.0,0.8147942873145236,0.07970169274956092,0.6705014945350001,0.75545112782,0.8115725694120001,0.8781194875130001,0.9466784271850001,21.0,0.012701575473750856,0.016710414480871145,0.0006831473203180001,0.00455165351738,0.005833036021089999,0.0143617763116,0.0761627440608,21.0,0.20559678416820476,0.2096062873839518,0.0,0.05833333333330001,0.15,0.3,0.75,21.0,0.05793135435992382,0.07033189281668682,0.0,0.0,0.05,0.097619047619,0.25,21.0,0.5428132730354822,0.052756779805599154,0.4930355650478225,0.4930394431554524,0.5183623491179201,0.5685838790074149,0.6446866295264624,21.0,0.012465300754334673,0.025685265068491576,4.640155909238551e-05,8.820820068435815e-05,0.0020030401654169343,0.005316728289790012,0.1029783028860328,21.0,0.07232529375386518,0.08665241258597967,0.0,0.0,0.03333333333333333,0.10454545454545454,0.3,21.0,0.039430014430014426,0.050915897469806896,0.0,0.0,0.03333333333333333,0.05,0.2,21.0,0.6581363192874233,0.11302132621263433,0.4740171733580877,0.5626293803666743,0.6869080790724315,0.7213893790242694,0.8648159324079663,21.0,0.003442538804292625,0.004121241422627592,5.105075966009834e-05,0.0009378550971185909,0.0021006956541408006,0.00423867722583644,0.017032485613514014,21.0,0.0707276850133993,0.0935318404188562,0.0,0.0,0.05,0.1,0.3,21.0,0.01904761904761905,0.048672863271515265,0.0,0.0,0.0,0.0,0.2,21.0,25.857142857142858,25.26516517714799,7.0,12.0,17.0,22.0,113.0,21.0,0.027142857142857146,0.06993874871220225,0.0,0.0,0.0,0.01,0.3,21.0,0.62,0.4963869458396343,0.0,0.0,1.0,1.0,1.0,21.0,0.7487731578648665,0.10390110774637148,0.5365543488350506,0.677299865260419,0.7495381759108842,0.8099413303611513,0.9550960735171262,21.0,0.01031987163006838,0.016024325477567124,0.00027610665895633213,0.0019577510401096567,0.0033903400770790787,0.008389401762752022,0.05735178575646215,21.0,0.123989898989899,0.10965284079550659,0.0,0.03333333333333333,0.1,0.2,0.35,21.0,0.03775510204081633,0.05184949938359839,0.0,0.0,0.0,0.1,0.15,21.0,0.8315375226458496,0.07112909417708436,0.6978498197473583,0.7867675735908628,0.819539002151736,0.8930540970459088,0.9547258715937048,21.0,0.012858420297100062,0.020867070283789216,0.0004258669834251426,0.002941476937344218,0.007139269649669345,0.012689222012439442,0.09601853308349352,21.0,0.15290661719233148,0.1647742903476295,0.0,0.05,0.1,0.24285714285714285,0.7,21.0,0.07930323644609359,0.09808094059746818,0.0,0.0,0.05,0.1,0.4,21.0,0.9669419135192248,0.015743382380885188,0.9253333333333332,0.9582637729549248,0.9721518987341772,0.9759704251386322,0.9926035502958579,21.0,0.9013075352067026,0.08772760841835464,0.5981835961271315,0.8715758468335788,0.9141064742492996,0.9559065181668795,0.9885112494016276,21.0,0.1088876439413001,0.06275820417497449,0.016783216783216783,0.0735930735930736,0.09090909090909093,0.14285714285714285,0.2380952380952381
inherited metabolic disorder,12.0,0.8628093141369167,0.11720939551957009,0.640289256198,0.79519545320425,0.8586793763310001,0.9789734036084999,0.999721500186,12.0,0.10375093361910669,0.17446205554771335,0.00100825944802,0.008570548217630002,0.04464430202305,0.060640394236099994,0.524283216783,12.0,0.472222222222225,0.3762744896780045,0.0,0.11250000000025001,0.525,0.7458333333332499,1.0,12.0,0.3458333333333334,0.32868923949773077,0.0,0.06666666666665001,0.3333333333335,0.50833333333325,0.9,12.0,0.6585386498489169,0.1569630876458128,0.4930355650478225,0.5349852421221253,0.6195996750986308,0.7360312474323433,0.9493037504641664,12.0,0.15435750641267507,0.29495164443347677,6.0337533191168777e-05,0.001147047952159671,0.04898721311804298,0.07501973311136755,0.9000046414481317,12.0,0.3104166666666667,0.306065059598561,0.0,0.07083333333333333,0.25,0.45416666666666666,0.9,12.0,0.26666666666666666,0.31534813214040835,0.0,0.0,0.2,0.39999999999999997,0.9,12.0,0.75502765130559,0.16224535295663808,0.4939333457111029,0.6387189599923678,0.7618054930274509,0.8342853230637265,0.9987038154474563,12.0,0.03314784989256163,0.038519365342632096,6.0337533191168777e-05,0.002629515758113544,0.01710212312833472,0.057470938713381436,0.12380753750483516,12.0,0.3940277777777777,0.37723573152346945,0.0,0.039999999999999994,0.35,0.6437499999999999,1.0,12.0,0.16458333333333333,0.19930830515824097,0.0,0.0,0.037500000000000006,0.3375,0.55,12.0,22.0,14.422205101855956,11.0,12.75,15.5,26.75,59.0,12.0,0.03166666666666667,0.08757680611724186,0.0,0.0,0.0,0.0,0.3,12.0,0.3333333333333333,0.49236596391733095,0.0,0.0,0.0,1.0,1.0,12.0,0.8415724735325599,0.12437914954069847,0.6183118209675922,0.807017486980628,0.8244465073102808,0.9325606467467655,0.9991969922020052,12.0,0.10764261413816097,0.18686162957842278,0.00026346269620947875,0.0033323129896691323,0.02664631525565686,0.07792304178050573,0.5408904348158009,12.0,0.40138888888888896,0.37480354000822025,0.0,0.08333333333333333,0.275,0.7374999999999999,0.95,12.0,0.24305555555555555,0.30255297001235937,0.0,0.0,0.1,0.43749999999999994,0.85,12.0,0.868919952123821,0.09997467036809739,0.6824206054415451,0.8174703751592727,0.8530261011116106,0.9693004917071469,0.9984357593761604,12.0,0.12724099555203192,0.213059840363793,0.000528200806763661,0.012435485969969729,0.025973664437267435,0.11355295891997293,0.6161950043217439,12.0,0.3840277777777777,0.35530713583378926,0.0,0.05,0.3,0.625,0.9,12.0,0.2201388888888889,0.24488345850456755,0.0,0.04583333333333334,0.1,0.33125000000000004,0.65,12.0,0.92488005162474,0.05792744577321008,0.8202247191011236,0.868142236231049,0.9561003121638992,0.9680375180375181,0.974960876369327,12.0,0.9182342581247699,0.07926081317246594,0.7567708408725736,0.8529131008339342,0.9628046797541145,0.9738161656803365,0.9901071723000824,12.0,0.17352116280317229,0.1494440039979342,0.031560490940970194,0.06362314156431803,0.11553030303030304,0.2469187675070028,0.463768115942029
integumentary system ,22.0,0.7723357884841818,0.11416979827906701,0.405516617156,0.7331634636295,0.797709034236,0.85467442951275,0.908624827736,22.0,0.04036782373664636,0.07384845493613196,0.00010175291252999999,0.002549065632775,0.013752353620849998,0.0399936264445,0.33432865244800003,22.0,0.20574675324680003,0.17203053632549184,0.0,0.036607142857150006,0.2,0.29166666666675,0.55,22.0,0.10834415584415909,0.1337346664279887,0.0,0.00625,0.06666666666669999,0.14583333333325,0.55,22.0,0.5562943153759133,0.061313473497591094,0.49303297724105893,0.5008228235230121,0.543346230226927,0.6032373223056879,0.6704664655372475,22.0,0.02796663398296219,0.05903588487777579,6.0337533191168777e-05,0.0004906144994008716,0.0032694860269195285,0.021063843446038014,0.2583658217469128,22.0,0.10569264069264067,0.12136245830564386,0.0,0.0,0.07166666666666668,0.14833333333333332,0.35,22.0,0.06964646464646465,0.10164050397090087,0.0,0.0,0.016666666666666666,0.10666666666666666,0.35,22.0,0.6718895153333903,0.09234124247489385,0.4886743408837727,0.5989357922551081,0.691895367752809,0.7475056358926219,0.7962771322333256,22.0,0.004656420302377194,0.006059457018960837,6.0337533191168777e-05,0.0011858311757616084,0.0016260932449654922,0.0047863592317959145,0.022969310779663712,22.0,0.08022727272727273,0.11218537022491719,0.0,0.0,0.03111111111111111,0.14027777777777778,0.45,22.0,0.029924242424242423,0.055792693745011765,0.0,0.0,0.0,0.037500000000000006,0.15833333333333333,22.0,33.68181818181818,24.280869137257138,9.0,18.5,25.0,40.0,92.0,22.0,0.10181818181818181,0.20518601000384673,0.0,0.0,0.0,0.015,0.64,22.0,0.5945454545454546,0.4989677656611008,0.0,0.0,1.0,1.0,1.0,22.0,0.7218407833992111,0.11824582184106168,0.3900389899740066,0.6915377190863443,0.7227091556381084,0.7801541079900486,0.901427245300534,22.0,0.012151811458143598,0.022579944749824464,9.742689146789504e-05,0.0015767612831359384,0.00407673456644862,0.00844218493528229,0.09700505205177663,22.0,0.1068037518037518,0.14239753306253422,0.0,0.0,0.05,0.14583333333333331,0.55,22.0,0.06006854256854257,0.11808607472905637,0.0,0.0,0.02111111111111111,0.08750000000000001,0.55,22.0,0.7991321392359926,0.09782639272112315,0.4892765967322689,0.7690753458943252,0.82532813437626,0.8676372939506086,0.9181742237898548,22.0,0.02383423779794266,0.05443600045180991,0.00015482439732132964,0.0037560686361370055,0.010677892004353215,0.01940198535689157,0.2629310999240007,22.0,0.17915584415584415,0.13403582205579606,0.0,0.0744047619047619,0.15833333333333333,0.23124999999999998,0.45,22.0,0.09136363636363636,0.10302404747629945,0.0,0.016666666666666663,0.05,0.11875,0.4,22.0,0.9711368339903782,0.015325404259937636,0.9382080329557158,0.9644115362365581,0.9724429790492615,0.9807033138956052,0.9964726631393298,22.0,0.8493566321737869,0.12112226135603438,0.5413683582864489,0.7902880996511052,0.8637146912565763,0.9384343525244394,0.989137634123725,22.0,0.08807841922211199,0.07713078940382606,0.01282051282051282,0.03455368161250514,0.06151013620525815,0.12753912753912752,0.2888888888888889
monogenic ,17.0,0.834288658523647,0.09756567637773696,0.653615352485,0.785853567947,0.815740740741,0.928634779201,0.995854802024,17.0,0.08708017871335959,0.12974830125858897,0.000573518341463,0.009127538507719999,0.025283449187599998,0.12060485356899998,0.40112602300300004,17.0,0.32594771241829407,0.26770780297584973,0.0,0.1,0.25,0.5,0.95,17.0,0.22882352941176468,0.21846271985703206,0.0,0.025,0.2,0.33333333333299997,0.616666666667,17.0,0.5732939252979558,0.09336322731070484,0.4930352416771139,0.5055432913510247,0.5432005940777871,0.5944075741402515,0.7706331523000511,17.0,0.04516167336355218,0.07095321192197777,4.640801930573604e-05,0.00025649951333116624,0.0013519785106082046,0.0731068871245991,0.24915821494900456,17.0,0.13372549019607843,0.18349191002807624,0.0,0.0,0.04,0.2,0.5,17.0,0.10196078431372549,0.15398439145074905,0.0,0.0,0.0,0.15,0.4833333333333333,17.0,0.7234106663159494,0.12721216297696852,0.5792142393019586,0.6251207000603501,0.6669906353116142,0.8485682461595582,0.9742213247922759,17.0,0.02851925560146931,0.07175171457889624,0.00033198020298143836,0.0016395183338486535,0.002909750286543205,0.004946614639259451,0.2273684197602891,17.0,0.14199346405228758,0.2193782476478268,0.0,0.0,0.025,0.2,0.7,17.0,0.08333333333333334,0.19956550024713407,0.0,0.0,0.0,0.05,0.6166666666666666,17.0,17.352941176470587,10.965520829346117,9.0,11.0,13.0,18.0,49.0,17.0,0.05470588235294118,0.11347453718008853,0.0,0.0,0.0,0.04,0.36,17.0,0.5294117647058824,0.5144957554275266,0.0,0.0,1.0,1.0,1.0,17.0,0.7744310220302361,0.12046940275377817,0.5774531191979205,0.7660984262525008,0.774136730715678,0.8344189609545476,0.9626679358593362,17.0,0.05027097850755125,0.09338650179360007,0.00018803799668315344,0.001631942073437934,0.008781423372239635,0.027635217924656258,0.36105518921629504,17.0,0.18480392156862746,0.22966300973211964,0.0,0.05,0.1,0.2,0.7,17.0,0.11290849673202613,0.17317985653299062,0.0,0.0,0.05,0.1111111111111111,0.5,17.0,0.8462871424129959,0.09616812995572448,0.6809645376903082,0.7784414740555092,0.8485214242607121,0.9410566590351258,0.9964211112658404,17.0,0.06163794625656481,0.08729021103972971,0.00125162341494364,0.004782872654107792,0.027558388417854258,0.059343672659448524,0.285512395663748,17.0,0.2697058823529412,0.29144171997809587,0.0,0.075,0.1,0.5,0.95,17.0,0.17911764705882352,0.21401430836046112,0.0,0.02,0.1,0.3333333333333333,0.6,17.0,0.9668838293550318,0.02762800622679014,0.8774289985052317,0.9669421487603306,0.9718309859154929,0.98111935266352,0.9925198690977092,17.0,0.9154587473198009,0.09494959460325934,0.59521635525466,0.9182317249349898,0.9450794535823808,0.9602536096755288,0.9910594546267324,17.0,0.16308144293028648,0.12747779613926521,0.028205128205128206,0.07368421052631577,0.10909090909090907,0.19523809523809524,0.4725274725274725
musculoskeletal system ,29.0,0.7681788105369655,0.08756006949307875,0.607203527501,0.7030016912729999,0.777675298158,0.81602608736,0.9770978371860001,29.0,0.02369051974868655,0.04832732298787108,0.000517194972152,0.0016475372064100001,0.00568911649748,0.015019990337200001,0.23593318564399998,29.0,0.1709141545855655,0.23828272646878776,0.0,0.0,0.125,0.194642857143,0.9,29.0,0.07496326273454759,0.11804866775078732,0.0,0.0,0.02,0.1,0.55,29.0,0.5449501193810898,0.10295222930663347,0.4930206588498046,0.4930381509328877,0.5107291675261771,0.5219255959307156,0.9481806367771279,29.0,0.02352777190183001,0.07422538599738347,5.105075966009834e-05,7.891625322300809e-05,0.0008714359802164064,0.0034076074920432976,0.38194838863064745,29.0,0.09009788189047824,0.18932536920755802,0.0,0.0,0.017647058823529408,0.05,0.8,29.0,0.07093044689140023,0.16188103610882912,0.0,0.0,0.0,0.042857142857142864,0.6,29.0,0.645231344121089,0.10273442104198681,0.4925845982453697,0.5863895850737956,0.605415485430125,0.6960681172454954,0.9486377981992016,29.0,0.005839744909971668,0.01397108175028914,4.639510067736847e-05,0.0010460636421959675,0.0019530953338935727,0.004669115355376937,0.07101057507816495,29.0,0.08270042499758525,0.17289216969154048,0.0,0.0,0.025,0.1,0.9,29.0,0.033169129720853854,0.11417747679677667,0.0,0.0,0.0,0.0,0.6,29.0,39.13793103448276,44.17151970115314,4.0,12.0,17.0,44.0,170.0,29.0,0.07241379310344828,0.16150309975826185,0.0,0.0,0.0,0.04,0.66,29.0,0.7931034482758621,0.4122508203948855,0.0,1.0,1.0,1.0,1.0,29.0,0.7045328812502996,0.11198487434088347,0.5376560686934324,0.6249083228891055,0.7022931661636097,0.7409301627241146,0.9834191961384946,29.0,0.010226585834767994,0.02839047264141766,0.00016815706731074175,0.0005346559766481326,0.0016548486729558655,0.007259488274949519,0.15231072892972314,29.0,0.09820060939736397,0.2187696633545693,0.0,0.0,0.01818181818181818,0.075,0.9,29.0,0.039480263369715704,0.09905929569531818,0.0,0.0,0.0,0.025,0.5,29.0,0.7806554571926685,0.07975599102190377,0.6486468294494475,0.7345302200352799,0.7718339598125203,0.8191759517177344,0.9863222871994802,29.0,0.02813080742592736,0.09341874165570518,0.00043405225521867176,0.00212103005968597,0.003534742722295337,0.016588802788824568,0.5070188974987306,29.0,0.14045273438529016,0.21034052955189927,0.0,0.01,0.075,0.13333333333333333,0.9,29.0,0.06508415435139574,0.15221014382215087,0.0,0.0,0.00625,0.075,0.8,29.0,0.9684912245247022,0.024858578690513413,0.8562874251497006,0.9601593625498008,0.9740259740259741,0.9824561403508772,0.9917965545529124,29.0,0.8441147796842527,0.1456548552302862,0.4985748519781856,0.7555404116123756,0.8935505532685177,0.9617535227018564,0.9953497384227864,29.0,0.09612545717844273,0.10259035405680192,0.011009174311926606,0.03463203463203463,0.06666666666666668,0.10909090909090907,0.4363636363636363
nervous system ,101.0,0.7513190155175444,0.08779663018873937,0.41988209079899996,0.715039216596,0.754500015501,0.798136598298,0.9151982174359999,101.0,0.03182450355535946,0.051410147835159445,0.00018639411821000002,0.0030280812942399997,0.013651430026,0.0297158620646,0.30351923352800003,101.0,0.157489994199799,0.14250115045750414,0.0,0.0431818181818,0.15,0.22916666666700003,0.7,101.0,0.08592988154087713,0.10650808785524238,0.0,0.0,0.05,0.15,0.4,101.0,0.5429385952103153,0.05834922460285202,0.4930339478939302,0.4968664957743648,0.52043610590659,0.5600470726684318,0.8202548391588914,101.0,0.01719835813749128,0.037977746384851914,4.639725328260567e-05,0.00030188236497768583,0.0024981008495936195,0.017705478644123675,0.30003712770772706,101.0,0.07200411238869572,0.09899345572881635,0.0,0.0,0.039285714285714285,0.1,0.45,101.0,0.04736494941152432,0.08192325680423143,0.0,0.0,0.007240259740259739,0.05178571428571428,0.45,101.0,0.6449872547458543,0.08447976747871846,0.4861198811403102,0.5841775384186824,0.6580757723728471,0.7031147008308963,0.8803917924893534,101.0,0.0034814229902392826,0.004170353694555769,4.639725328260567e-05,0.0009056407834212943,0.001939850344036765,0.004076102910115646,0.018319474066688664,101.0,0.07433458597037314,0.10370280413204792,0.0,0.0,0.025,0.1,0.55,101.0,0.012018515486680141,0.037011414097820126,0.0,0.0,0.0,0.0,0.3,101.0,50.554455445544555,74.04356491249254,5.0,14.0,23.0,56.0,553.0,101.0,0.09316831683168318,0.20413686924742092,0.0,0.0,0.0,0.06,1.0,101.0,0.6633663366336634,0.47491531293004813,0.0,0.0,1.0,1.0,1.0,101.0,0.6802556866760461,0.11746240475145456,0.3558505453701555,0.6044845575528028,0.6707671281670073,0.7552981899020048,0.9573713039038202,101.0,0.0077738746519911755,0.016124302882787954,8.659268894699812e-05,0.0009554029018815646,0.002892683491068459,0.007420528121628164,0.10742110701584416,101.0,0.07180968050454647,0.11187139430287438,0.0,0.0,0.03333333333333333,0.1,0.7,101.0,0.02600622830080277,0.06264008864126923,0.0,0.0,0.0,0.025,0.5,101.0,0.7778681270956735,0.07495799296687435,0.5627634388636154,0.7433053325288904,0.7874651778252392,0.8264261479828964,0.9376356949283778,101.0,0.010873938011147536,0.011325548860543518,0.00021631148084455225,0.002856577451123781,0.0067637294929437965,0.014197726419558384,0.05292020248445802,101.0,0.13336072078707703,0.11863547514344033,0.0,0.05,0.1,0.2,0.5,101.0,0.04432576683925399,0.06350195867579787,0.0,0.0,0.025,0.05,0.4,101.0,0.9690400186669881,0.01812091715888544,0.8823529411764706,0.9620000000000001,0.9744866210329808,0.9807427785419532,0.9927927927927928,101.0,0.8438582592049763,0.15383959169014108,0.469165212523301,0.7128270218046109,0.9143506146445752,0.9669720036124372,1.0,101.0,0.07392962986127916,0.06249727660594383,0.00927643784786642,0.030303030303030307,0.05113636363636364,0.11428571428571427,0.3333333333333333
reproductive system ,8.0,0.7145261132955001,0.10548676710177056,0.552246878047,0.6320218180765,0.738633285408,0.7649295493120001,0.8796526389210001,8.0,0.0088126555782225,0.008634734394011528,0.0011553963855000001,0.0031861549929200006,0.00607107736991,0.011545240544625,0.027590786564299998,8.0,0.0814781746032625,0.04842735991345083,0.0333333333333,0.03541666666665,0.0804761904762,0.10535714285725001,0.166666666667,8.0,0.0343005952380875,0.019353876930353415,0.0,0.028124999999975,0.03714285714285,0.04821428571425,0.05666666666669999,8.0,0.52762765471816,0.025324986928447934,0.4930326536299875,0.5088064480622511,0.5267083344586384,0.5433665370894358,0.5720919166085406,8.0,0.015884877130907138,0.016737994557182716,0.00013003987450605956,0.004044315632576172,0.008387022921307018,0.028167186684857414,0.04457914561130183,8.0,0.049702380952380956,0.03956430799496159,0.0,0.025,0.05,0.07023809523809525,0.11666666666666667,8.0,0.03416666666666667,0.02368778400591983,0.0,0.025,0.03666666666666667,0.05,0.06666666666666668,8.0,0.65725733389981,0.06272617932619602,0.5449184820474707,0.6369056563169422,0.6581600176406774,0.685842175480846,0.7370188328295745,8.0,0.003045855512811932,0.003828337223787169,0.00034688994917923696,0.001349589735985487,0.0016605623393864673,0.002582867295530473,0.012176169807687437,8.0,0.039375,0.06385709181134994,0.0,0.0,0.0033333333333333327,0.052083333333333336,0.15,8.0,0.0140625,0.03499840557592793,0.0,0.0,0.0,0.003125,0.1,8.0,57.0,43.46755768879328,16.0,29.5,41.5,70.5,149.0,8.0,0.0625,0.1091198554670178,0.0,0.0,0.0,0.0875,0.31,8.0,0.5,0.5345224838248488,0.0,0.0,0.5,1.0,1.0,8.0,0.6885988804284837,0.08550274927399294,0.5579450973106044,0.6563949074114046,0.6873493063409767,0.7239507284798439,0.8297733860342558,8.0,0.002858906922259317,0.00231385812286066,0.00047087783704709133,0.0010489074336981056,0.001874669247573007,0.004823762669952976,0.0061428743847676244,8.0,0.02541666666666667,0.028986707072602445,0.0,0.0,0.016666666666666666,0.04726190476190477,0.06666666666666668,8.0,0.01529761904761905,0.024276292023070058,0.0,0.0,0.0,0.0275,0.06666666666666668,8.0,0.7495365622856572,0.07794323678108629,0.6207466164947815,0.7045654957106496,0.7614242512869895,0.7820083357117573,0.8756293885142991,8.0,0.014041501251438136,0.021194723600427907,0.001080738807270877,0.0051842651632980075,0.00624253549785694,0.011438715828486924,0.06561766757386092,8.0,0.09179067460317461,0.0673358977940165,0.04861111111111111,0.058928571428571414,0.06666666666666668,0.08452380952380953,0.25,8.0,0.04480654761904762,0.0482577882814639,0.0,0.015,0.03708333333333333,0.05238095238095238,0.15,8.0,0.9746429405031212,0.009395137002198059,0.9548507462686568,0.9714243504091981,0.976408726933488,0.9801894303608152,0.9840716774514684,8.0,0.7497961048771283,0.16540623984458777,0.5191858962329289,0.6260789725981649,0.7310080758426325,0.9000188826522366,0.9561606729158498,8.0,0.04402696875572182,0.023005258630000615,0.01721170395869191,0.03307323755136762,0.04074444074444075,0.049435605507711776,0.09166666666666666
respiratory system ,22.0,0.7654874161859546,0.09893520927556007,0.47279626792900004,0.7226317212772501,0.778789500134,0.8272704026435,0.909234589677,22.0,0.02492478271273759,0.035205707786952645,0.00018815402032900001,0.00322004354409,0.01221422619758,0.0268815535469,0.136207132854,22.0,0.14379549079309997,0.10935402305891667,0.0,0.05515151515149999,0.11783625731,0.21875,0.433333333333,22.0,0.06961033782801364,0.08582279857022672,0.0,0.0,0.05,0.11041666666667499,0.33333333333299997,22.0,0.5328911039163483,0.037610349507603634,0.4930368582304336,0.5055153560161019,0.5219404269409965,0.5508110522645551,0.6365987958147599,22.0,0.012370258969862461,0.03323153161680827,4.6405865701424656e-05,0.0002766898912930317,0.0018684849012341768,0.004050952084131153,0.11629177066360186,22.0,0.056880286114735876,0.07607561046283176,0.0,0.0,0.035,0.06712121212121214,0.2833333333333333,22.0,0.03487881204388382,0.07074982302511523,0.0,0.0,0.005,0.03488636363636363,0.2833333333333333,22.0,0.6496282995990181,0.094555255255845,0.4885392006684306,0.5980124042858819,0.6701248100526422,0.7284839677763715,0.7737596809169764,22.0,0.0025657031160389336,0.0036132097722299966,4.6405865701424656e-05,0.0005954859196667785,0.001096766906626247,0.0029939982466440865,0.01522495940728116,22.0,0.04731060606060606,0.09150994243629794,0.0,0.0,0.0,0.042083333333333334,0.3,22.0,0.01628787878787879,0.046751430440107905,0.0,0.0,0.0,0.0,0.2,22.0,45.36363636363637,42.84473124750575,9.0,14.0,35.5,55.75,184.0,22.0,0.08181818181818182,0.16910510576720264,0.0,0.0,0.0,0.07250000000000001,0.64,22.0,0.5909090909090909,0.5032362797401965,0.0,0.0,1.0,1.0,1.0,22.0,0.7076855383085173,0.1041952786984184,0.4032889239624919,0.6922266245567201,0.7362972838008155,0.771081079854115,0.8358232651796778,22.0,0.007855260356569756,0.013989613829149376,0.00031145590626091964,0.0010886118889888402,0.00298907915806985,0.006678303805399219,0.05807588830290169,22.0,0.07068048910154175,0.07661389188202503,0.0,0.005277777777777778,0.0475,0.1,0.2833333333333333,22.0,0.022208931419457737,0.035713489219535245,0.0,0.0,0.0,0.03125,0.1111111111111111,22.0,0.782804222242357,0.08498992669514778,0.5343092883999443,0.739332999756187,0.7762744927457768,0.8505883052622163,0.8935669528893015,22.0,0.009804505681301404,0.01556509770686426,0.0003636947746526957,0.001774360130956077,0.004734864732862562,0.01125882208887381,0.07316167869862708,22.0,0.10276823256488327,0.09989850327687563,0.0,0.01375,0.07302631578947369,0.18750000000000003,0.3333333333333333,22.0,0.04069033637813542,0.05813164143875861,0.0,0.0,0.020510366826156298,0.04687500000000001,0.2,22.0,0.9699665503131881,0.01360911415257067,0.9409626132725596,0.9616042197560111,0.972834381752701,0.9793337833748457,0.9924385633270322,22.0,0.8178437350109135,0.1563999506781103,0.4893854523202722,0.7270554443667409,0.8542322257578672,0.9609320688622426,0.9889128426239606,22.0,0.0704326881813908,0.049852400342217044,0.016831474857984433,0.03422436448889687,0.061083811083811085,0.08138098021207316,0.18181818181818185
urinary system ,20.0,0.8130212700629,0.09858627161264781,0.627918794595,0.75302334029575,0.8061492831799999,0.8835448586185,0.989708544113,20.0,0.035835135714173544,0.07045834183241487,0.00044865095597099993,0.004217487479625,0.00891895129849,0.043045056450824994,0.313167654196,20.0,0.199792748917825,0.186866437760557,0.0,0.0823863636364,0.136666666667,0.29375000000025003,0.6,20.0,0.0895579004329565,0.12668531848649528,0.0,0.0,0.0215909090909,0.144166666667,0.4,20.0,0.5366660013822482,0.06732649149082479,0.4930320063176475,0.4930384740335082,0.5215967703697862,0.550373644520805,0.7962871861512043,20.0,0.015603474364674649,0.030295464446034145,4.640801930573604e-05,7.078919474369008e-05,0.0019364719377278903,0.013200524890977311,0.10820903939819848,20.0,0.06776461038961039,0.11105452481482501,0.0,0.0,0.04318181818181818,0.08857142857142855,0.5,20.0,0.04343885281385281,0.1111366128213022,0.0,0.0,0.0,0.05,0.5,20.0,0.6778023664774981,0.09908250035657426,0.4916508098575208,0.6363702984409855,0.6836644109666528,0.7137889999687235,0.9290374617027204,20.0,0.0026221212421891848,0.0019452355084225838,4.640801930573604e-05,0.0013164693814892694,0.0021428498821944243,0.003833243886613596,0.006981570859889033,20.0,0.04940476190476191,0.07092817622159739,0.0,0.0,0.019642857142857142,0.062202380952380946,0.2,20.0,0.008214285714285716,0.024446065054937724,0.0,0.0,0.0,0.0,0.1,20.0,37.35,32.93578281252298,10.0,10.0,31.0,47.0,119.0,20.0,0.008,0.01673320053068151,0.0,0.0,0.0,0.0025,0.06,20.0,0.5505,0.5098552426140704,0.0,0.0,1.0,1.0,1.0,20.0,0.7667060577224183,0.10495969791089632,0.5972728117450288,0.6967182962703355,0.7623056800112378,0.8346850225605104,0.9676892374808558,20.0,0.016102793191171576,0.033760410231899955,0.0007007302956078285,0.001807086889394356,0.0034452860860967284,0.014536683554657863,0.14796328123946845,20.0,0.1105443722943723,0.12678770658254584,0.0,0.03125,0.0630952380952381,0.16249999999999998,0.5,20.0,0.0531969696969697,0.09862828347729194,0.0,0.0,0.0,0.1,0.4,20.0,0.8282151785931251,0.08582652408984488,0.7028524215160161,0.7555778818362628,0.8197019576836844,0.8835713660398148,0.9778530653919338,20.0,0.01393442663294831,0.017275455838560827,0.00031192420633020134,0.003457539519882773,0.0065342901291067556,0.01547499680037277,0.059032892832278513,20.0,0.1701141774891775,0.17190284815173248,0.0,0.05424242424242423,0.13916666666666666,0.2,0.7,20.0,0.07232575757575757,0.11504668125925124,0.0,0.0,0.039285714285714285,0.09107142857142855,0.5,20.0,0.9727561118694081,0.010010275345675768,0.9549861495844876,0.9646494102228047,0.973141522648534,0.9799308498240964,0.9945799457994581,20.0,0.8575068955796716,0.12066322299138497,0.5713855874830751,0.7848345816895812,0.8786693813683835,0.9552984711621236,0.9958260869565216,20.0,0.078688524016247,0.06392778025619611,0.01777119585338764,0.028317058048515847,0.056901510389882476,0.11274509803921567,0.24444444444444444
