Node ID,Protein ID,Protein Name,Disease Node,Degree,LCI
1,2,A2M,0,105,
8195,10165,SLC25A13,0,96,
16388,23450,SF3B3,0,489,
16389,23451,SF3B1,0,446,
6,10,NAT2,0,24,
8202,10174,SORBS3,0,156,
8207,10179,RBM7,0,64,
8208,10180,RBM6,0,23,
5464,6709,SPTAN1,0,197,
20,25,ABL1,0,389,
21,26,AOC1,0,54,
8214,10193,RNF41,0,64,
25,30,ACAA1,0,54,
8218,10197,PSME3,0,195,
29,34,ACADM,0,88,
30,35,ACADS,0,38,
31,36,ACADSB,0,47,
8225,10204,NUTF2,0,55,
8227,10206,TRIM13,0,25,
8228,10207,PATJ,0,76,
16422,56257,MEPCE,0,186,
8231,10210,TOPORS,0,58,
16426,23493,HEY2,0,38,
44,50,ACO2,0,36,
45,51,ACOX1,0,51,
51,58,ACTA1,0,200,
52,59,ACTA2,0,95,
53,60,ACTB,0,466,
60,71,ACTG1,0,187,
61,72,ACTG2,0,123,
8254,10236,HNRNPR,0,273,
8255,10237,SLC35B1,0,8,
8256,10238,DCAF7,0,62,
16449,23517,MTREX,0,252,
8258,10240,MRPS31,0,109,
67,87,ACTN1,0,164,
68,88,ACTN2,0,105,
16453,23521,RPL13A,0,273,
8267,10250,SRRM1,0,277,
16462,23530,NNT,0,47,
79,100,ADA,0,32,
82,103,ADAR,0,75,
83,104,ADARB1,0,38,
16473,23542,MAPK8IP2,0,94,
16474,23543,RBFOX2,0,110,
8284,10270,AKAP8,0,69,
8287,10273,STUB1,0,258,
8290,10277,UBE4B,0,79,
8291,10278,EFS,0,39,
8296,10284,SAP18,0,149,
8301,10289,EIF1B,0,171,
110,134,ADORA1,1,11,7132.0
8303,10291,SF3A1,0,291,
8306,10294,DNAJA2,0,114,
117,142,PARP1,0,286,
1385,1656,DDX6,0,134,
8212,10189,ALYREF,0,252,
16506,23580,CDC42EP4,0,30,
8316,10307,APBB3,0,9,
129,154,ADRB2,0,276,
131,156,GRK2,0,101,
133,158,ADSL,0,66,
8327,10318,TNIP1,0,124,
136,161,AP2A2,0,64,
137,162,AP1B1,0,93,
8333,10325,RRAGB,0,28,
8336,10328,EMC8,0,30,
2755,3376,IARS,0,109,
8217,10196,PRMT3,0,45,
154,185,AGTR1,0,42,
16541,23621,BACE1,0,32,
16543,23623,RUSC1,0,82,
168,207,AKT1,0,378,
169,208,AKT2,0,129,
16554,23636,NUP62,0,140,
174,213,ALB,0,200,
176,215,ABCD1,1,24,6232.0
178,217,ALDH2,0,80,
8372,10376,TUBA1B,0,125,
16567,23649,POLA2,0,68,
8377,10383,TUBB4B,0,154,
187,226,ALDOA,0,141,
192,852200,,0,8,
8386,10393,ANAPC10,0,48,
16581,56436,,0,6,
8391,10399,RACK1,0,286,
16584,23673,STX12,0,98,
8394,10402,ST3GAL6,0,3,
5495,6742,SSBP1,0,103,
8403,10413,YAP1,0,137,
213,267,AMFR,0,113,
8409,10419,PRMT5,0,360,
220,274,BIN1,0,70,
16607,23710,GABARAPL1,0,118,
228,283,ANG,1,11,4915.0
8421,10432,RBM14,0,117,
16616,154796,AMOT,0,133,
8425,10436,EMG1,0,103,
236,291,SLC25A4,0,68,
237,292,SLC25A5,0,335,
4966,6128,RPL6,0,408,
241,301,ANXA1,0,169,
242,302,ANXA2,0,200,
8435,10449,ACAA2,0,55,
8438,10452,TOMM40,0,117,
8439,1742,DLG4,0,129,
248,308,ANXA5,0,45,
249,309,ANXA6,0,107,
250,310,ANXA7,0,142,
8234,10213,PSMD14,0,120,
259,320,APBA1,0,22,
260,321,APBA2,0,14,
261,322,APBB1,0,95,
262,323,APBB2,0,29,
16647,23770,FKBP8,0,104,
267,328,APEX1,0,111,
268,329,BIRC2,0,142,
270,331,XIAP,0,164,
271,332,BIRC5,0,44,
272,333,APLP1,0,61,
8465,10480,EIF3M,0,106,
274,335,APOA1,0,102,
8467,10482,NXF1,0,1153,
16663,23790,,0,146,
284,348,APOE,1,70,14066.0
8477,10492,SYNCRIP,0,459,
287,351,APP,1,2132,133.0
288,353,APRT,0,36,
290,355,FAS,0,121,
8483,10498,CARM1,0,96,
8484,10499,NCOA2,0,103,
301,367,AR,0,301,
8500,10521,DDX17,0,290,
8503,10524,KAT5,0,265,
313,382,ARF6,0,143,
314,383,ARG1,0,25,
8507,10528,NOP56,0,256,
316,387,RHOA,0,185,
8510,10533,ATG7,0,52,
8516,10539,GLRX3,0,116,
325,396,ARHGDIA,0,100,
326,397,ARHGDIB,0,20,
1420,1716,DGUOK,0,67,
8524,10551,AGR2,0,60,
337,408,ARRB1,0,314,
338,409,ARRB2,0,366,
340,411,ARSB,0,15,
348,421,ARVCF,0,8,
350,427,ASAH1,0,19,
8545,10572,SIVA1,0,41,
8546,10573,MRPL28,0,111,
8547,10574,CCT7,0,189,
356,65970,,0,129,
8549,10576,CCT2,0,217,
360,440,ASNS,0,82,
16444,23512,SUZ12,0,338,
363,444,ASPH,0,43,
364,445,ASS1,0,92,
16445,23513,SCRIB,0,60,
372,98758,,0,30,
8571,10598,AHSA1,0,167,
16766,155038,GIMAP8,0,2,
383,229841,,0,83,
389,472,ATM,0,218,
65,81,ACTN4,0,153,
393,476,ATP1A1,0,160,
8588,10616,RBCK1,0,93,
8594,10623,POLR3C,0,65,
403,488,ATP2A2,0,84,
8597,10627,MYL12A,0,66,
413,498,ATP5F1A,0,213,
418,506,ATP5F1B,0,158,
8611,10642,IGF2BP1,0,256,
8612,10643,IGF2BP3,0,293,
421,509,ATP5F1C,0,194,
16811,56829,ZC3HAV1,0,56,
8620,10653,SPINT2,0,102,
8622,10656,KHDRBS3,0,66,
8623,10657,KHDRBS1,0,191,
8624,10658,CELF1,0,30,
435,525,ATP6V1B1,0,97,
16820,56848,SPHK2,0,8,
16823,56851,EMC7,0,37,
16824,56852,RAD18,0,76,
8635,10671,DCTN6,0,26,
8636,10672,GNA13,0,57,
448,539,ATP5PO,0,106,
75,95,ACY1,0,31,
453,545,ATR,0,134,
454,546,ATRX,0,58,
8654,10694,CCT8,0,181,
8661,10713,USP39,0,199,
8662,10714,POLD3,0,39,
16856,56899,ANKS1B,0,14,
473,572,BAD,0,70,
474,573,BAG1,0,82,
16859,56902,PNO1,0,62,
479,578,BAK1,1,36,3594.0
481,580,BARD1,0,282,
8674,10728,PTGES3,0,110,
16872,56916,SMARCAD1,0,126,
495,595,CCND1,0,112,
496,596,BCL2,1,136,1988.0
497,597,BCL2A1,0,24,
498,598,BCL2L1,0,112,
499,599,BCL2L2,0,25,
502,602,BCL3,0,52,
503,604,BCL6,0,158,
8702,10762,NUP50,0,99,
16896,56945,MRPS22,0,211,
514,622,BDH1,0,14,
8707,10768,AHCYL1,0,153,
8708,10769,PLK2,0,51,
8709,10771,ZMYND11,0,61,
518,627,BDNF,1,22,13518.0
8713,10776,ARPP19,0,10,
523,633,BGN,0,17,
527,637,BID,0,62,
528,638,BIK,0,84,
531,641,BLM,0,100,
16916,56970,ATXN7L3,0,30,
534,644,BLVRA,0,22,
537,648,BMI1,0,399,
8732,10801,SEPT9,0,60,
8737,10807,ENTR1,0,56,
547,658,BMPR1B,0,122,
549,660,BMX,0,32,
8742,10813,UTP14A,0,106,
551,662,BNIP1,0,26,
552,663,BNIP2,0,36,
554,665,BNIP3L,0,44,
561,672,BRCA1,0,609,
562,673,BRAF,0,63,
568,682,BSG,0,154,
95,118,ADD1,0,79,
574,688,KLF5,0,62,
575,689,BTF3,0,55,
8768,10856,RUVBL2,0,367,
16963,89796,NAV1,0,26,
587,705,BYSL,0,178,
590,708,C1QBP,0,235,
591,710,SERPING1,0,15,
8796,10890,RAB10,0,54,
8797,10891,PPARGC1A,1,75,484.0
609,729,C6,0,11,
617,738,VPS51,0,28,
619,740,MRPL49,0,110,
8816,10912,GADD45G,0,67,
626,752,FMNL1,0,74,
2835,3484,IGFBP1,0,14,
8822,10920,COPS8,0,55,
8825,10923,SUB1,0,80,
637,5481,PPID,0,53,
638,768,CA9,0,33,
17023,57103,TIGAR,0,8,
8833,10933,MORF4L1,0,132,
8835,10935,PRDX3,0,86,
644,775,CACNA1C,0,25,
8839,10940,POP1,0,78,
649,780,DDR1,0,28,
8844,10946,SF3A3,0,239,
8847,10949,HNRNPA0,0,101,
8849,10951,CBX1,0,86,
8851,10953,TOMM34,0,33,
16495,23567,ZNF346,0,42,
8860,10963,STIP1,0,162,
669,801,CALM1,0,524,
672,805,CALM2,0,174,
8865,10969,EBNA1BP2,0,249,
8866,10970,CKAP4,0,85,
8867,10971,YWHAQ,0,464,
8868,10972,TMED10,0,57,
677,813,CALU,0,119,
679,815,CAMK2A,0,167,
17064,220988,HNRNPA3,0,190,
8874,10979,FERMT2,0,51,
8875,10980,COPS6,0,321,
685,821,CANX,0,208,
17070,155459,,0,51,
688,824,CAPN2,0,62,
17073,57159,TRIM54,0,206,
690,826,CAPNS1,0,63,
8883,10989,IMMT,0,271,
8886,10992,SF3B2,0,370,
695,831,CAST,0,51,
17080,122704,MRPL52,0,93,
697,833,CARS,0,42,
698,834,CASP1,0,63,
700,836,CASP3,1,183,11422.0
701,837,CASP4,0,59,
8894,11004,KIF2C,0,65,
703,839,CASP6,0,51,
704,840,CASP7,0,86,
705,841,CASP8,0,196,
706,842,CASP9,0,60,
711,847,CAT,0,66,
8909,11021,RAB35,0,34,
719,857,CAV1,0,220,
727,865,CBFB,0,45,
729,867,CBL,0,276,
8922,11035,RIPK3,0,115,
732,871,SERPINH1,0,91,
122,147,ADRA1B,1,14,12603.0
6949,8697,CDC23,0,154,
740,883,KYAT1,0,12,
8933,11051,NUDT21,0,270,
8934,11052,CPSF6,0,218,
17128,4076,CAPRIN1,0,58,
746,890,CCNA2,0,140,
747,891,CCNB1,0,161,
751,896,CCND3,0,60,
752,898,CCNE1,0,83,
754,900,CCNG1,0,41,
757,904,CCNT1,0,93,
760,908,CCT6A,0,190,
17145,221092,HNRNPUL2,0,56,
9027,11160,ERLIN2,0,99,
8956,11075,STMN2,0,41,
8957,11076,TPPP,0,10,
8958,11077,HSF2BP,0,279,
772,920,CD4,1,125,1985.0
8968,11091,WDR5,0,226,
779,928,CD9,1,39,5702.0
781,930,CD19,0,28,
8975,11098,PRSS23,0,41,
8977,11100,HNRNPUL1,0,171,
17170,221150,SKA3,0,39,
10119,79039,DDX54,0,51,
8982,338785,KRT79,0,37,
795,948,CD36,0,20,
796,949,SCARB1,0,22,
798,338761,C1QL4,0,9,
799,952,CD38,0,9,
8995,11124,FAF1,0,112,
807,960,CD44,1,100,478.0
9001,11130,ZWINT,0,95,
810,963,CD53,0,22,
9007,11137,PWP1,0,135,
9009,11140,CDC37,0,311,
818,972,CD74,0,51,
821,975,CD81,0,219,
823,5624,PROC,0,17,
17209,253980,KCTD13,0,31,
827,983,CDK1,0,415,
17213,57379,AICDA,0,66,
832,988,CDC5L,0,328,
834,990,CDC6,0,58,
835,991,CDC20,0,161,
837,993,CDC25A,0,64,
839,995,CDC25C,0,44,
840,996,CDC27,0,129,
842,998,CDC42,0,305,
843,999,CDH1,1,135,3307.0
844,1000,CDH2,1,78,1968.0
846,1002,CDH4,0,5,
857,1013,CDH15,0,15,
859,1015,CDH17,0,2,
861,1017,CDK2,0,892,
862,1018,CDK3,0,68,
9055,11190,CEP250,0,242,
864,1020,CDK5,0,163,
865,1021,CDK6,0,160,
866,1022,CDK7,0,138,
869,1025,CDK9,0,247,
870,1026,CDKN1A,0,312,
871,1027,CDKN1B,0,106,
9064,11200,CHEK2,0,113,
873,1029,CDKN2A,0,183,
9071,11212,PLPBP,0,63,
9073,11214,AKAP13,0,40,
9074,23287,AGTPBP1,1,14,12224.0
887,1045,CDX2,0,26,
9080,11222,MRPL3,0,108,
9081,11224,RPL35,0,277,
891,1050,CEBPA,0,132,
892,1051,CEBPB,0,123,
894,1053,CEBPE,0,62,
20629,149428,BNIPL,0,16,
17281,57471,ERMN,0,4,
9090,11235,PDCD10,0,62,
17283,57473,ZNF512B,0,89,
900,1059,CENPB,0,78,
17287,69654,,0,20,
911,1072,CFL1,0,166,
915,1080,CFTR,0,324,
17306,90268,OTULIN,0,17,
17308,155807,,0,97,
9117,11269,DDX19B,0,172,
9121,11273,ATXN2L,0,43,
937,1111,CHEK1,0,92,
17323,57520,HECW2,0,291,
17324,57521,RPTOR,0,88,
9134,7343,UBTF,0,84,
9139,76843,,0,32,
17332,57532,NUFIP2,0,81,
9145,11315,PARK7,0,81,
955,1130,LYST,1,42,6158.0
9153,11325,DDX42,0,50,
964,1139,CHRNA7,1,6,1142.0
9158,11331,PHB2,0,325,
972,1147,CHUK,0,219,
9165,11338,U2AF2,0,368,
977,1153,CIRBP,0,199,
17363,155871,,0,312,
9172,11345,GABARAPL2,0,159,
9173,11346,SYNPO,0,171,
984,1161,ERCC8,0,38,
9177,7353,UFD1,0,86,
17385,57591,MKL1,0,27,
1004,1191,CLU,0,123,
17396,155908,,0,222,
17398,57606,SLAIN2,0,50,
1020,1211,CLTA,0,83,
1022,1213,CLTC,0,355,
9222,11461,,0,181,
9227,7373,COL14A1,0,15,
1050,1263,PLK3,0,27,
1055,1268,CNR1,1,8,1923.0
1057,1270,CNTF,1,20,5147.0
17442,57658,CALCOCO1,0,39,
17445,57661,PHRF1,0,15,
17446,57662,CAMSAP3,0,23,
1063,1278,COL1A2,0,37,
17451,155971,,0,153,
17460,57680,CHD8,0,51,
17474,57697,FANCM,0,39,
9288,142685,ASB15,0,61,
17486,90480,GADD45GIP1,0,93,
1108,1327,COX4I1,0,67,
1109,1329,COX5B,0,70,
1113,1337,COX6A1,0,18,
1114,1339,COX6A2,0,20,
1115,1340,COX6B1,0,38,
8518,10541,ANP32B,0,59,
1119,1345,COX6C,0,27,
1120,1346,COX7A1,0,15,
1121,1347,COX7A2,0,23,
1123,1349,COX7B,0,18,
1124,1350,COX7C,0,16,
1125,1351,COX8A,0,20,
1129,1356,CP,1,15,2562.0
6936,8683,SRSF9,0,195,
9326,51101,ZC2HC1A,0,20,
1135,100009298,,0,79,
9331,339390,CLEC4G,0,25,
1147,1374,CPT1A,0,57,
17541,57805,CCAR2,0,121,
1158,1385,CREB1,0,198,
1159,1386,ATF2,0,247,
1160,1387,CREBBP,0,400,
1168,1396,CRIP1,0,41,
1170,1398,CRK,0,377,
1171,1399,CRKL,0,130,
1172,1400,CRMP1,0,110,
1173,1401,CRP,0,28,
17559,25060,,0,5,
1176,1406,CRX,0,107,
1177,1407,CRY1,0,147,
1180,1410,CRYAB,0,115,
197,240,ALOX5,0,31,
9387,83892,KCTD10,0,41,
1197,1432,MAPK14,0,329,
1199,1434,CSE1L,0,119,
1210,1445,CSK,0,87,
1216,1452,CSNK1A1,0,141,
1217,1453,CSNK1D,0,88,
1218,1454,CSNK1E,0,169,
1221,1457,CSNK2A1,0,615,
1223,1459,CSNK2A2,0,341,
1224,1460,CSNK2B,0,305,
1232,1469,CST1,0,10,
1235,1472,CST4,0,17,
1240,1477,CSTF1,0,40,
1241,1478,CSTF2,0,99,
1249,1487,CTBP1,0,171,
1256,1495,CTNNA1,0,90,
1259,1499,CTNNB1,1,395,1356.0
1260,1500,CTNND1,0,62,
1261,1501,CTNND2,0,26,
1576,5777,PTPN6,0,123,
1267,1508,CTSB,0,53,
1268,1509,CTSD,0,61,
17661,90806,ANGEL2,0,8,
9477,77579,,0,141,
17670,56252,YLPM1,0,44,
1292,1540,CYLD,0,56,
1302,1558,CYP2C8,0,14,
1305,1562,CYP2C18,0,10,
13871,23043,TNIK,0,127,
8412,10422,UBAC1,0,55,
17706,26071,RTL8A,0,6,
17712,113457,TUBA3D,0,50,
9523,12166,,0,137,
1334,1600,DAB1,0,81,
1335,1601,DAB2,0,106,
1339,1605,DAG1,0,53,
1344,1610,DAO,1,8,686.0
1346,1612,DAPK1,0,63,
1350,1616,DAXX,0,218,
9545,253260,RICTOR,0,74,
1354,1620,BRINP1,0,31,
1359,1627,DBN1,0,234,
1362,1630,DCC,0,43,
9557,12261,,0,61,
17752,26088,GGA1,0,66,
1369,1639,DCTN1,1,254,874.0
1371,1642,DDB1,0,382,
1373,1644,DDC,1,33,2293.0
1376,1647,GADD45A,0,94,
1378,1649,DDIT3,0,85,
1379,1650,DDOST,0,176,
1382,1653,DDX1,0,156,
1383,1654,DDX3X,0,379,
1384,1655,DDX5,0,449,
17769,254863,TMEM256,0,17,
1388,1660,DHX9,0,529,
1392,1665,DHX15,0,406,
17784,254887,ZDHHC23,0,3,
9593,110651,,0,2,
1402,1676,DFFA,0,51,
9612,12387,,0,15,
17811,4261,CIITA,0,34,
17988,25820,ARIH1,0,44,
17818,100131816,UBE2DNL,0,25,
1438,1738,DLD,0,113,
1439,1739,DLG1,0,96,
1440,1740,DLG2,0,58,
1446,1746,DLX2,0,16,
1453,1756,DMD,0,57,
1456,1759,DNM1,0,101,
17841,123920,CMTM3,0,14,
17851,91653,BOC,0,10,
1472,1778,DYNC1H1,0,194,
1475,1781,DYNC1I2,0,64,
1478,1785,DNM2,0,137,
1479,1786,DNMT1,0,109,
17867,353332,KRTAP12-1,0,59,
11170,84444,DOT1L,0,56,
9681,12534,,0,111,
1506,1813,DRD2,0,25,
9701,51574,LARP7,0,60,
17896,58477,SRPRB,0,148,
1513,1822,ATN1,0,139,
1518,1827,RCAN1,0,35,
1523,1832,DSP,0,114,
1530,1839,HBEGF,0,16,
1533,1843,DUSP1,0,23,
1535,1845,DUSP3,0,20,
1536,1846,DUSP4,0,13,
1538,1848,DUSP6,0,10,
1539,1849,DUSP7,0,10,
1542,1852,DUSP9,0,11,
1544,1854,DUT,0,102,
1545,1855,DVL1,0,72,
1546,1856,DVL2,0,141,
1547,1857,DVL3,0,192,
1549,1859,DYRK1A,0,76,
1552,1869,E2F1,0,142,
17942,25764,HYPK,0,32,
17943,58533,SNX6,0,62,
17951,25776,CBY1,0,19,
17956,25782,RAB3GAP2,0,24,
1575,1894,ECT2,0,158,
9768,373156,GSTK1,0,111,
263,324,APC,0,301,
17964,25793,FBXO7,0,54,
1591,1915,EEF1A1,0,613,
1593,1917,EEF1A2,0,165,
19381,4686,NCBP1,0,260,
1600,5783,PTPN13,0,39,
1601,1933,EEF1B2,0,145,
1603,1936,EEF1D,0,166,
1604,1937,EEF1G,0,173,
1605,1938,EEF2,0,292,
17992,25824,PRDX5,0,80,
17995,25828,TXN2,0,94,
1619,67490,,0,59,
1620,1956,EGFR,0,926,
1622,1958,EGR1,0,57,
1626,1962,EHHADH,0,113,
1628,1964,EIF1AX,0,45,
1629,1965,EIF2S1,1,87,45.0
1630,1967,EIF2B1,0,66,
1631,1968,EIF2S3,0,48,
1632,1969,EPHA2,0,70,
9828,51295,ECSIT,0,112,
1637,1974,EIF4A2,0,139,
1638,1975,EIF4B,0,133,
273,334,APLP2,1,45,59.0
1640,1978,EIF4EBP1,0,58,
1643,1981,EIF4G1,0,124,
1644,1982,EIF4G2,0,47,
18029,25873,RPL36,0,187,
1646,1984,EIF5A,0,50,
9840,2147,F2,1,47,1023.0
1650,1991,ELANE,0,33,
16659,23786,BCL2L13,0,72,
1653,1994,ELAVL1,0,1866,
18040,25885,POLR1A,0,192,
1661,2002,ELK1,0,63,
1664,2005,ELK4,0,16,
1667,2010,EMD,0,225,
1668,2011,MARK2,0,103,
5903,951475,,0,109,
18057,91445,RNF185,0,68,
1674,2017,CTTN,0,144,
18060,25913,POT1,0,215,
1645,1983,EIF5,0,66,
1680,2023,ENO1,0,361,
18067,25923,ATL3,0,66,
1685,2029,ENSA,0,14,
18070,25926,NOL11,0,20,
1687,2033,EP300,0,547,
1688,2034,EPAS1,0,116,
18073,25929,GEMIN5,0,83,
18074,25930,PTPN23,0,40,
1691,2037,EPB41L2,0,41,
1693,2039,DMTN,0,28,
1697,2043,EPHA4,1,32,13934.0
18082,25939,SAMHD1,0,68,
18083,25940,FAM98A,0,28,
18090,25949,SYF2,0,167,
1710,2056,EPO,1,9,184.0
1711,2057,EPOR,1,50,1095.0
1712,2058,EPRS,0,247,
1714,2060,EPS15,0,161,
1718,2064,ERBB2,0,201,
1720,2066,ERBB4,1,64,730.0
18105,25970,SH2B1,0,24,
8479,10494,STK25,0,57,
1728,2074,ERCC6,0,55,
18113,25978,CHMP2B,1,57,1674.0
1732,2081,ERN1,0,31,
1736,2091,FBL,0,387,
1741,2099,ESR1,0,789,
1742,2100,ESR2,0,140,
1743,2101,ESRRA,0,48,
1745,2104,ESRRG,0,48,
18134,26003,GORASP2,0,143,
1751,2113,ETS1,0,127,
1752,2114,ETS2,1,52,1343.0
1753,2115,ETV1,0,24,
18142,26013,L3MBTL1,0,45,
18145,26018,LRIG1,0,16,
1765,2130,EWSR1,0,698,
1767,2132,EXT2,0,23,
9961,56086,,0,62,
1779,2146,EZH2,0,284,
18165,26043,UBXN7,0,100,
1782,2149,F2R,0,29,
18167,26046,LTN1,0,57,
11220,1847,DUSP5,0,3,
1788,2155,F7,0,21,
1791,2159,F10,0,23,
18048,25897,RNF19A,0,18,
18179,26058,GIGYF2,0,68,
18181,26060,APPL1,0,75,
1807,2175,FANCA,0,87,
1809,2177,FANCD2,0,74,
9062,11198,SUPT16H,0,206,
1814,2182,ACSL4,0,37,
12591,17873,,0,7,
1824,2194,FASN,0,115,
18210,26097,CHTOP,0,46,
18216,8507,ENC1,0,13,
18225,26121,PRPF31,0,283,
1842,2214,FCGR3A,0,19,
10038,84148,KAT8,0,43,
18231,26128,KIF1BP,0,52,
18234,26135,SERBP1,0,104,
18236,26137,ZBTB20,1,15,168.0
18239,9818,NUP58,0,51,
1860,2237,FEN1,0,60,
1862,2239,GPC4,0,16,
1863,2241,FER,0,31,
1865,2243,FGA,0,46,
18252,26156,RSL1D1,0,227,
1869,2247,FGF2,1,42,146.0
12600,17886,,0,192,
1880,2258,FGF13,0,10,
3044,3726,JUNB,0,66,
1882,2260,FGFR1,0,79,
1883,2261,FGFR3,0,58,
1885,2263,FGFR2,0,50,
10078,78990,OTUB2,0,46,
1888,2267,FGL1,0,70,
1894,2274,FHL2,0,187,
10087,79001,VKORC1,0,98,
1897,2280,FKBP1A,0,70,
10090,79004,CUEDC2,0,19,
1899,2286,FKBP2,0,51,
1901,2288,FKBP4,0,88,
1683,2027,ENO3,0,52,
18292,26227,PHGDH,0,126,
16702,56647,BCCIP,0,63,
1919,2308,FOXO1,0,76,
1920,2309,FOXO3,0,81,
1927,2316,FLNA,0,359,
1928,2317,FLNB,0,114,
1929,2318,FLNC,0,100,
1930,2319,FLOT2,0,90,
10126,79050,NOC4L,0,49,
20523,30818,KCNIP3,0,29,
10132,79058,ASPSCR1,0,36,
1689,2035,EPB41,0,148,
1944,493856,CISD2,0,23,
18332,26270,FBXO6,0,622,
1952,2348,FOLR1,1,14,74.0
10145,79074,C2orf49,0,10,
10147,79077,DCTPP1,0,33,
1957,2353,FOS,0,259,
18346,386675,KRTAP10-7,0,292,
10172,79109,MAPKAP1,0,25,
18373,124540,MSI2,0,36,
10184,79139,DERL1,0,83,
18377,26353,HSPB8,0,45,
18378,26354,GNL3,0,250,
10196,79155,TNIP2,0,29,
10199,79158,GNPTAB,0,20,
10200,79159,NOL12,0,93,
10204,79165,LENG1,0,76,
2019,2475,MTOR,0,162,
10216,79180,EFHD2,0,32,
18410,26415,,0,82,
2030,2494,NR5A2,0,27,
2042,2512,FTL,1,50,137.0
2044,2516,NR5A1,0,51,
2048,2521,FUS,1,354,97.0
18436,92002,CCNQ,0,15,
2059,2534,FYN,0,410,
2069,2547,XRCC6,0,285,
2071,2549,GAB1,0,51,
2073,2551,GABPA,0,39,
12634,144983,HNRNPA1L2,0,26,
18467,25054,,0,2,
2090,2569,GABRR1,0,22,
18475,26523,AGO1,0,79,
18476,26524,LATS2,0,158,
18478,26528,DAZAP1,0,80,
2100,2580,GAK,0,86,
8542,10569,SLU7,0,187,
2102,2582,GALE,0,23,
10296,24148,PRPF6,0,220,
2107,2588,GALNS,0,27,
2115,2597,GAPDH,0,304,
2130,2623,GATA1,0,109,
2131,2624,GATA2,0,63,
2132,2625,GATA3,0,42,
2133,2626,GATA4,0,36,
2134,2627,GATA6,0,16,
2136,2629,GBA,0,52,
2137,2631,NIPSNAP2,0,50,
2144,2639,GCDH,0,38,
18530,26608,TBL2,0,136,
2152,2648,KAT2A,0,135,
2171,2670,GFAP,0,110,
2181,2683,B4GALT1,0,35,
18573,124995,MRPL10,0,97,
2193,2697,GJA1,0,47,
4464,5500,PPP1CB,0,253,
2212,2720,GLB1,0,35,
10412,79577,CDC73,0,107,
2229,2745,GLRX,0,25,
10424,79590,MRPL24,0,117,
2236,2764,GMFB,0,23,
2240,2768,GNA12,0,43,
2241,2769,GNA15,0,27,
2242,2770,GNAI1,0,107,
2243,2771,GNAI2,0,209,
18631,125115,KRT40,0,378,
2248,2776,GNAQ,0,89,
2249,2778,GNAS,0,98,
2251,2780,GNAT2,0,15,
2252,2781,GNAZ,0,49,
10456,112399,EGLN3,0,44,
8259,10241,CALCOCO2,0,202,
10467,84271,POLDIP3,0,66,
2276,2805,GOT1,0,80,
2277,2806,GOT2,0,45,
2278,5929,RBBP5,0,114,
2280,2810,SFN,0,290,
2281,2811,GP1BA,0,28,
2290,2821,GPI,0,56,
7987,9925,ZBTB5,0,18,
10507,79686,,0,5,
2319,2861,GPR37,0,18,
2329,2872,MKNK2,0,52,
10524,79706,PRKRIP1,0,25,
2333,2876,GPX1,0,34,
2334,2877,GPX2,0,23,
2335,2878,GPX3,0,21,
2336,2879,GPX4,0,53,
10529,79711,IPO4,0,121,
2338,2885,GRB2,0,1081,
2340,2887,GRB10,0,62,
18728,26986,PABPC1,0,504,
18733,26994,RNF11,0,104,
2351,2898,GRIK2,0,25,
2355,2902,GRIN1,0,67,
18741,27005,USP21,0,83,
2359,2906,GRIN2D,1,37,15967.0
2361,2908,NR3C1,0,242,
2363,2911,GRM1,0,27,
2375,2923,PDIA3,0,144,
2381,2931,GSK3A,0,95,
2382,2932,GSK3B,0,362,
18767,27043,PELP1,0,178,
18768,27044,SND1,0,91,
2389,202559,KHDRBS2,0,91,
10587,79777,ACBD4,0,4,
2399,2950,GSTP1,0,69,
10595,14251,,0,62,
2405,2956,MSH6,0,87,
2406,2957,GTF2A1,0,73,
2410,2961,GTF2E2,0,63,
10605,79800,CARF,0,5,
10608,341947,COX8C,0,24,
2418,2969,GTF2I,0,149,
18805,27101,CACYBP,0,83,
2422,2975,GTF3C1,0,189,
18814,27113,BBC3,0,8,
2436,2990,GUSB,1,20,2941.0
2449,3005,H1F0,0,35,
2450,3006,HIST1H1C,0,88,
2451,3007,HIST1H1D,0,137,
2458,3014,H2AFX,0,307,
2463,3020,H3F3A,0,131,
2464,3021,H3F3B,0,39,
18852,27161,AGO2,0,140,
2472,3032,HADHB,0,103,
2473,3033,HADH,0,36,
2474,3034,HAL,0,21,
10671,51542,VPS54,1,9,31.0
10678,79886,CAAP1,0,10,
18871,27185,DISC1,0,209,
2492,3053,SERPIND1,0,17,
2499,3064,HTT,0,205,
2500,3065,HDAC1,0,611,
2501,3066,HDAC2,0,387,
2503,3068,HDGF,0,212,
2505,3070,HELLS,0,40,
2508,3073,HEXA,0,49,
10701,79915,ATAD5,0,15,
18895,27231,NMRK2,0,8,
14072,3313,HSPA9,0,264,
18902,27238,GPKOW,0,61,
18906,27242,TNFRSF21,0,11,
2523,3090,HIC1,0,31,
2524,3091,HIF1A,0,182,
8613,10644,IGF2BP2,0,36,
2528,3096,HIVEP1,0,54,
2530,3098,HK1,0,62,
2532,3101,HK3,0,32,
2534,3105,HLA-A,0,104,
2535,3106,HLA-B,0,333,
2542,3113,HLA-DPA1,0,87,
10745,145508,CEP128,0,278,
10751,79980,DSN1,0,53,
18945,27292,DIMT1,0,145,
2566,3145,HMBS,0,17,
2567,3146,HMGB1,0,114,
18953,27301,APEX2,0,15,
10762,79991,STN1,0,59,
2577,3159,HMGA1,0,105,
2579,3161,HMMR,0,37,
2582,3164,NR4A1,0,134,
18967,27316,RBMX,0,235,
10780,80011,FAM192A,0,35,
5893,7203,CCT3,0,241,
18976,27330,RPS6KA6,0,37,
18977,27332,ZNF638,0,52,
2594,3178,HNRNPA1,1,701,2862.0
10787,80018,NAA25,0,12,
2596,3181,HNRNPA2B1,0,333,
2597,3182,HNRNPAB,0,100,
18982,27339,PRPF19,0,274,
10791,80022,MYO15B,0,67,
2600,3185,HNRNPF,0,374,
2601,3187,HNRNPH1,0,359,
18986,27343,POLL,0,58,
2603,3189,HNRNPH3,0,100,
2604,3190,HNRNPK,0,367,
2605,3191,HNRNPL,0,222,
2606,3192,HNRNPU,0,691,
18997,91942,NDUFAF2,0,10,
8271,10254,STAM2,0,74,
19029,27429,HTRA2,0,68,
19030,27430,MAT2B,0,41,
18191,26073,POLDIP2,0,30,
2659,3251,HPRT1,0,50,
20924,64333,ARHGAP9,0,27,
2668,3265,HRAS,0,113,
2678,3276,PRMT1,0,175,
10880,80155,NAA15,0,48,
12737,83608,C18orf21,0,11,
10888,112939,NACC1,0,37,
19081,387990,TOMM20L,0,3,
2699,3299,HSF4,0,52,
2701,3301,DNAJA1,0,175,
10894,80179,MYO19,0,178,
2703,3303,HSPA1A,0,353,
2704,3304,HSPA1B,0,91,
2705,3305,HSPA1L,0,163,
2706,3306,HSPA2,0,102,
2708,3308,HSPA4,0,366,
2709,3309,HSPA5,0,517,
2712,3312,HSPA8,0,600,
2714,3315,HSPB1,0,435,
2715,3316,HSPB2,0,123,
2718,3320,HSP90AA1,0,900,
18094,25953,PNKD,0,95,
2722,3326,HSP90AB1,0,543,
2724,3329,HSPD1,0,379,
2727,3336,HSPE1,0,137,
2728,3337,DNAJB1,0,105,
2730,3339,HSPG2,0,48,
10923,80218,NAA50,0,30,
2743,3356,HTR2A,0,22,
19135,93185,IGSF8,0,189,
13185,84129,ACAD11,0,53,
19139,125965,COX6B2,0,18,
10951,80262,C16orf70,0,33,
8548,10575,CCT4,0,188,
2762,3383,ICAM1,0,159,
2763,3384,ICAM2,0,23,
2771,3396,MRPL58,0,246,
2773,3398,ID2,0,74,
10969,440738,MAP1LC3C,0,64,
2782,3416,IDE,0,48,
2786,3420,IDH3B,0,33,
2789,3423,IDS,1,46,10409.0
2790,3425,IDUA,1,6,235.0
2793,3428,IFI16,0,394,
2797,3433,IFIT2,0,44,
2799,56853,CELF4,0,5,
2800,3437,IFIT3,0,70,
11006,80333,KCNIP4,0,18,
11008,80335,WDR82,0,58,
2817,3458,IFNG,1,11,493.0
19207,93323,HAUS8,0,59,
2825,200081,TXLNA,0,141,
2828,3476,IGBP1,0,132,
2830,3479,IGF1,1,21,1322.0
2831,3480,IGF1R,0,93,
472,571,BACH1,0,51,
11027,113130,CDCA5,0,62,
2836,3485,IGFBP2,0,8,
2837,3486,IGFBP3,0,33,
2838,3487,IGFBP4,0,11,
2839,3488,IGFBP5,0,36,
2840,3489,IGFBP6,0,20,
2841,3490,IGFBP7,0,15,
19226,257202,GPX6,0,35,
2844,3493,IGHA1,0,58,
11038,1408,CRY2,0,182,
2849,3500,IGHG1,0,88,
19234,93380,MMGT1,0,117,
11047,342538,NACA2,0,21,
7303,9131,AIFM1,0,92,
11062,342574,KRT27,0,148,
3277,3991,LIPE,0,17,
6915,8660,IRS2,0,61,
7306,9134,CCNE2,0,17,
2881,3551,IKBKB,0,224,
16865,24140,FTSJ1,0,107,
11083,51642,MRPL48,0,102,
482,581,BAX,1,86,3010.0
11088,113251,LARP4,0,28,
15504,677770,SCARNA22,0,117,
10044,13385,,0,274,
11120,122651,RNASE11,0,3,
2931,3603,IL16,0,101,
2936,3608,ILF2,0,451,
2937,3609,ILF3,0,463,
2938,3611,ILK,0,254,
2942,3615,IMPDH2,0,109,
15509,55183,RIF1,0,160,
2946,3620,IDO1,0,16,
2947,3621,ING1,0,66,
2948,3622,ING2,0,37,
12919,51065,RPS27L,0,135,
2963,3638,INSIG1,0,22,
2967,3643,INSR,0,128,
2969,3646,EIF3E,0,169,
2976,3654,IRAK1,0,155,
2977,3655,ITGA6,0,45,
2978,3656,IRAK2,0,40,
2983,3661,IRF3,0,90,
2989,3667,IRS1,0,122,
11182,80700,UBXN6,0,55,
2995,3674,ITGA2B,0,34,
2997,3676,ITGA4,0,529,
19384,159195,USP54,0,110,
11195,15185,,0,28,
11197,80724,ACAD10,0,44,
3008,3688,ITGB1,0,150,
3011,3691,ITGB4,0,83,
3012,3692,EIF6,0,209,
14157,347733,TUBB2B,0,95,
3025,3705,ITPK1,0,16,
3028,3708,ITPR1,0,67,
19416,55803,ADAP2,0,11,
3036,3717,JAK2,0,136,
11234,80777,CYB5B,0,39,
3043,3725,JUN,0,408,
11236,57154,SMURF1,0,390,
3045,3727,JUND,0,54,
3046,3728,JUP,0,147,
3050,3735,KARS,0,149,
19439,388698,FLG2,0,117,
11255,80817,CEP44,0,133,
11257,133619,PRRC1,0,24,
19450,192111,PGAM5,0,62,
3075,3761,KCNJ4,1,14,2489.0
3077,3763,KCNJ6,1,13,314.0
11294,375791,CYSRT1,0,568,
3105,3796,KIF2A,0,73,
3110,3801,KIFC3,0,230,
11303,80895,ILKAP,0,23,
3123,3815,KIT,0,75,
3125,3817,KLK2,0,20,
3134,3827,KNG1,0,46,
3136,3831,KLC1,0,77,
3137,3832,KIF11,0,133,
3141,3837,KPNB1,0,340,
3142,3838,KPNA2,0,225,
3143,3839,KPNA3,0,122,
3144,3840,KPNA4,0,86,
3146,3842,TNPO1,0,147,
3148,3845,KRAS,0,80,
3150,3848,KRT1,0,111,
11343,3783746,,0,153,
19536,10202,DHRS2,0,90,
3155,3853,KRT6A,0,63,
3158,3856,KRT8,0,96,
3159,3857,KRT9,0,53,
3163,3861,KRT14,0,75,
3167,3866,KRT15,0,154,
3168,3868,KRT16,0,99,
3172,3872,KRT17,0,38,
3174,3875,KRT18,0,143,
3178,3881,KRT31,0,375,
3182,3885,KRT34,0,268,
11379,81027,TUBB1,0,185,
19648,94239,H2AFV,0,37,
3205,3909,LAMA3,0,23,
3212,3916,LAMP1,0,28,
3216,3920,LAMP2,0,44,
3217,3921,RPSA,0,276,
3220,3925,STMN1,0,94,
3221,3927,LASP1,0,145,
3224,3931,LCAT,0,16,
3225,3932,LCK,0,256,
3227,3934,LCN2,0,65,
3232,3939,LDHA,0,167,
3236,3945,LDHB,0,157,
19625,64850,ETNPPL,0,3,
3242,3952,LEP,1,12,2391.0
19628,126961,HIST2H3C,0,117,
3246,3956,LGALS1,0,87,
3248,3958,LGALS3,0,189,
3249,3959,LGALS3BP,0,148,
3256,200576,PIKFYVE,0,12,
3264,3977,LIFR,0,28,
3266,3980,LIG3,0,69,
3267,3981,LIG4,0,135,
3270,3984,LIMK1,0,55,
11469,51762,RAB8B,0,32,
3279,3993,LLGL2,0,69,
3283,4000,LMNA,0,258,
3284,4001,LMNB1,0,121,
16933,56993,TOMM22,0,52,
12838,83737,ITCH,0,162,
3307,4035,LRP1,0,89,
3308,4036,LRP2,0,58,
11501,114034,TOE1,0,68,
3311,4040,LRP6,0,42,
3325,4055,LTBR,0,77,
3335,135138,PACRG,0,19,
3336,4067,LYN,0,269,
19722,135892,TRIM50,0,38,
3344,4077,NBR1,0,43,
3345,6141,RPL18,0,335,
3348,4082,MARCKS,0,45,
3351,4085,MAD2L1,0,83,
3352,4086,SMAD1,0,186,
3353,4087,SMAD2,0,394,
3354,4088,SMAD3,0,417,
3355,4089,SMAD4,0,302,
19741,10287,RGS19,0,38,
3358,4092,SMAD7,0,96,
3359,4093,SMAD9,0,132,
3363,4099,MAG,0,19,
19755,28970,C11orf54,0,32,
19758,28973,MRPS18B,0,111,
19760,28976,ACAD9,0,64,
3378,4116,MAGOH,0,244,
3382,200728,TMEM17,0,401,
19769,28986,MAGEH1,0,20,
19772,28989,NTMT1,0,22,
19774,10293,TRAIP,0,40,
3393,4131,MAP1B,0,82,
3394,4133,MAP2,0,57,
3395,4134,MAP4,0,68,
3397,4137,MAPT,0,135,
3403,4144,MAT2A,0,47,
19794,225659,,0,19,
3411,4152,MBD1,0,42,
11605,117283,IP6K3,0,26,
3414,4155,MBP,0,103,
12857,83759,RBM4B,0,64,
3416,4157,MC1R,0,45,
3422,4163,MCC,0,306,
19808,29079,MED4,0,368,
3425,4170,MCL1,0,75,
3426,4171,MCM2,0,918,
19811,29082,CHMP4A,0,45,
11621,81550,TDRD3,0,31,
3431,4176,MCM7,0,178,
19821,29093,MRPL22,0,99,
3441,4188,MDFI,0,439,
11634,81565,NDEL1,0,103,
3443,4190,MDH1,0,45,
3444,4191,MDH2,0,59,
19829,29102,DROSHA,0,66,
3446,4193,MDM2,0,470,
3447,4194,MDM4,0,78,
1940,2332,FMR1,0,163,
19836,29109,FHOD1,0,42,
19837,29110,TBK1,1,152,5987.0
3454,4205,MEF2A,0,79,
3456,4208,MEF2C,0,90,
3457,4209,MEF2D,0,66,
3460,4212,MEIS2,0,51,
3461,4214,MAP3K1,0,242,
3462,4215,MAP3K3,0,231,
3465,4218,RAB8A,0,62,
1943,2335,FN1,0,792,
3468,4222,MEOX1,0,103,
3469,4223,MEOX2,0,687,
579,695,BTK,0,123,
11671,81624,DIAPH3,0,28,
11672,81627,TRMT1L,0,24,
11676,81631,MAP1LC3B,0,127,
11687,2719,GPC3,0,10,
19886,389677,RBM12B,0,21,
11699,282049,,0,3,
11028,14828,,0,5,
3512,4286,MITF,0,39,
3513,4287,ATXN3,1,103,620.0
3517,4292,MLH1,0,198,
3522,4297,KMT2A,0,113,
3525,4300,MLLT3,0,49,
19910,342371,ATXN1L,0,68,
3528,4303,FOXO4,0,29,
15607,55288,RHOT1,0,14,
3533,4311,MME,0,157,
3537,4316,MMP7,0,37,
3546,200933,FBXO45,0,17,
3561,4343,MOV10,0,1178,
3563,4350,MPG,0,98,
3564,4351,MPI,0,26,
3569,4356,MPP3,0,51,
3572,4359,MPZ,1,4,15624.0
19965,55843,ARHGAP15,0,8,
7424,9274,BCL7C,0,29,
19970,127733,UBXN10,0,6,
11780,114609,TIRAP,0,49,
3592,6196,RPS6KA2,0,48,
3594,6197,RPS6KA3,0,89,
12887,51026,GOLT1B,0,179,
3598,23061,TBC1D9B,0,22,
3601,4436,MSH2,0,132,
19988,54065,SMIM11A,0,4,
3605,4440,MSI1,0,6,
11636,81567,TXNDC5,0,72,
3628,4478,MSN,0,148,
12893,51032,CELA2B,0,17,
3634,4488,MSX2,0,58,
3653,4512,MT-CO1,0,44,
20038,2078,ERG,0,88,
3655,4514,MT-CO3,0,25,
940,1114,CHGB,0,34,
3662,4522,MTHFD1,0,96,
20057,54103,GSAP,0,4,
3692,760,CA2,0,20,
9943,84106,PRAM1,0,33,
20080,29763,PACSIN3,0,88,
3704,4582,MUC1,0,43,
3719,4599,MX1,0,46,
3722,4602,MYB,0,93,
3729,4609,MYC,0,583,
3735,4616,GADD45B,0,16,
11932,30061,SLC40A1,0,4,
3745,4627,MYH9,0,343,
3753,4637,MYL6,0,143,
3754,4638,MYLK,0,62,
8818,10914,PAPOLA,0,53,
3762,4646,MYO6,0,89,
3763,4647,MYO7A,0,16,
3768,4654,MYOD1,0,114,
3770,4656,MYOG,0,72,
19743,28957,MRPS28,0,111,
8309,10297,APC2,0,19,
11968,114885,OSBPL11,0,18,
3777,4665,NAB2,0,84,
3778,4666,NACA,0,58,
3781,4669,NAGLU,0,14,
3782,4670,HNRNPM,0,400,
3784,4673,NAP1L1,0,237,
3787,4676,NAP1L4,0,73,
3794,4683,NBN,1,88,1339.0
3795,4684,NCAM1,0,33,
20182,29924,EPN1,0,63,
3801,4690,NCK1,0,267,
3802,4691,NCL,0,438,
4730,5813,PURA,0,38,
3809,4698,NDUFA5,0,72,
20195,29937,NENF,0,35,
12924,51070,NOSIP,0,22,
3823,4712,NDUFB6,0,67,
12019,114990,VASN,0,78,
3831,4720,NDUFS2,0,90,
3835,4724,NDUFS4,0,97,
20220,29966,STRN3,0,80,
20226,29978,UBQLN2,1,310,6317.0
20227,29979,UBQLN1,0,283,
3844,4734,NEDD4,0,317,
3846,4736,RPL10A,0,252,
3848,4738,NEDD8,0,325,
3849,4739,NEDD9,0,70,
3850,4741,NEFM,0,37,
3851,4744,NEFH,1,21,471.0
3854,4747,NEFL,0,61,
3857,4751,NEK2,0,52,
12056,147841,SPC24,0,44,
3866,4763,NF1,0,34,
20251,30011,SH3KBP1,0,292,
3869,4771,NF2,0,68,
3870,4772,NFATC1,0,82,
3871,4773,NFATC2,0,55,
3874,4776,NFATC4,0,28,
3878,4780,NFE2L2,0,82,
3884,4790,NFKB1,0,277,
3885,4791,NFKB2,0,194,
3886,4792,NFKBIA,0,212,
3887,4793,NFKBIB,0,111,
3896,4803,NGF,1,16,1571.0
3897,4804,NGFR,1,59,8398.0
15951,55750,AGK,0,19,
3901,4809,SNU13,0,345,
3919,4831,NME2,0,129,
3920,4832,NME3,0,29,
10211,67809,,0,77,
3927,4841,NONO,0,193,
3928,4842,NOS1,1,55,7638.0
3929,4843,NOS2,0,155,
3930,4846,NOS3,0,79,
26,31,ACACA,0,84,
3934,4851,NOTCH1,0,211,
3939,4856,NOV,0,35,
3943,810,CALML3,0,40,
3950,70405,,0,144,
659,790,CAD,0,131,
20345,65117,RSRC2,0,28,
3963,121278,TPH2,0,8,
3973,4899,NRF1,0,45,
20361,54205,CYCS,0,57,
3978,4904,YBX1,0,412,
3979,4905,NSF,0,95,
3982,4908,NTF3,1,12,2755.0
3983,4909,NTF4,1,10,23.0
20368,54209,TREM2,1,1,20.0
3986,4914,NTRK1,0,1965,
3987,4915,NTRK2,0,42,
3988,4916,NTRK3,0,25,
3990,4919,ROR1,0,8,
3992,4921,DDR2,0,13,
20377,226977,,0,28,
3997,4926,NUMA1,0,111,
4008,4942,OAT,0,54,
4009,235661,,0,49,
4022,4957,ODF2,0,129,
4027,4968,OGG1,1,10,6545.0
4033,4976,OPA1,0,37,
12226,115416,MALSU1,0,20,
673,808,CALM3,0,132,
12234,115426,UHRF2,0,55,
20434,128866,CHMP4B,0,120,
676,811,CALR,0,158,
4060,5009,OTC,1,5,9424.0
4062,835,CASP2,0,46,
4065,5015,OTX2,1,47,1581.0
4069,5019,OXCT1,0,82,
4081,5034,P4HB,0,148,
4082,116987,AGAP1,0,12,
4084,5037,PEBP1,0,67,
4086,5042,PABPC3,0,126,
4091,5048,PAFAH1B1,0,74,
4095,5052,PRDX1,0,154,
4096,5053,PAH,0,16,
4097,5054,SERPINE1,0,39,
4100,5058,PAK1,0,161,
4102,5062,PAK2,0,154,
4780,5879,RAC1,0,269,
4106,5066,PAM,0,27,
4110,5071,PRKN,1,426,30.0
8877,10982,MAPRE2,0,39,
12307,115572,TENT5B,0,63,
20505,653361,NCF1,0,49,
4128,5092,PCBD1,0,96,
4129,5093,PCBP1,0,192,
4130,5094,PCBP2,0,197,
8881,10987,COPS5,0,828,
4139,5104,SERPINA5,0,27,
4140,5105,PCK1,0,98,
8882,10988,METAP2,0,34,
4144,5110,PCMT1,0,115,
4145,5111,PCNA,1,390,8038.0
4787,5886,RAD23A,0,265,
20533,30836,DNTTIP2,0,29,
4155,5127,CDK16,0,46,
4157,5129,CDK18,0,92,
694,830,CAPZA2,0,270,
15713,100128927,ZBTB42,0,48,
4171,5144,PDE4D,0,69,
696,832,CAPZB,0,128,
15663,120892,LRRK2,1,154,105.0
4191,5165,PDK3,0,23,
4193,5167,ENPP1,0,21,
4795,5894,RAF1,0,209,
4196,5170,PDPK1,0,108,
4200,11785,,0,3,
17084,89941,RHOT2,0,28,
20592,30968,STOML2,0,122,
12405,219899,TBCEL,0,5,
12407,2914,GRM4,1,6,511.0
4221,5202,PFDN2,0,85,
18453,124801,LSM12,0,28,
12992,51143,DYNC1LI1,0,47,
4226,5207,PFKFB1,0,19,
4230,5211,PFKL,0,74,
4232,5213,PFKM,0,72,
4235,5216,PFN1,1,81,823.0
20621,5175,PECAM1,0,30,
4239,5223,PGAM1,0,54,
4245,5230,PGK1,0,102,
20631,55591,VEZT,0,16,
4250,5236,PGM1,0,62,
4253,5241,PGR,0,81,
4256,5245,PHB,0,356,
4257,136319,MTPN,0,41,
4259,5250,SLC25A3,0,311,
21191,64802,NMNAT1,0,41,
4278,5271,SERPINB8,0,17,
20665,63904,DUSP21,0,19,
20675,63915,BLOC1S5,0,29,
4295,5290,PIK3CA,0,82,
4300,5295,PIK3R1,0,307,
4301,5296,PIK3R2,0,144,
4305,5300,PIN1,0,309,
4308,5304,PIP,0,17,
4314,5310,PKD1,0,41,
4319,5315,PKM,0,194,
4321,5317,PKP1,0,34,
4322,5318,PKP2,0,62,
4325,5321,PLA2G4A,0,52,
4331,5327,PLAT,1,37,13882.0
4332,5328,PLAU,0,34,
4339,5335,PLCG1,0,279,
20725,55596,ZCCHC8,0,129,
4343,5339,PLEC,0,105,
4344,5340,PLG,0,68,
4349,5347,PLK1,0,268,
19840,29115,SAP30BP,0,50,
4358,5356,PLRG1,0,208,
4360,5358,PLS3,0,56,
4367,5366,PMAIP1,0,14,
4371,5371,PML,0,237,
20757,64062,RBM26,0,55,
8921,11034,DSTN,0,103,
13019,83939,EIF2A,0,111,
12584,50628,GEMIN4,0,273,
12585,83397,,0,8,
4398,5413,SEPT5,0,32,
4399,5414,SEPT4,0,23,
4408,5429,POLH,0,46,
4409,5430,POLR2A,0,345,
4410,5431,POLR2B,0,133,
20797,64112,MOAP1,0,28,
2101,2581,GALC,1,12,266.0
20803,64121,RRAGC,0,26,
10294,7763,ZFAND5,0,20,
4423,5444,PON1,1,3,2032.0
4424,5445,PON2,1,80,508.0
4428,5451,POU2F1,0,107,
11661,81608,FIP1L1,0,62,
4437,5460,POU5F1,0,68,
4440,5465,PPARA,0,83,
8932,11047,ADRM1,0,88,
4442,5468,PPARG,1,167,15253.0
4443,5469,MED1,0,124,
4450,5478,PPIA,0,116,
4451,5479,PPIB,0,99,
12646,83481,EPPK1,0,62,
4460,5495,PPM1B,0,61,
4463,5499,PPP1CA,0,356,
12656,10418,SPON1,0,6,
4465,5501,PPP1CC,0,308,
3475,4233,MET,0,83,
12663,345651,ACTBL2,0,49,
4475,55831,EMC3,0,32,
4477,5515,PPP2CA,0,262,
4479,5518,PPP2R1A,0,298,
4482,5521,PPP2R2B,0,159,
4485,5524,PTPA,0,67,
4486,5525,PPP2R5A,0,47,
4488,5527,PPP2R5C,0,43,
4491,5530,PPP3CA,0,87,
4494,5533,PPP3CC,0,27,
4497,5536,PPP5C,0,90,
4498,5537,PPP6C,0,61,
4499,5538,PPT1,0,37,
4506,5546,PRCC,0,26,
20895,64283,ARHGEF28,0,10,
4512,5552,SRGN,0,43,
20901,129831,RBM45,0,38,
4520,5562,PRKAA1,0,181,
4521,5563,PRKAA2,0,171,
4523,5565,PRKAB2,0,161,
4524,5566,PRKACA,0,420,
4525,5567,PRKACB,0,217,
4526,5568,PRKACG,0,158,
4534,5578,PRKCA,0,395,
4535,5579,PRKCB,0,202,
4536,5580,PRKCD,0,234,
4537,5581,PRKCE,0,175,
4538,5582,PRKCG,0,155,
4539,5583,PRKCH,0,121,
4540,5584,PRKCI,0,179,
4541,5585,PKN1,0,116,
4542,5586,PKN2,0,78,
4543,5587,PRKD1,0,63,
4544,5588,PRKCQ,0,138,
4545,5589,PRKCSH,0,57,
4546,5590,PRKCZ,0,229,
4547,5591,PRKDC,0,312,
4550,5594,MAPK1,1,402,1375.0
4551,5595,MAPK3,1,349,18195.0
4553,5597,MAPK6,0,282,
4554,5598,MAPK7,0,111,
4555,5599,MAPK8,0,256,
4556,5600,MAPK11,0,93,
4557,5601,MAPK9,0,204,
4558,5602,MAPK10,0,107,
4559,5603,MAPK13,0,153,
4560,5604,MAP2K1,0,115,
4561,5605,MAP2K2,0,58,
4562,5606,MAP2K3,0,42,
4563,5607,MAP2K5,0,44,
4564,5608,MAP2K6,0,39,
4565,5609,MAP2K7,0,71,
4566,5610,EIF2AK2,0,121,
20951,64393,ZMAT3,1,28,8937.0
4568,5612,THAP12,0,21,
12764,50873,,0,2,
4575,5621,PRNP,0,90,
4579,5626,PROP1,0,367,
4580,5627,PROS1,0,17,
4582,5630,PRPH,1,48,3334.0
19879,4869,NPM1,0,746,
12784,83667,SESN2,0,11,
4594,5646,PRSS3,0,11,
4597,5649,RELN,0,9,
4601,5653,KLK6,0,17,
20989,54431,DNAJC10,0,33,
4606,5660,PSAP,0,55,
4609,5663,PSEN1,1,137,6608.0
4610,5664,PSEN2,0,80,
12803,55161,TMEM33,0,81,
12813,50937,CDON,0,7,
4622,5682,PSMA1,0,275,
4623,5683,PSMA2,0,152,
4624,5684,PSMA3,0,301,
4625,5685,PSMA4,0,119,
4626,5686,PSMA5,0,143,
4627,5687,PSMA6,0,175,
4628,5688,PSMA7,0,134,
4629,5689,PSMB1,0,181,
4630,5690,PSMB2,0,102,
4631,5691,PSMB3,0,110,
4632,5692,PSMB4,0,124,
4634,5694,PSMB6,0,93,
4635,5695,PSMB7,0,97,
13061,83987,CCDC8,0,547,
4640,5700,PSMC1,0,147,
4641,5701,PSMC2,0,162,
4642,5702,PSMC3,0,190,
4643,5704,PSMC4,0,124,
4644,5705,PSMC5,0,202,
4645,5706,PSMC6,0,137,
4646,5707,PSMD1,0,135,
4647,5708,PSMD2,0,250,
4648,5709,PSMD3,0,180,
4649,5710,PSMD4,0,202,
4650,5711,PSMD5,0,94,
4651,5713,PSMD7,0,121,
4653,5715,PSMD9,0,73,
4654,5716,PSMD10,0,88,
4655,5717,PSMD11,0,147,
4656,5718,PSMD12,0,107,
4658,5720,PSME1,0,91,
4659,5721,PSME2,0,65,
4662,5725,PTBP1,0,161,
4664,5728,PTEN,0,246,
4665,5729,PTGDR,0,7,
12863,51001,MTERF3,0,29,
12866,116540,MRPL53,0,145,
4677,5743,PTGS2,0,47,
3429,4174,MCM5,0,302,
4681,5747,PTK2,0,200,
4683,5753,PTK6,0,34,
4687,5757,PTMA,0,87,
4691,5764,PTN,0,107,
4694,5770,PTPN1,0,142,
21079,22883,CLSTN1,0,22,
12892,51031,GLOD4,0,36,
4701,5778,PTPN7,0,11,
12895,51035,UBXN1,0,128,
4704,5781,PTPN11,0,175,
4705,5782,PTPN12,0,78,
4707,5784,PTPN14,0,41,
4710,5787,PTPRB,0,44,
4711,5788,PTPRC,0,84,
4714,5791,PTPRE,0,13,
4715,5792,PTPRF,0,53,
4716,5793,PTPRG,0,33,
12909,51053,GMNN,0,58,
4718,5795,PTPRJ,0,54,
4719,5796,PTPRK,0,109,
4720,5797,PTPRM,0,12,
18979,27335,EIF3K,0,115,
4723,5800,PTPRO,0,34,
4724,5801,PTPRR,0,11,
4726,5803,PTPRZ1,0,22,
21111,5427,POLE2,0,44,
12922,51068,NMD3,0,58,
21116,64689,GORASP1,0,27,
12927,51073,MRPL4,0,159,
4739,5824,PEX19,0,123,
12934,51081,MRPS7,0,120,
4744,5829,PXN,0,151,
12943,83858,ATAD3B,0,141,
4760,5859,QARS,0,166,
12953,51100,SH3GLB1,0,81,
12954,23524,SRRM2,0,330,
4765,5864,RAB3A,0,45,
4768,5867,RAB4A,0,51,
4769,5868,RAB5A,0,122,
3526,4301,AFDN,0,70,
12968,51116,MRPS2,0,178,
4779,5878,RAB5C,0,151,
159,191,AHCY,0,85,
21165,64770,CCDC14,0,80,
4784,5883,RAD9A,0,46,
4785,5884,RAD17,0,30,
4786,5885,RAD21,0,268,
12979,90441,ZNF622,0,50,
4788,5887,RAD23B,0,125,
4789,5888,RAD51,0,146,
21179,64786,TBC1D15,0,46,
12990,51141,INSIG2,0,41,
4800,5900,RALGDS,0,30,
4801,5901,RAN,0,253,
4803,5903,RANBP2,0,182,
4805,5906,RAP1A,0,85,
12999,51150,SDF4,0,82,
4809,5911,RAP2A,0,52,
4812,5914,RARA,0,145,
4818,5921,RASA1,0,97,
13012,83932,SPRTN,0,90,
4822,5925,RB1,0,257,
4825,5928,RBBP4,0,261,
21211,64837,KLC2,0,74,
4829,5932,RBBP8,0,63,
4832,5935,RBM3,0,42,
4833,5936,RBM4,0,155,
21220,64848,YTHDC2,0,25,
13037,51191,HERC5,0,101,
4846,5954,RCN1,0,113,
13043,51199,NIN,0,118,
4852,5962,RDX,0,90,
13046,51202,DDX47,0,151,
4855,5966,REL,0,389,
4859,5970,RELA,0,419,
4864,5976,UPF1,0,240,
4866,5978,REST,0,52,
4867,5979,RET,0,65,
4869,5981,RFC1,0,96,
4870,5982,RFC2,0,94,
4871,5983,RFC3,0,60,
4872,5984,RFC4,0,96,
4873,5985,RFC5,0,86,
4880,5993,RFX5,0,26,
21266,64927,TTC23,0,72,
4885,5998,RGS3,0,32,
4893,1001,CDH3,0,9,
4894,6009,RHEB,0,39,
21279,64951,MRPS24,0,91,
21283,64960,MRPS15,0,168,
13096,51256,TBC1D7,0,35,
13099,51259,TMEM216,0,244,
17202,24596,,0,3,
13102,51264,MRPL27,0,98,
21296,64978,MRPL38,0,70,
4916,6045,RNF2,0,756,
4921,6050,RNH1,0,37,
4924,1009,CDH11,0,4,
4925,6059,ABCE1,0,243,
13119,51283,BFAR,0,20,
21313,65003,MRPL11,0,139,
21317,65008,MRPL1,0,119,
4934,22858,ICK,0,31,
13129,84062,DTNBP1,0,146,
21322,65018,PINK1,1,64,393.0
4942,6093,ROCK1,0,64,
13139,116840,CNTROB,0,133,
13147,84080,ENKD1,0,177,
4956,6117,RPA1,0,494,
4957,6118,RPA2,0,471,
4958,6119,RPA3,0,399,
4961,6122,RPL3,0,257,
9019,11152,WDR45,1,12,1026.0
4964,6125,RPL5,0,282,
13157,51322,WAC,0,41,
21350,65080,MRPL44,0,121,
21351,130617,ZFAND2B,0,23,
4968,6130,RPL7A,0,334,
4969,6132,RPL8,0,348,
4970,6133,RPL9,0,257,
4971,6134,RPL10,0,448,
4972,6135,RPL11,0,384,
4973,6136,RPL12,0,285,
4974,6137,RPL13,0,358,
4975,6138,RPL15,0,255,
4976,6139,RPL17,0,234,
4978,6142,RPL18A,0,275,
4979,6143,RPL19,0,264,
4980,6144,RPL21,0,300,
4981,6146,RPL22,0,266,
4982,6147,RPL23A,0,307,
4985,6152,RPL24,0,333,
4986,6154,RPL26,0,306,
4987,6155,RPL27,0,231,
4988,6156,RPL30,0,238,
4989,6157,RPL27A,0,286,
4990,6158,RPL28,0,245,
4991,6159,RPL29,0,279,
4992,6160,RPL31,0,277,
9024,11157,LSM6,0,31,
21378,65125,WNK1,0,217,
4995,6165,RPL35A,0,234,
4997,6167,RPL37,0,100,
13190,51366,UBR5,0,136,
4999,6169,RPL38,0,239,
5001,6171,RPL41,0,89,
5004,6175,RPLP0,0,344,
5005,6176,RPLP1,0,253,
15853,55646,LYAR,0,232,
13200,51377,UCHL5,0,219,
5010,6181,RPLP2,0,193,
5011,6182,MRPL12,0,128,
5013,6184,RPN1,0,262,
5014,6185,RPN2,0,87,
5015,6187,RPS2,0,424,
5016,6188,RPS3,0,395,
5017,6189,RPS3A,0,395,
5018,6191,RPS4X,0,360,
5020,6193,RPS5,0,282,
5021,6194,RPS6,0,353,
5022,6195,RPS6KA1,0,115,
5025,6198,RPS6KB1,0,83,
5026,6199,RPS6KB2,0,207,
5027,6201,RPS7,0,358,
5028,6202,RPS8,0,448,
5029,6203,RPS9,0,368,
5030,6204,RPS10,0,225,
5031,6205,RPS11,0,255,
5032,6206,RPS12,0,219,
5033,6207,RPS13,0,350,
5034,6208,RPS14,0,263,
5036,6210,RPS15A,0,333,
5039,6217,RPS16,0,268,
5040,6218,RPS17,0,174,
5043,6222,RPS18,0,306,
5044,6223,RPS19,0,235,
5045,6224,RPS20,0,259,
5046,6227,RPS21,0,143,
5047,6228,RPS23,0,259,
5048,6229,RPS24,0,240,
5049,6230,RPS25,0,174,
5050,6231,RPS26,0,151,
5052,6233,RPS27A,0,304,
5057,6238,RRBP1,0,48,
5060,6241,RRM2,0,57,
5061,170082,TCEANC,0,116,
13255,51441,YTHDF2,0,39,
5068,6251,RSU1,0,31,
5072,6256,RXRA,0,156,
5073,6257,RXRB,0,82,
5075,6259,RYK,0,78,
5082,6272,SORT1,0,134,
13276,51465,UBE2J1,0,44,
13283,51473,DCDC2,0,21,
13284,51474,LIMA1,0,202,
15991,55791,LRIF1,0,161,
5102,6293,VPS52,0,118,
5103,6294,SAFB,0,94,
13299,51491,NOP16,0,23,
5108,6300,MAPK12,0,83,
13301,51493,RTCB,0,76,
5112,6304,SATB1,0,51,
13309,51501,HIKESHI,0,3,
5118,6311,ATXN2,1,62,1593.0
13311,51503,CWC15,0,189,
5123,6319,SCD,0,37,
5124,6320,CLEC11A,0,35,
5126,6323,SCN1A,0,75,
21523,229279,,0,31,
13332,84292,WDR83,0,195,
13338,51530,ZC3HC1,0,27,
13342,51534,VTA1,0,41,
13343,51535,PPHLN1,0,53,
13345,84305,PYM1,0,72,
13355,51547,SIRT7,0,666,
13356,51548,SIRT6,0,125,
13360,51552,RAB14,0,55,
5177,6382,SDC1,0,26,
5178,6383,SDC2,0,58,
863,1019,CDK4,0,203,
5180,6386,SDCBP,0,332,
15882,22907,DHX30,0,229,
13375,51567,TDP2,0,34,
13389,51588,PIAS4,0,100,
5199,55681,SCYL2,0,130,
13392,51593,SRRT,0,237,
5202,6416,MAP2K4,0,60,
4963,6124,RPL4,0,326,
5204,6418,SET,0,167,
5207,6421,SFPQ,0,234,
13400,51602,NOP58,0,189,
5212,6426,SRSF1,0,304,
5213,6427,SRSF2,0,259,
5214,6428,SRSF3,0,147,
5215,6429,SRSF4,0,165,
5217,6431,SRSF6,0,182,
5218,6432,SRSF7,0,222,
5220,6434,TRA2B,0,210,
13158,51324,SPG21,0,139,
4967,6129,RPL7,0,365,
5230,6446,SGK1,0,114,
13424,51631,LUC7L2,0,268,
5233,6449,SGTA,0,207,
13428,51637,RTRAF,0,84,
13429,51639,SF3B6,0,267,
9065,11201,POLI,0,22,
5240,6456,SH3GL2,0,80,
5241,6457,SH3GL3,0,61,
5243,203068,TUBB,0,361,
13437,51649,MRPS23,0,183,
5247,6464,SHC1,0,277,
13440,51652,CHMP3,0,36,
13443,51655,RASD1,0,36,
5254,6472,SHMT2,0,455,
13449,51663,ZFR,0,63,
5258,6477,SIAH1,0,179,
13460,51676,ASB2,0,38,
13462,51678,MPP6,0,40,
13463,84447,SYVN1,0,90,
5274,6497,SKI,0,123,
5277,6500,SKP1,0,251,
5278,6502,SKP2,0,135,
13471,84456,L3MBTL3,0,68,
5282,6506,SLC1A2,1,12,4242.0
5285,22930,RAB3GAP1,0,29,
13479,84464,SLX4,0,172,
13484,51701,NLK,0,62,
5296,6520,SLC3A2,0,60,
5307,6531,SLC6A3,1,18,3305.0
13174,51343,FZR1,0,135,
5318,55704,CCDC88A,0,69,
13511,51738,GHRL,1,12,592.0
13512,51741,WWOX,0,327,
13513,51742,ARID4B,0,52,
5324,55705,IPO9,0,123,
5329,22938,SNW1,0,291,
17090,57179,KIAA1191,0,19,
5341,6571,SLC18A2,1,6,1078.0
13549,84557,MAP1LC3A,0,122,
5359,6590,SLPI,0,15,
13554,84570,COL25A1,0,5,
5363,6595,SMARCA2,0,147,
5365,6597,SMARCA4,0,269,
5366,6598,SMARCB1,0,173,
5373,6606,SMN1,0,267,
5379,6612,SUMO3,0,185,
5380,6613,SUMO2,0,260,
5382,6615,SNAI1,0,73,
4993,6161,RPL32,0,166,
20012,283455,KSR2,0,8,
5387,6620,SNCB,0,22,
17282,57472,CNOT6,0,26,
13582,84612,PARD6B,0,89,
5391,6624,FSCN1,0,71,
5392,6625,SNRNP70,0,244,
2264,2793,GNGT2,0,20,
5394,6627,SNRPA1,0,267,
13187,84131,CEP78,0,21,
5398,6632,SNRPD1,0,233,
5399,6633,SNRPD2,0,223,
5402,6636,SNRPF,0,188,
5405,6640,SNTA1,0,99,
5412,6647,SOD1,1,199,249.0
4998,6168,RPL37A,0,241,
5419,6654,SOS1,0,92,
13619,84656,GLYR1,0,275,
13622,84661,DPY30,0,86,
5431,170506,DHX36,0,198,
5432,6667,SP1,0,441,
5433,6668,SP2,0,18,
5434,6670,SP3,0,98,
13631,84675,TRIM55,0,92,
13632,84676,TRIM63,0,95,
5445,6688,SPI1,0,59,
13641,84687,PPP1R9B,0,56,
5450,6693,SPN,0,23,
5452,6696,SPP1,0,97,
5453,6697,SPR,0,55,
13651,84701,COX4I2,0,19,
13654,84706,GPT2,0,12,
13656,84708,LNX1,0,497,
5466,6711,SPTBN1,0,147,
5469,6714,SRC,0,525,
5472,6717,SRI,0,39,
13665,84722,PSRC1,0,22,
5476,6721,SREBF2,0,113,
5477,6722,SRF,0,111,
13672,84735,CNDP1,0,32,
5485,6731,SRP72,0,55,
5487,6733,SRPK2,0,460,
5491,6737,TRIM21,0,105,
5494,6741,SSB,0,125,
10473,79649,MAP7D3,0,32,
5500,6748,SSR4,0,119,
5501,6749,SSRP1,0,284,
5516,6767,ST13,0,66,
13710,84790,TUBA1C,0,175,
5521,6772,STAT1,0,225,
5523,6774,STAT3,0,292,
5525,6776,STAT5A,0,106,
5526,6777,STAT5B,0,82,
5527,6778,STAT6,0,80,
5529,6780,STAU1,0,324,
5531,6782,HSPA13,0,14,
13727,117584,RFFL,0,25,
5537,6788,STK3,0,90,
5538,6789,STK4,0,79,
5539,6790,AURKA,0,297,
13732,84823,LMNB2,0,63,
3654,4513,MT-CO2,0,69,
5543,6794,STK11,0,108,
5552,6804,STX1A,0,178,
8493,10514,MYBBP1A,0,253,
5555,6811,STX5,0,74,
5556,6812,STXBP1,0,71,
5559,55749,CCAR1,0,62,
5561,6818,SULT1A3,0,16,
13760,84866,TMEM25,0,77,
13761,84867,PTPN5,1,20,3664.0
5571,6832,SUPV3L1,0,9,
13769,84875,PARP10,0,19,
5578,6839,SUV39H1,0,190,
5582,6844,VAMP2,0,88,
13775,19345,,0,110,
5586,6850,SYK,0,140,
5589,6853,SYN1,0,66,
13785,84892,POMGNT2,0,13,
13787,84894,LINGO1,0,21,
5602,6867,TACC1,0,40,
5603,6868,ADAM17,0,28,
5613,6878,TAF6,0,85,
5620,6885,MAP3K7,0,183,
9129,11281,POU6F2,0,141,
5629,6895,TARBP2,0,116,
5630,6897,TARS,0,148,
5631,6898,TAT,0,10,
5634,6901,TAZ,0,92,
13832,84946,LTV1,0,29,
9132,11284,PNKP,0,89,
5651,6919,TCEA2,0,141,
13845,112464,CAVIN3,0,62,
13846,84962,AJUBA,0,40,
5657,6925,TCF4,0,295,
5659,6927,HNF1A,0,81,
5661,6929,TCF3,0,208,
5664,6934,TCF7L2,0,60,
5671,6941,TCF19,0,13,
13867,84993,UBL7,0,44,
5678,6949,TCOF1,0,166,
5679,6950,TCP1,0,289,
462,554,AVPR2,0,18,
5691,6623,SNCG,0,34,
5692,72508,,0,6,
5707,6993,DYNLT1,0,136,
5712,7001,PRDX2,0,118,
5720,7010,TEK,0,30,
5723,7013,TERF1,0,323,
5724,7014,TERF2,0,267,
5725,7015,TERT,0,88,
5727,7018,TF,0,68,
13920,8723,SNX4,0,26,
5729,7020,TFAP2A,0,98,
5731,7022,TFAP2C,0,21,
7783,9702,CEP57,0,125,
5744,7037,TFRC,0,109,
5746,7039,TGFA,1,23,5850.0
13939,150684,COMMD1,0,63,
5753,7046,TGFBR1,0,321,
5755,7048,TGFBR2,0,112,
5757,7050,TGIF1,0,30,
5759,7052,TGM2,0,119,
5760,7053,TGM3,0,21,
5761,7054,TH,1,38,1911.0
5764,7057,THBS1,0,54,
13249,51434,ANAPC7,0,77,
5772,7067,THRA,0,110,
5773,7068,THRB,0,75,
5778,7073,TIAL1,0,81,
5787,7082,TJP1,0,140,
5788,7083,TK1,0,182,
5791,7086,TKT,0,154,
5793,7088,TLE1,0,142,
5795,7090,TLE3,0,64,
966,1141,CHRNB2,1,5,14031.0
5810,7106,TSPAN4,0,44,
14009,85302,FBF1,0,237,
5818,170954,PPP1R18,0,105,
14012,374666,WASH3P,0,19,
5827,7123,CLEC3B,0,19,
5828,7124,TNF,1,142,734.0
5832,7128,TNFAIP3,0,88,
9164,11337,GABARAP,0,104,
5835,7132,TNFRSF1A,0,219,
17357,57561,ARRDC3,0,41,
7801,9722,NOS1AP,0,37,
5850,7150,TOP1,0,279,
5852,7153,TOP2A,0,164,
5853,7155,TOP2B,0,102,
5855,7157,TP53,0,1001,
5856,7158,TP53BP1,0,175,
5857,7159,TP53BP2,0,184,
5858,7161,TP73,0,138,
5862,7165,TPD52L2,0,72,
5863,7166,TPH1,0,15,
5864,7167,TPI1,0,92,
5865,7168,TPM1,0,142,
5866,7169,TPM2,0,103,
5867,7170,TPM3,0,151,
5868,7171,TPM4,0,92,
14068,85409,NKD2,0,19,
5880,7184,HSP90B1,0,171,
5881,7185,TRAF1,0,306,
5882,7186,TRAF2,0,509,
5883,7187,TRAF3,0,140,
5885,7189,TRAF6,0,552,
14085,85440,DOCK7,0,66,
14094,85451,UNK,0,295,
2349,2896,GRN,1,110,6523.0
5923,7248,TSC1,0,119,
5924,7249,TSC2,1,72,4370.0
5926,7251,TSG101,0,215,
5932,7259,TSPYL1,0,27,
5937,7265,TTC1,0,93,
5944,7272,TTK,0,71,
5945,7273,TTN,0,76,
5948,7276,TTR,0,60,
5949,7277,TUBA4A,0,215,
5953,7283,TUBG1,0,255,
5954,7284,TUFM,0,243,
5965,7295,TXN,0,124,
5969,7299,TYR,0,8,
5978,7311,UBA52,0,293,
5980,7314,UBB,0,256,
5981,7316,UBC,0,1647,
5982,7317,UBA1,0,163,
5984,7319,UBE2A,0,88,
5985,7320,UBE2B,0,89,
5986,7321,UBE2D1,0,278,
5987,7322,UBE2D2,0,257,
5988,7323,UBE2D3,0,229,
5990,7325,UBE2E2,0,84,
5991,7326,UBE2G1,0,27,
14185,118424,UBE2J2,0,20,
5994,7329,UBE2I,0,502,
5997,7332,UBE2L3,0,143,
5999,7334,UBE2N,0,166,
6000,7335,UBE2V1,0,93,
6002,7337,UBE3A,0,178,
6005,7341,SUMO1,0,258,
14199,219988,PATL1,0,26,
6008,7345,UCHL1,1,63,2762.0
6010,7347,UCHL3,0,91,
14206,118471,PRAP1,0,23,
6034,7374,UNG,0,20,
6042,7385,UQCRC2,0,193,
6048,7391,USF1,0,88,
6049,7392,USF2,0,48,
18759,27034,ACAD8,0,65,
6062,7409,VAV1,0,91,
6064,7411,VBP1,0,68,
6065,7412,VCAM1,0,446,
6067,7414,VCL,0,182,
6068,7415,VCP,1,610,240.0
6069,7416,VDAC1,0,227,
6070,7417,VDAC2,0,191,
6071,7419,VDAC3,0,166,
6072,7421,VDR,0,127,
6078,7428,VHL,0,466,
6080,7430,EZR,0,176,
6081,7431,VIM,0,391,
6094,7448,VTN,0,99,
6099,7453,WARS,0,66,
6111,7468,NSD2,0,54,
2384,2934,GSN,0,88,
5117,6310,ATXN1,0,303,
6128,7486,WRN,0,55,
5119,6314,ATXN7,0,110,
1841,2213,FCGR2B,0,24,
6145,7511,XPNPEP1,0,71,
6147,7514,XPO1,0,1256,
6148,7515,XRCC1,0,82,
6153,7520,XRCC5,0,233,
6159,7528,YY1,0,172,
6160,7529,YWHAB,0,398,
6162,7531,YWHAE,0,426,
6163,7532,YWHAG,0,542,
6164,7533,YWHAH,0,343,
6165,7534,YWHAZ,0,662,
6166,7535,ZAP70,0,71,
6167,7536,SF1,0,265,
6168,7538,ZFP36,0,71,
8389,10397,NDRG1,0,110,
6180,6720,SREBF1,0,72,
13318,51510,CHMP5,0,51,
14386,53335,BCL11A,0,35,
16052,55854,ZC3H15,0,39,
14400,53353,LRP1B,0,15,
6225,6732,SRPK1,0,349,
6269,7706,TRIM25,0,91,
16070,23107,MRPS27,0,222,
14504,348487,FAM131C,0,10,
14515,25909,AHCTF1,0,24,
6331,7804,LRP8,1,39,538.0
6341,7818,DAP3,0,140,
21537,163786,SASS6,0,70,
6344,269966,,0,57,
6345,23149,FCHO1,0,46,
14546,3481,IGF2,1,23,9183.0
6359,7846,TUBA1A,0,399,
6364,7852,CXCR4,0,51,
6365,23154,NCDN,0,30,
1062,1277,COL1A1,0,56,
6380,7879,RAB7A,0,182,
6400,7916,PRRC2A,0,59,
6401,7917,BAG6,0,302,
6402,7918,GPANK1,0,68,
7851,9775,EIF4A3,0,451,
14609,153527,ZMAT2,0,54,
6429,7965,AIMP2,0,100,
6436,7979,SEM1,0,136,
6458,8021,NUP214,0,84,
6465,8031,NCOA4,0,31,
6471,728937,RPS26P25,0,201,
6484,8065,CUL5,0,482,
7908,9836,LCMT2,0,11,
14682,53938,PPIL3,0,197,
6492,8078,USP5,0,79,
15492,55165,CEP55,0,119,
6500,8087,FXR1,0,170,
6501,8089,YEATS4,0,106,
14700,283349,RASSF3,0,26,
6509,23196,FAM120A,0,41,
6510,8106,PABPN1,0,51,
14703,53981,CPSF2,0,80,
6518,23199,GSE1,0,60,
6520,8125,ANP32A,0,66,
6522,55968,NSFL1C,0,74,
6526,8139,GAN,0,197,
6531,8148,TAF15,0,99,
6536,8161,COIL,0,110,
6543,8175,SF3A2,0,234,
6551,8189,SYMPK,0,80,
6560,8202,NCOA3,0,134,
6561,8204,NRIP1,0,69,
6564,8208,CHAF1B,0,54,
14758,54107,POLE3,0,43,
6568,8214,DGCR6,0,66,
6573,8220,ESS2,0,186,
1096,1312,COMT,0,39,
14770,54130,,0,11,
6582,8237,USP11,0,135,
6583,8239,USP9X,0,139,
14790,54165,DCUN1D1,0,243,
6599,8266,UBL4A,0,306,
2468,3028,HSD17B10,0,122,
6619,8295,TRRAP,0,125,
6622,8301,PICALM,0,100,
5200,6414,SELENOP,1,5,19310.0
6630,8312,AXIN1,0,85,
12028,16709,,0,73,
6645,8328,GFI1B,0,79,
6651,8335,HIST1H2AB,0,108,
6658,8342,HIST1H2BM,0,121,
6660,8344,HIST1H2BE,0,100,
6665,8349,HIST2H2BE,0,207,
6666,8350,HIST1H3A,0,309,
6667,8351,HIST1H3D,0,66,
6668,8352,HIST1H3C,0,87,
6669,8353,HIST1H3E,0,240,
6670,8354,HIST1H3I,0,65,
6671,8355,HIST1H3G,0,66,
6672,8356,HIST1H3J,0,78,
6673,8357,HIST1H3H,0,67,
6674,8358,HIST1H3B,0,76,
6675,8359,HIST1H4A,0,181,
17499,57727,NCOA5,0,47,
6697,8394,PIP5K1A,0,41,
6701,8398,PLA2G6,1,15,12880.0
14894,54386,TERF2IP,0,162,
6708,8407,TAGLN2,0,128,
13406,51608,GET4,0,61,
6711,8411,EEA1,0,50,
6712,8412,BCAR3,0,74,
6719,8428,STK24,0,84,
6720,8431,NR0B2,0,65,
6737,8450,CUL4B,0,382,
18321,26258,BLOC1S6,0,63,
6739,8452,CUL3,0,1228,
6740,8453,CUL2,0,507,
6741,8454,CUL1,0,763,
6744,8458,TTF2,0,53,
14941,54464,XRN1,0,113,
6750,170712,COX7B2,0,15,
6752,8467,SMARCA5,0,215,
6755,8471,IRS4,0,107,
14949,54472,TOLLIP,0,124,
6761,8481,OFD1,0,274,
14955,54478,PIMREG,0,18,
6765,8487,GEMIN2,0,182,
14963,54487,DGCR8,0,64,
6778,8502,PKP4,0,48,
6784,8508,NIPSNAP1,0,64,
13419,117159,DCD,0,43,
6789,8514,KCNAB2,0,40,
6792,8517,IKBKG,0,465,
6805,8531,YBX3,0,100,
6807,8533,COPS3,0,97,
6810,8536,CAMK1,0,44,
17519,57761,TRIB3,0,58,
6814,8540,AGPS,0,27,
6817,8543,LMO4,0,135,
6828,8554,PIAS1,0,191,
6842,8569,MKNK1,0,70,
6843,8570,KHSRP,0,99,
6846,8573,CASK,0,91,
6847,8574,AKR7A2,0,42,
10793,80025,PANK2,1,25,354.0
6860,8600,TNFSF11,0,43,
6862,8602,NOP14,0,22,
2509,3074,HEXB,0,46,
6867,8607,RUVBL1,0,279,
6874,8615,USO1,0,73,
6883,8626,TP63,0,143,
6887,8631,SKAP1,0,97,
6904,8648,NCOA1,0,122,
6905,8649,LAMTOR3,0,85,
6906,8650,NUMB,0,58,
6910,8655,DYNLL1,0,294,
6914,8659,ALDH4A1,0,59,
15107,54708,MARCH5,0,38,
6917,8662,EIF3B,0,140,
6918,8663,EIF3C,0,142,
6919,8664,EIF3D,0,142,
6920,8665,EIF3F,0,124,
6921,8666,EIF3G,0,62,
6922,8667,EIF3H,0,84,
6923,8668,EIF3I,0,164,
15118,382406,,0,23,
6930,8676,STX11,0,93,
6932,8678,BECN1,0,87,
16174,23214,XPO6,0,28,
6935,8682,PEA15,0,36,
15128,54739,XAF1,0,15,
7983,9921,RNF10,0,45,
17542,156110,,0,65,
6963,8711,TNK1,0,32,
6968,8717,TRADD,0,92,
6977,8726,EED,0,483,
15171,54801,HAUS6,0,55,
6986,8737,RIPK1,0,100,
16183,23224,SYNE2,0,40,
18914,27250,PDCD4,0,59,
15183,54814,QPCTL,0,20,
6998,8751,ADAM15,0,48,
7000,8754,ADAM9,0,25,
7005,8761,PABPC4,0,142,
7007,8764,TNFRSF14,0,80,
7009,8766,RAB11A,0,90,
7010,8767,RIPK2,0,92,
7011,2517,FUCA1,0,11,
7013,8772,FADD,0,87,
7014,8773,SNAP23,0,66,
15207,284217,LAMA1,0,49,
7016,8775,NAPA,0,56,
15213,54850,FBXL12,0,40,
7037,8797,TNFRSF10A,0,32,
16192,23235,SIK2,0,34,
7063,8825,LIN7A,0,39,
7064,8826,IQGAP1,0,284,
7066,8829,NRP1,0,41,
7067,8831,SYNGAP1,0,30,
15260,54902,TTC19,1,38,5175.0
7077,8841,HDAC3,0,238,
7084,8850,KAT2B,0,206,
7085,8851,CDK5R1,1,48,1125.0
15292,284312,ZSCAN1,0,50,
7101,8870,IER3,0,17,
15294,54938,SARS2,0,30,
7105,8874,ARHGEF7,0,50,
7109,8878,SQSTM1,1,246,418.0
7114,8883,NAE1,0,110,
7116,8886,DDX18,0,189,
7117,8887,TAX1BP1,0,102,
7119,8890,EIF2B4,0,66,
7120,8891,EIF2B3,0,51,
7121,8892,EIF2B2,0,56,
7123,8894,EIF2S2,0,74,
7129,8900,CCNA1,0,84,
15324,54971,BANP,0,173,
15335,54984,PINX1,0,121,
7147,8924,HERC2,0,224,
7148,8925,HERC1,0,33,
7155,8933,RTL8C,0,22,
7159,107242,,0,63,
7160,8939,FUBP3,0,65,
7163,8942,KYNU,0,55,
7165,8945,BTRC,0,353,
15359,55008,HERC6,0,6,
7175,8968,HIST1H3F,0,66,
7178,8971,H1FX,0,146,
7181,8975,USP13,0,53,
7182,8976,WASL,0,82,
7185,50649,ARHGEF4,0,82,
15378,55031,USP47,0,42,
7188,8986,RPS6KA4,0,20,
15384,55037,PTCD3,0,164,
7195,8994,LIMD1,0,40,
7197,8996,NOL3,0,42,
7201,9001,HAP1,0,101,
7208,9020,MAP3K14,0,154,
7209,9021,SOCS3,0,79,
7213,9025,RNF8,0,87,
7219,9031,BAZ1B,0,66,
15413,55072,RNF31,0,62,
15415,55075,UACA,0,40,
7224,9040,UBE2M,0,136,
7227,9045,RPL14,0,370,
15429,55092,TMEM51,0,27,
15430,55093,WDYHV1,0,307,
15431,55094,GPATCH1,0,116,
7243,9063,PIAS2,0,204,
7249,9070,ASH2L,0,96,
15448,55114,ARHGAP17,0,50,
15453,55120,FANCL,0,62,
7266,9092,SART1,0,227,
7268,9094,UNC119,0,123,
15464,55132,LARP1B,0,21,
7273,9099,USP2,0,169,
7274,9100,USP10,0,53,
7275,9101,USP8,0,82,
15469,55139,ANKZF1,0,11,
7290,9118,INA,0,23,
15484,55156,ARMC1,0,41,
15489,3732,CD82,0,40,
7300,9128,PRPF4,0,227,
7301,9129,PRPF3,0,281,
15495,55168,MRPS18A,0,90,
7305,9133,CCNB2,0,34,
15498,55172,DNAAF2,0,68,
7307,9135,RABEP1,0,83,
15503,55177,RMDN3,0,34,
7312,9140,ATG12,0,70,
7317,9146,HGS,0,355,
7328,9158,FIBP,0,23,
7335,9167,COX7A2L,0,23,
2588,3172,HNF4A,0,106,
15535,55210,ATAD3A,0,66,
7346,9181,ARHGEF2,0,61,
15540,55215,FANCI,0,51,
5321,6548,SLC9A1,0,43,
7353,9188,DDX21,0,228,
7355,9191,DEDD,0,36,
15551,55226,NAT10,0,156,
7362,9201,DCLK1,0,19,
7364,9203,ZMYM3,0,57,
15559,55234,SMU1,0,56,
7373,9212,AURKB,0,180,
7378,9217,VAPB,1,139,583.0
7379,9218,VAPA,0,224,
7382,9221,NOLC1,0,199,
7384,9223,MAGI1,0,41,
7389,9230,RAB11B,0,83,
7390,9231,DLG5,0,33,
18981,27338,UBE2S,0,58,
2598,3183,HNRNPC,0,386,
2599,3184,HNRNPD,0,342,
15596,55275,VPS53,0,19,
7406,9252,RPS6KA5,0,94,
7409,9255,AIMP1,0,67,
7415,9261,MAPKAPK2,0,70,
15612,55294,FBXW7,0,182,
2602,3188,HNRNPH2,0,192,
7422,9270,ITGB1BP1,0,15,
15616,55299,BRIX1,0,167,
7430,9282,MED14,0,90,
15629,284695,ZNF326,0,188,
18989,27347,STK39,0,33,
15643,55333,SYNJ2BP,0,26,
7452,9314,KLF4,0,38,
7456,9319,TRIP13,0,166,
15650,55340,GIMAP5,0,27,
15652,55342,STRBP,0,38,
7461,9325,TRIP4,0,53,
7464,9328,GTF3C5,0,58,
15657,55347,ABHD10,0,10,
7466,9330,GTF3C3,0,61,
13533,51765,STK26,0,70,
7475,9343,EFTUD2,0,294,
15671,55366,LGR4,0,201,
7480,9349,RPL23,0,396,
15680,55388,MCM10,0,60,
7491,9361,LONP1,0,51,
1886,2264,FGFR4,0,42,
7500,9372,ZFYVE9,0,52,
7501,9373,PLAA,0,38,
7502,9374,PPT2,0,27,
7504,9377,COX5A,0,66,
15699,55798,METTL2B,0,5,
7516,9391,CIAO1,0,120,
7521,9397,NMT2,0,23,
7524,9400,RECQL5,0,54,
8081,10036,CHAF1A,0,120,
7532,9410,SNRNP40,0,202,
7557,9445,ITM2B,0,35,
7560,9448,MAP4K4,0,69,
7566,9454,HOMER3,0,99,
7573,9463,PICK1,0,404,
7582,140545,RNF32,0,44,
7583,9474,ATG5,0,91,
7586,9477,MED20,0,126,
7588,9479,MAPK8IP1,0,38,
15782,22803,XRN2,0,89,
15787,55576,STAB2,0,8,
7605,9500,MAGED1,0,177,
7609,140576,S100A16,0,32,
15803,22826,DNAJC8,0,178,
15804,22827,PUF60,0,260,
7616,9513,FXR2,0,239,
15809,55602,CDKN2AIP,0,44,
7619,9516,LITAF,0,43,
7622,9519,TBPL1,0,30,
15817,55610,VPS50,0,33,
15818,55611,OTUB1,0,94,
15823,22848,AAK1,0,22,
7633,9531,BAG3,0,493,
7634,9532,BAG2,0,125,
15833,55626,AMBRA1,0,93,
15835,317772,HIST2H2AB,0,36,
15837,55630,SLC39A4,0,95,
7647,9546,APBA3,0,12,
7653,9554,SEC22B,0,75,
6738,8451,CUL4A,0,383,
7676,9582,APOBEC3B,0,14,
7678,9584,RBM39,0,259,
15873,55666,NPLOC4,0,94,
7682,9588,PRDX6,0,80,
15876,55669,MFN1,0,13,
15880,22905,EPN2,0,48,
7689,9600,PITPNM1,0,11,
7690,9601,PDIA4,0,75,
7692,9604,RNF14,0,34,
15888,22913,RALY,0,181,
7698,9611,NCOR1,0,179,
15893,22919,MAPRE1,0,177,
7705,9618,TRAF4,0,152,
15900,22926,ATF6,0,32,
15903,55697,VAC14,0,123,
7712,9627,SNCAIP,0,31,
15905,55699,IARS2,0,38,
15907,219541,MED19,0,122,
7721,9636,ISG15,0,194,
7726,9641,IKBKE,0,392,
15920,22948,CCT5,0,173,
15924,55720,TSR1,0,118,
7739,9655,SOCS5,0,10,
7740,9656,MDC1,0,196,
7741,9657,IQCB1,0,213,
7746,9662,CEP135,0,170,
15939,55738,ARFGAP1,0,45,
15941,55740,ENAH,0,43,
7750,9667,SAFB2,0,57,
15945,22976,PAXIP1,0,266,
5389,6622,SNCA,1,390,462.0
15952,22983,MAST1,0,41,
15954,22985,ACIN1,0,218,
15955,55754,TMEM30A,0,54,
7774,9693,RAPGEF2,0,105,
7775,9694,EMC2,0,111,
7776,9695,EDEM1,0,28,
15969,55768,NGLY1,0,24,
7781,9700,ESPL1,0,36,
7782,9701,PPP6R2,0,41,
5393,6626,SNRPA,0,254,
7789,9709,HERPUD1,0,29,
5395,6628,SNRPB,0,317,
15988,23020,SNRNP200,0,377,
10857,80125,CCDC33,0,155,
15993,23025,UNC13A,1,9,819.0
15994,55794,DDX28,0,33,
7812,9733,SART3,0,241,
16321,23376,UFL1,0,26,
7821,9743,ARHGAP32,0,50,
16015,23047,PDS5B,0,44,
16022,23054,NCOA6,0,102,
7836,9759,HDAC4,0,203,
16029,23062,GGA2,0,42,
16031,55832,CAND1,0,700,
7850,9774,BCLAF1,0,99,
16043,23077,MYCBP2,0,56,
7858,9782,MATR3,1,313,1133.0
7860,9784,SNX17,0,33,
7863,9787,DLGAP5,0,15,
7876,9801,MRPL19,0,107,
7877,9802,DAZAP2,0,195,
7878,9804,TOMM20,0,49,
16079,23118,TAB2,0,134,
7890,9817,KEAP1,0,134,
7893,9820,CUL7,0,649,
7894,9821,RB1CC1,0,83,
5413,6648,SOD2,1,114,455.0
16097,23136,EPB41L3,0,103,
16098,121441,NEDD1,0,145,
16100,55907,CMAS,0,38,
16107,55914,ERBIN,0,99,
7917,9846,GAB2,0,57,
16115,55922,NKRF,0,40,
7926,9857,CEP350,0,63,
16121,23160,WDR43,0,18,
7931,9862,MED24,0,87,
7932,9863,MAGI2,0,29,
16126,23165,NUP205,0,62,
7936,9868,TOMM70,0,39,
7937,9869,SETDB1,0,161,
7943,9877,ZC3H11A,0,48,
16144,23184,MESD,0,27,
7956,9891,NUAK1,0,54,
16151,23191,CYFIP1,0,67,
7960,9896,FIG4,1,5,4326.0
16155,23195,MDN1,0,45,
16157,23197,FAF2,0,192,
16158,55966,AJAP1,0,3,
7972,9908,G3BP2,0,67,
16168,23208,SYT11,0,14,
2695,3295,HSD17B4,0,72,
7982,9919,SEC16A,0,157,
16175,23215,PRRC2C,0,33,
7986,9924,PAN2,0,343,
17715,58155,PTBP2,0,27,
7989,9927,MFN2,0,15,
7631,9529,BAG5,0,48,
2697,3297,HSF1,0,116,
16189,121536,AEBP2,0,25,
7999,9939,RBM8A,0,248,
13087,51247,PAIP2,0,15,
16193,23236,PLCB1,0,83,
18270,26191,PTPN22,0,25,
8162,10130,PDIA6,0,96,
16212,23256,SCFD1,0,53,
19086,75590,,0,4,
8025,9968,MED12,0,94,
8028,9971,NR1H4,0,30,
8029,9972,NUP153,0,123,
8034,9978,RBX1,0,195,
8041,9987,HNRNPDL,0,128,
16234,23283,CSTF2T,0,36,
8045,9991,PTBP3,0,18,
16241,23291,FBXW11,0,403,
8053,10000,AKT3,0,76,
19090,93099,DMKN,0,10,
16253,23304,UBR2,0,46,
8062,10010,TANK,0,76,
8064,10013,HDAC6,0,259,
8065,10014,HDAC5,0,370,
8066,10015,PDCD6IP,0,142,
8067,10016,PDCD6,0,121,
8068,10017,BCL2L10,0,16,
8069,10018,BCL2L11,0,62,
14999,3998,LMAN1,0,70,
8077,1671,DEFA6,0,4,
10904,80196,RNF34,0,21,
8086,10043,TOM1,0,41,
16280,23332,CLASP1,0,35,
8089,10048,RANBP9,0,141,
8090,10049,DNAJB6,0,58,
8094,10053,AP1M2,0,36,
8096,10055,SAE1,0,66,
8097,10056,FARSB,0,104,
8100,10059,DNM1L,0,60,
9542,7498,XDH,1,4,12227.0
8103,10062,NR1H3,0,43,
8112,10075,HUWE1,0,461,
16308,23363,OBSL1,0,619,
15006,54541,DDIT4,1,16,2481.0
16310,23365,ARHGEF12,0,32,
16312,23367,LARP1,0,91,
8124,203286,ANKS6,0,6,
8129,10095,ARPC1B,0,73,
8130,10096,ACTR3,0,98,
8131,10097,ACTR2,0,159,
8135,10101,NUBP2,0,63,
16330,23385,NCSTN,0,132,
8142,10109,ARPC2,0,88,
16335,23390,ZDHHC17,0,237,
8144,10111,RAD50,0,119,
16337,23392,ECPAS,0,137,
16341,23396,PIP5K1C,0,22,
8152,10120,ACTR1B,0,49,
16345,23400,ATP13A2,1,61,841.0
16349,23405,DICER1,0,223,
8160,10128,LRPPRC,0,203,
16354,23411,SIRT1,1,261,2087.0
8163,10131,TRAP1,0,117,
8164,10133,OPTN,1,99,3090.0
8165,10134,BCAP31,0,87,
8166,10135,NAMPT,0,30,
8168,10137,RBM12,0,33,
8171,10140,TOB1,0,47,
16367,23426,GRIP1,0,61,
8176,10146,G3BP1,0,133,
8177,10147,SUGP2,0,35,
16374,23435,TARDBP,1,319,2643.0
8185,10155,TRIM28,0,256,
8189,10159,ATP6AP2,0,109,
1365,1634,DCN,0,37,
