Disease ID,Disease Name,Fold Mean Rank,Fold Recall-at-25,Fold Mean Average Precision,Fold Recall-at-100,Full Recall-at-50,Fold Recall-at-50,Full Recall-at-25,Full Mean Average Precision,Fold Recall-at-10,Full Recall-at-10,Full Recall-at-100,Fold AUROC,Full Mean Rank,Full AUROC
C0524620,Metabolic Syndrome X,534.58,0.15,0.0116636657521,0.175,0.025,0.175,0.0,0.0013152263822,0.05,0.0,0.05,0.975272820227,5319.09,0.752901794014
C0149721,Left Ventricular Hypertrophy,246.933333333,0.333333333333,0.153330451693,0.583333333333,0.25,0.55,0.15,0.0614443051179,0.25,0.1,0.25,0.988611278812,2479.25,0.884941717364
C0005684,Malignant neoplasm of urinary bladder,643.55,0.1,0.00896162591971,0.1,0.05,0.1,0.0,0.00124536627896,0.05,0.0,0.1,0.970180121629,6411.1,0.702415161785
C0015934,Fetal Growth Retardation,248.3,0.3,0.132334767633,0.5,0.2,0.4,0.2,0.0203344466002,0.3,0.1,0.3,0.98852276419,2510.0,0.883556875667
C0034065,Pulmonary Embolism,577.85,0.25,0.0182072952664,0.35,0.1,0.35,0.0,0.00250764408498,0.15,0.0,0.25,0.973229369721,5779.05,0.731829573935
C1862939,AMYOTROPHIC LATERAL SCLEROSIS 1,554.745,0.11,0.0361043139473,0.24,0.02,0.155,0.02,0.00331573522066,0.07,0.02,0.07,0.974342398884,5552.28,0.742008368201
C0033805,Pseudohypoaldosteronism,110.666666667,0.666666666667,0.294051792828,0.666666666667,0.555555555556,0.666666666667,0.444444444444,0.0255050014276,0.666666666667,0.333333333333,0.666666666667,0.994910587216,1099.33333333,0.949028525463
C0007137,Squamous cell carcinoma,274.029166667,0.240277777778,0.0539200106259,0.516666666667,0.05,0.395833333333,0.0125,0.00811354769795,0.05,0.0125,0.106944444444,0.987455566421,2707.97083333,0.874112201577
C0038587,Substance Withdrawal Syndrome,344.48,0.256666666667,0.0840716700095,0.53,0.116666666667,0.376666666667,0.0566666666667,0.00805391423226,0.186666666667,0.02,0.19,0.984125552197,3424.79,0.840888630551
C0993582,"Arthritis, Experimental",345.741666667,0.183333333333,0.0444291930639,0.408333333333,0.025,0.283333333333,0.025,0.00303379457254,0.05,0.0,0.05,0.984046302321,3365.76666667,0.843697524553
C0020557,Hypertriglyceridemia,639.95,0.2,0.0387991453355,0.3,0.1,0.3,0.1,0.00484078647702,0.15,0.0,0.2,0.970349997679,6377.8,0.704005941605
C0334588,Giant Cell Glioblastoma,306.1,0.0,0.00583543184022,0.4,0.0,0.25,0.0,0.000581995293293,0.0,0.0,0.0,0.985843583198,3065.5,0.857767463449
C0018798,Congenital Heart Defects,432.433333333,0.175,0.0458599424375,0.2,0.025,0.175,0.025,0.00292236058451,0.125,0.0,0.125,0.980011925781,4278.59166667,0.801303123935
C0235833,Congenital diaphragmatic hernia,495.1,0.4,0.0240536081796,0.7,0.1,0.4,0.0,0.00270128328476,0.2,0.0,0.2,0.977069989789,4889.6,0.773111018286
C0086543,Cataract,478.883333333,0.266666666667,0.119899850598,0.416666666667,0.166666666667,0.366666666667,0.166666666667,0.0381928267729,0.166666666667,0.116666666667,0.266666666667,0.977835562159,4795.13333333,0.777414174715
C0023467,"Leukemia, Myelocytic, Acute",409.191666667,0.0257575757576,0.021957357512,0.243181818182,0.00833333333333,0.12196969697,0.0,0.00234726784811,0.00833333333333,0.0,0.00833333333333,0.981204921346,4034.58257576,0.812141737747
C0007131,Non-Small Cell Lung Carcinoma,465.623484848,0.107575757576,0.0359333494596,0.297727272727,0.0363636363636,0.171212121212,0.0181818181818,0.00337077234226,0.0628787878788,0.0,0.0537878787879,0.978570242667,4623.39318182,0.784694433376
C2931456,"Prostate cancer, familial",766.15,0.25,0.0104288139394,0.25,0.0,0.25,0.0,0.00120694907498,0.1,0.0,0.15,0.964491273672,7608.45,0.64689472707
C0023890,Liver Cirrhosis,295.92,0.246666666667,0.065757494004,0.546666666667,0.1,0.396666666667,0.06,0.00718888809169,0.136666666667,0.0,0.193333333333,0.986387015765,2904.13333333,0.865091692632
C0034069,Pulmonary Fibrosis,205.6,0.335,0.0725323148144,0.455,0.12,0.375,0.02,0.00808213708808,0.29,0.0,0.335,0.990576037938,2008.85,0.906739039472
C0265275,Jeune thoracic dystrophy,159.111111111,0.444444444444,0.0184095262831,0.777777777778,0.0,0.666666666667,0.0,0.00211710771019,0.111111111111,0.0,0.111111111111,0.992662376503,1551.11111111,0.92806241363
C0242698,"Ventricular Dysfunction, Left",495.0,0.1,0.00662202930162,0.2,0.0,0.2,0.0,0.000840799597661,0.0,0.0,0.05,0.977079658342,4902.85,0.772463095349
C0344388,Platelet mean volume finding,890.583333333,0.0,0.00217169638128,0.0333333333333,0.0,0.0,0.0,0.000212650596706,0.0,0.0,0.0,0.958723117655,8961.88333333,0.583815628532
C0677050,Manganese Poisoning,448.4,0.1,0.103596998446,0.35,0.1,0.25,0.1,0.00350022305233,0.1,0.0,0.1,0.979237445466,4477.55,0.792235217674
C0020452,Hyperemia,293.85,0.05,0.00872893595071,0.45,0.0,0.15,0.0,0.000895463024016,0.05,0.0,0.0,0.986413850724,2860.55,0.867276271816
C0043459,Zellweger Syndrome,6.3,0.9,0.597031024531,1.0,0.7,1.0,0.65,0.519973488905,0.9,0.5,0.9,0.999765574227,50.35,0.997720731594
C0019189,"Hepatitis, Chronic",222.566666667,0.383333333333,0.138478519972,0.65,0.233333333333,0.516666666667,0.133333333333,0.0156024958638,0.283333333333,0.05,0.283333333333,0.989739184274,2207.35,0.897573717205
C0341106,Eosinophilic esophagitis,1152.3,0.0,0.000923308209455,0.0,0.0,0.0,0.0,9.09792761504e-05,0.0,0.0,0.0,0.946557727125,11548.35,0.46385729539
C0026691,Mucocutaneous Lymph Node Syndrome,822.55,0.05,0.00579529420418,0.15,0.0,0.15,0.0,0.000735372367182,0.05,0.0,0.05,0.961872273276,8101.7,0.62403230298
C0546837,Malignant neoplasm of esophagus,532.4,0.1,0.00945431468612,0.25,0.05,0.25,0.0,0.00128978807281,0.05,0.0,0.05,0.975347044895,5333.25,0.752456010028
C0008312,Primary biliary cirrhosis,489.0,0.3,0.182821137776,0.4,0.3,0.4,0.25,0.0161939625136,0.3,0.0,0.3,0.977363264927,4857.0,0.774557758381
C0010606,Adenoid Cystic Carcinoma,513.432222222,0.0733333333333,0.0452970565351,0.233333333333,0.0522222222222,0.123333333333,0.0111111111111,0.00339614523225,0.0633333333333,0.0,0.0633333333333,0.97632667433,5073.37555556,0.763821625708
C1838979,MITOCHONDRIAL COMPLEX I DEFICIENCY,144.433333333,0.833333333333,0.236244170609,0.866666666667,0.666666666667,0.866666666667,0.233333333333,0.0347917755724,0.8,0.05,0.833333333333,0.993377457811,1410.08333333,0.934592042112
C3809874,"LEUKEMIA, ACUTE LYMPHOBLASTIC, SUSCEPTIBILITY TO, 3",265.633333333,0.2,0.0187577673359,0.45,0.05,0.3,0.0,0.00193478131482,0.1,0.0,0.1,0.987737586677,2632.13333333,0.877851814017
C0002878,"Anemia, Hemolytic",291.75,0.25,0.00900943384874,0.35,0.0,0.25,0.0,0.000976789162988,0.0,0.0,0.0,0.986509631005,2836.9,0.868377813878
C0009447,Common Variable Immunodeficiency,247.25,0.45,0.0535017649776,0.7,0.2,0.5,0.2,0.0078654448921,0.25,0.0,0.25,0.988575075424,2500.75,0.883980041773
C0033941,"Psychoses, Substance-Induced",394.75,0.15,0.0167679987361,0.4,0.0,0.3,0.0,0.00160736947138,0.15,0.0,0.15,0.98173630455,3901.35,0.818941504178
C0011881,Diabetic Nephropathy,312.966666667,0.158333333333,0.0447545516125,0.408333333333,0.05,0.291666666667,0.05,0.00397032692063,0.05,0.025,0.1,0.985566140025,3128.55,0.854730483271
C0206698,Cholangiocarcinoma,383.683333333,0.183333333333,0.0278728478893,0.316666666667,0.05,0.216666666667,0.05,0.00350133098059,0.1,0.0,0.1,0.982260561309,3800.36666667,0.823588600443
C0085110,Severe Combined Immunodeficiency,35.4,0.6,0.159757122961,0.95,0.2,0.7,0.2,0.0169483023542,0.5,0.2,0.4,0.998405736564,347.45,0.983922769888
C0027720,Nephrosis,96.1,0.6,0.206097930008,0.85,0.25,0.8,0.15,0.0156967884531,0.5,0.15,0.5,0.995596973354,963.35,0.95533840869
C0271650,Impaired glucose tolerance,421.75,0.25,0.0575653433219,0.45,0.05,0.35,0.0,0.00155105764395,0.05,0.0,0.05,0.980474333983,4165.05,0.806739069897
C0428977,Bradycardia,274.166666667,0.333333333333,0.0787917258223,0.683333333333,0.1,0.533333333333,0.1,0.00718699920799,0.15,0.05,0.15,0.987346553352,2702.86666667,0.874556881685
C0028326,Noonan Syndrome,215.55,0.45,0.242115006056,0.75,0.35,0.6,0.25,0.0259510748393,0.4,0.1,0.45,0.990055710306,2162.1,0.899686629526
C0017658,Glomerulonephritis,136.616666667,0.283333333333,0.0778364263171,0.616666666667,0.15,0.45,0.0666666666667,0.00892630436438,0.25,0.0666666666667,0.25,0.99374254881,1323.78333333,0.938599873039
C0265965,Dyskeratosis Congenita,204.4,0.55,0.343329194343,0.65,0.4,0.65,0.4,0.256858820185,0.45,0.25,0.45,0.990563935948,2018.45,0.906365746113
C0236969,Substance-Related Disorders,905.643636364,0.0290909090909,0.00896035402138,0.125454545455,0.0,0.0581818181818,0.0,0.000924122311774,0.0,0.0,0.0,0.958049959317,8948.17090909,0.583143889953
C0040336,Tobacco Use Disorder,656.1,0.2,0.00721156149819,0.2,0.0,0.2,0.0,0.000647380856112,0.0,0.0,0.0,0.969595284508,6455.95,0.700410749095
C0206754,Neuroendocrine Tumors,170.0,0.3,0.0204916059805,0.5,0.0,0.5,0.0,0.00264805532907,0.2,0.0,0.3,0.992156680744,1642.8,0.923803777788
C0027659,"Neoplasms, Experimental",335.658333333,0.125,0.0288807356585,0.325,0.0666666666667,0.3,0.0666666666667,0.00428669475189,0.0666666666667,0.0333333333333,0.0666666666667,0.984505280927,3341.00833333,0.844877423651
C0455988,"Hydrops Fetalis, Non-Immune",681.95,0.3,0.0310736324756,0.4,0.15,0.4,0.05,0.00371461401706,0.25,0.0,0.25,0.968398700395,6703.3,0.688920863309
C0026636,Mouth Diseases,575.65,0.15,0.0192721168376,0.25,0.05,0.2,0.05,0.0040100239233,0.05,0.05,0.05,0.973332559759,5698.9,0.735539568345
C0273115,Lung Injury,374.15,0.1,0.015297425095,0.3,0.05,0.25,0.0,0.00154739921459,0.05,0.0,0.05,0.98269721874,3728.7,0.8269385244
C0029172,Oral Submucous Fibrosis,265.15,0.55,0.386827468926,0.65,0.45,0.6,0.3,0.117844896657,0.55,0.25,0.55,0.98774951258,2642.1,0.877409247052
C0038013,Ankylosing spondylitis,570.15,0.25,0.0124744438307,0.3,0.05,0.25,0.0,0.00131832659747,0.05,0.0,0.05,0.973590029244,5597.95,0.740205635241
C0032285,Pneumonia,171.885,0.36,0.0934686956339,0.62,0.125,0.445,0.06,0.00911420989352,0.21,0.0,0.25,0.992141562064,1710.735,0.92060041841
C0598608,Hyperhomocysteinemia,414.25,0.15,0.0105400482881,0.35,0.0,0.15,0.0,0.0011494389518,0.05,0.0,0.05,0.980822426436,4140.9,0.807864568829
C0019693,HIV Infections,249.735555556,0.241111111111,0.0702787541715,0.484444444444,0.01,0.341111111111,0.0,0.00681363617311,0.121111111111,0.0,0.101111111111,0.988615641926,2463.05111111,0.885469237063
C0033860,Psoriasis,586.033333333,0.0785714285714,0.0340202570512,0.207142857143,0.0785714285714,0.109523809524,0.0333333333333,0.00347144381867,0.0785714285714,0.0166666666667,0.0785714285714,0.972902805565,5809.56190476,0.729849308634
C0949658,"Cardiomyopathy, Hypertrophic, Familial",325.016666667,0.333333333333,0.0822453289974,0.533333333333,0.133333333333,0.433333333333,0.0833333333333,0.0547564904284,0.233333333333,0.05,0.233333333333,0.984981812553,3225.5,0.850294868818
C3495559,Juvenile arthritis,663.8,0.0570512820513,0.0156337732065,0.130769230769,0.024358974359,0.0820512820513,0.0160256410256,0.00184159774489,0.0320512820513,0.00769230769231,0.024358974359,0.969339670321,6592.82307692,0.692735102546
C0027708,Nephroblastoma,577.95,0.2,0.0598504350695,0.4,0.05,0.3,0.05,0.00665562590335,0.05,0.05,0.2,0.973232440462,5792.3,0.731167308853
C0027726,Nephrotic Syndrome,410.683333333,0.0,0.00724719937473,0.333333333333,0.0,0.15,0.0,0.000689820018971,0.0,0.0,0.0,0.98100235265,4148.0,0.807464245914
C0033687,Proteinuria,419.125,0.208333333333,0.0274677559011,0.333333333333,0.05,0.258333333333,0.025,0.00352676138819,0.158333333333,0.025,0.183333333333,0.980634555509,4132.85,0.808055671732
C2607914,Allergic rhinitis (disorder),1204.25,0.0,0.00054115084463,0.0,0.0,0.0,0.0,5.40688100678e-05,0.0,0.0,0.0,0.944168291098,12125.05,0.43738512949
C0003872,"Arthritis, Psoriatic",371.0,0.1,0.0164577261187,0.2,0.1,0.2,0.1,0.00351618504531,0.1,0.0,0.1,0.982835855538,3687.1,0.828899359391
C0024530,Malaria,565.35,0.1,0.00786011255704,0.25,0.0,0.15,0.0,0.000790901256609,0.0,0.0,0.0,0.973819473464,5609.25,0.739622510099
C0035258,Restless Legs Syndrome,771.833333333,0.0,0.00116048043046,0.0,0.0,0.0,0.0,0.000116907146274,0.0,0.0,0.0,0.964232131533,7745.16666667,0.640658592795
C0018781,Noise-induced hearing loss,321.2,0.4,0.220761021694,0.4,0.2,0.4,0.2,0.0349958835537,0.4,0.2,0.4,0.985142910171,3137.2,0.854482182628
C0032273,Pneumoconiosis,998.55,0.0,0.00207355860133,0.1,0.0,0.0,0.0,0.000220787041148,0.0,0.0,0.0,0.953704219468,10033.7,0.5343092884
C0013990,Pathological accumulation of air in tissues,286.5,0.1,0.00689193939362,0.2,0.0,0.2,0.0,0.000595775135429,0.0,0.0,0.0,0.986749895577,2889.6,0.865939573955
C0242656,Disease Progression,384.880128205,0.0641025641026,0.0309308415351,0.264743589744,0.0166666666667,0.160897435897,0.0,0.00313187575915,0.0320512820513,0.0,0.024358974359,0.982355240601,3814.88589744,0.822321378368
C0020437,Hypercalcemia,201.6,0.5,0.131948572351,0.7,0.3,0.6,0.1,0.00934755855605,0.4,0.1,0.4,0.990690119274,2023.5,0.906135424885
C0018671,Head and Neck Neoplasms,391.783333333,0.0666666666667,0.0416801134663,0.333333333333,0.0333333333333,0.166666666667,0.0333333333333,0.00364847980266,0.0666666666667,0.0333333333333,0.0333333333333,0.981882913842,3990.75,0.814753413207
C0002736,Amyotrophic Lateral Sclerosis,620.716666667,0.0619047619048,0.0133158990111,0.197619047619,0.0142857142857,0.154761904762,0.0142857142857,0.00145184022633,0.0309523809524,0.0,0.0142857142857,0.971291200269,6216.03095238,0.710929537458
C1142166,Brugada Syndrome (disorder),460.15,0.1,0.0117437849193,0.4,0.05,0.4,0.05,0.00203659177643,0.05,0.0,0.1,0.97869742828,4628.55,0.785196360598
C0019284,Diaphragmatic Hernia,396.15,0.175,0.0276266292543,0.3,0.05,0.3,0.025,0.00276815297866,0.075,0.0,0.075,0.981705163359,3950.925,0.816497420644
C0007138,"Carcinoma, Transitional Cell",348.533333333,0.183333333333,0.0789678066566,0.416666666667,0.0666666666667,0.283333333333,0.0666666666667,0.00721393485255,0.1,0.0333333333333,0.1,0.983903961101,3467.0,0.839034191211
C0010278,Craniosynostosis,502.65,0.15,0.0209961376646,0.3,0.15,0.15,0.15,0.0038064797921,0.15,0.0,0.15,0.97671957672,5013.5,0.767360530957
C1140680,Malignant neoplasm of ovary,365.45,0.35,0.0737641938821,0.5,0.15,0.35,0.05,0.00500035451968,0.25,0.0,0.35,0.983088883732,3640.2,0.831093061035
C0282612,Prostatic Intraepithelial Neoplasias,123.9,0.2,0.0204573928223,0.6,0.1,0.4,0.0,0.00232021881101,0.15,0.0,0.15,0.994298245614,1198.65,0.944416597048
C0175702,Williams Syndrome,420.7,0.1,0.00448921972325,0.2,0.0,0.1,0.0,0.000389182206897,0.0,0.0,0.0,0.980521650346,4204.1,0.804933401402
C0038454,Cerebrovascular accident,350.708333333,0.225,0.0285046630669,0.383333333333,0.0583333333333,0.283333333333,0.0583333333333,0.00368433272174,0.0583333333333,0.0,0.0583333333333,0.983812345105,3506.34166667,0.837175689281
C0006118,Brain Neoplasms,401.233333333,0.283333333333,0.0646881892336,0.333333333333,0.05,0.283333333333,0.05,0.00416638641648,0.183333333333,0.05,0.15,0.981444072939,4033.3,0.81277746819
C0018772,"Hearing Loss, Partial",1115.21666667,0.0,0.00102209539515,0.0,0.0,0.0,0.0,0.000100946965813,0.0,0.0,0.0,0.948294249671,11207.1666667,0.479687330702
C0014553,Absence Epilepsy,455.666666667,0.222222222222,0.00966649213403,0.333333333333,0.0,0.333333333333,0.0,0.00085531037545,0.0,0.0,0.0,0.978899820556,4646.22222222,0.784424437432
C0023794,Lipoidosis,678.75,0.1,0.0546829903186,0.25,0.05,0.25,0.05,0.00680723259638,0.05,0.05,0.05,0.968553254713,6841.45,0.682420605442
C0027947,Neutropenia,614.75,0.2,0.0177102259192,0.2,0.05,0.2,0.05,0.008754020314,0.05,0.05,0.05,0.97150482733,6176.75,0.713265874489
C0040411,Tongue Neoplasms,499.111111111,0.0,0.00401170230696,0.222222222222,0.0,0.111111111111,0.0,0.000482156756653,0.0,0.0,0.0,0.976883649939,4950.11111111,0.770321556009
C0021655,Insulin Resistance,295.32,0.3,0.0585462619885,0.47,0.06,0.385,0.04,0.0069536640883,0.13,0.02,0.15,0.986404760798,2914.63,0.864627365289
C0034951,Refractive Errors,980.05,0.0,0.00103241283866,0.0,0.0,0.0,0.0,0.000103857509983,0.0,0.0,0.0,0.954563814476,9855.2,0.542513580018
C0023434,Chronic Lymphocytic Leukemia,564.53,0.08,0.0338238769932,0.265,0.04,0.165,0.02,0.00313594431577,0.06,0.02,0.06,0.973890180398,5630.485,0.738349683839
C3875321,Inflammatory dermatosis,707.966666667,0.0,0.00375658601837,0.1,0.0,0.0333333333333,0.0,0.000362128807683,0.0,0.0,0.0,0.967208722452,7125.80833333,0.669025190107
C0025500,Mesothelioma,418.325,0.15,0.0441702830542,0.32,0.05,0.27,0.025,0.00244580960283,0.1,0.0,0.05,0.980676008552,4178.035,0.805935815207
C0014859,Esophageal Neoplasms,365.802380952,0.202380952381,0.0833123260522,0.495238095238,0.0809523809524,0.32380952381,0.0309523809524,0.00544783221195,0.109523809524,0.0166666666667,0.109523809524,0.983154086127,3616.13809524,0.831919407443
C0026603,Motion Sickness,765.2,0.0,0.00271057244287,0.15,0.0,0.1,0.0,0.000290830009039,0.0,0.0,0.0,0.964536044191,7678.25,0.643642946665
C1168401,Squamous cell carcinoma of the head and neck,399.683333333,0.133333333333,0.0194224958282,0.316666666667,0.05,0.166666666667,0.05,0.00181124380597,0.05,0.0,0.05,0.981517515751,3950.5,0.81661635629
C0031511,Pheochromocytoma,372.6,0.35,0.0560232865846,0.5,0.25,0.45,0.05,0.00499100097675,0.3,0.0,0.3,0.982761942343,3701.05,0.828257741052
C0149931,Migraine Disorders,830.65,0.116666666667,0.0702332429459,0.183333333333,0.0666666666667,0.116666666667,0.0666666666667,0.00424282268607,0.0666666666667,0.0666666666667,0.0666666666667,0.961504342576,8324.03333333,0.613476692521
C0001430,Adenoma,536.25,0.0666666666667,0.0078707445939,0.25,0.0,0.1,0.0,0.00092628083671,0.0,0.0,0.0666666666667,0.97518466899,5314.35833333,0.753205187766
C0008625,Chromosome Aberrations,377.35,0.25,0.0255422682885,0.35,0.15,0.25,0.15,0.00499037296073,0.15,0.0,0.15,0.982541082536,3779.3,0.82461934825
C0338480,Common Migraine,942.2,0.0,0.00118942132685,0.0,0.0,0.0,0.0,0.000116861136445,0.0,0.0,0.0,0.956319038337,9497.45,0.559249976794
C0025958,Microcephaly,262.8,0.25,0.147957836122,0.383333333333,0.2,0.25,0.15,0.0190834210216,0.2,0.15,0.2,0.987872666481,2596.7,0.879490573047
C0019196,Hepatitis C,439.6,0.0,0.00563254613268,0.4,0.0,0.15,0.0,0.000546336902928,0.0,0.0,0.0,0.979651378702,4370.45,0.797177606536
C1843367,Poor school performance,735.0,0.0,0.00137755639088,0.0,0.0,0.0,0.0,0.000143052346697,0.0,0.0,0.0,0.965937151875,7253.4,0.663374953583
C0015393,Eye Abnormalities,667.25,0.3,0.0150625740982,0.4,0.0,0.35,0.0,0.0018179784179,0.05,0.0,0.05,0.969082764703,6653.1,0.691226848628
C0024667,Animal Mammary Neoplasms,420.567032967,0.109340659341,0.0430649446677,0.26978021978,0.0373626373626,0.189010989011,0.021978021978,0.00497135154565,0.0659340659341,0.00769230769231,0.0730769230769,0.98070882199,4118.62252747,0.808063674188
C1527249,Colorectal Cancer,779.633333333,0.15,0.00753842490239,0.25,0.0,0.15,0.0,0.000713133849142,0.0333333333333,0.0,0.0333333333333,0.963875083221,7763.0,0.63948085528
C0024668,"Mammary Neoplasms, Experimental",395.9575,0.119166666667,0.0518704044971,0.305,0.0458333333333,0.192083333333,0.0195833333333,0.00553385912922,0.0658333333333,0.00666666666667,0.0725,0.981878562085,3857.43875,0.820172284251
C0015625,Fanconi Anemia,28.1,0.8,0.473184078824,0.9,0.6,0.9,0.5,0.0809196936421,0.65,0.45,0.7,0.998762652057,260.55,0.987970099359
C0206762,"Limb Deformities, Congenital",394.5,0.05,0.00668448883068,0.35,0.0,0.2,0.0,0.000636626644613,0.0,0.0,0.0,0.981744963327,3937.35,0.817282517872
C0021368,Inflammation,336.803636364,0.183636363636,0.0540964665913,0.34,0.0272727272727,0.211818181818,0.0181818181818,0.00488020483715,0.0818181818182,0.0,0.0727272727273,0.984574149741,3325.88090909,0.845210233631
C0018923,Hemangiosarcoma,194.2,0.65,0.14310034962,0.75,0.35,0.7,0.15,0.0160242110016,0.5,0.05,0.5,0.991048795209,1954.75,0.909311017225
C0019202,Hepatolenticular Degeneration,249.633333333,0.133333333333,0.0131043579002,0.483333333333,0.0,0.35,0.0,0.00133016383795,0.05,0.0,0.05,0.988485889874,2509.55,0.883534574839
C0007222,Cardiovascular Diseases,504.72,0.12,0.0409980023734,0.26,0.06,0.22,0.02,0.00544305681844,0.08,0.02,0.08,0.976672246245,4999.6,0.7676728507
C0035334,Retinitis Pigmentosa,485.147619048,0.161904761905,0.0590952199133,0.390476190476,0.0880952380952,0.247619047619,0.0428571428571,0.0190458281749,0.119047619048,0.0285714285714,0.119047619048,0.977605884126,4795.37380952,0.777018679307
C0018824,Heart valve disease,344.4,0.0333333333333,0.00964270277153,0.116666666667,0.0333333333333,0.0833333333333,0.0,0.00109829494195,0.0333333333333,0.0,0.0333333333333,0.984084892955,3451.18333333,0.83980479574
C0019209,Hepatomegaly,461.111111111,0.0,0.00463573308844,0.333333333333,0.0,0.111111111111,0.0,0.000444437409898,0.0,0.0,0.0,0.978647154673,4545.11111111,0.789116803828
C0079744,Diffuse Large B-Cell Lymphoma,220.025,0.341666666667,0.0289397641023,0.458333333333,0.0,0.408333333333,0.0,0.00276066520602,0.025,0.0,0.025,0.989883137401,2201.175,0.897826541518
C0004364,Autoimmune Diseases,441.35,0.0583333333333,0.00785320530886,0.191666666667,0.0,0.0583333333333,0.0,0.00080119919379,0.025,0.0,0.025,0.979594870842,4335.23333333,0.798685962956
C0018843,Heat Stroke,62.0,0.65,0.142389821538,0.75,0.1,0.75,0.1,0.0205800717692,0.5,0.1,0.5,0.997173358088,611.4,0.971673242052
C0040034,Thrombocytopenia,324.883333333,0.25,0.0736817459247,0.5,0.15,0.4,0.1,0.00489175350122,0.15,0.0,0.2,0.984988004024,3246.91666667,0.849300363749
C1955869,Malformations of Cortical Development,329.45,0.3,0.0180456552312,0.35,0.1,0.35,0.0,0.00191164736651,0.1,0.0,0.1,0.984758191776,3325.7,0.84569525666
C0085580,Essential Hypertension,392.25,0.4,0.0458602414891,0.45,0.2,0.4,0.0,0.00471597827299,0.2,0.0,0.3,0.981846453769,3837.65,0.821922577052
C0041755,Adverse reaction to drug,472.283333333,0.146666666667,0.0241024452632,0.353333333333,0.0333333333333,0.296666666667,0.0,0.00315514083633,0.0533333333333,0.0,0.09,0.97818343874,4642.51666667,0.784252852183
C0699790,Colon Carcinoma,267.383333333,0.216666666667,0.0297227571584,0.416666666667,0.1,0.266666666667,0.05,0.0103606687225,0.15,0.05,0.15,0.987661573709,2697.15,0.874822365671
C3160718,"PARKINSON DISEASE, LATE-ONSET",294.15,0.05,0.0193366462413,0.45,0.05,0.2,0.05,0.00478219183178,0.05,0.05,0.05,0.986404995126,2951.65,0.863035606518
C0751778,"Myoclonic Epilepsies, Progressive",418.45,0.15,0.0142968868037,0.25,0.05,0.15,0.0,0.00167813172895,0.1,0.0,0.15,0.980628916222,4103.3,0.809598514737
C0020459,Hyperinsulinism,320.35,0.25,0.110963912409,0.4,0.1,0.35,0.1,0.00314030626232,0.15,0.0,0.15,0.985188709902,3249.05,0.849229376538
C0019158,Hepatitis,500.9,0.05,0.00707842013806,0.3,0.0,0.2,0.0,0.000650468382968,0.0,0.0,0.0,0.976809508334,4956.0,0.769970750731
C0013182,Drug Allergy,528.441666667,0.108333333333,0.0621305287892,0.266666666667,0.0833333333333,0.108333333333,0.05,0.00554381680313,0.0833333333333,0.025,0.0833333333333,0.975550986587,5283.55833333,0.75460943066
C0007959,Charcot-Marie-Tooth Disease,569.533333333,0.05,0.0070601770473,0.166666666667,0.0,0.05,0.0,0.000835935049103,0.0,0.0,0.05,0.973635110863,5700.5,0.73529589372
C0036920,Sezary Syndrome,222.35,0.333333333333,0.0319010292033,0.566666666667,0.05,0.383333333333,0.0,0.00341214944573,0.133333333333,0.0,0.166666666667,0.989756629975,2239.35,0.896077748363
C0019151,Hepatic Encephalopathy,193.05,0.35,0.0525002393062,0.8,0.15,0.45,0.05,0.00558287146966,0.3,0.0,0.3,0.991092647605,1912.8,0.911267638322
C0014175,Endometriosis,551.117916667,0.110833333333,0.0487970283799,0.26625,0.03875,0.189166666667,0.0195833333333,0.0113961432438,0.065,0.0133333333333,0.09125,0.974632876254,5452.265,0.745654005482
C0019163,Hepatitis B,558.25,0.4,0.127807941231,0.45,0.15,0.4,0.15,0.0117678549726,0.3,0.1,0.3,0.97414465438,5559.1,0.741989694072
C0600467,Neurogenic Inflammation,561.8,0.3,0.131225295067,0.35,0.2,0.3,0.2,0.0168644289327,0.3,0.1,0.3,0.973975400325,5633.2,0.738588999768
C2931673,"Ceroid lipofuscinosis, neuronal 1, infantile",219.6,0.1,0.00615649846087,0.4,0.0,0.2,0.0,0.000754933696214,0.0,0.0,0.0,0.989854736158,2165.7,0.899535898269
C0031117,Peripheral Neuropathy,678.440740741,0.0322751322751,0.0263046857401,0.136507936508,0.00714285714286,0.0718253968254,0.0,0.0027162460442,0.0142857142857,0.0,0.0178571428571,0.968794662595,6614.98002646,0.689795478326
C0025149,Medulloblastoma,281.695,0.19,0.0296222621237,0.485,0.025,0.26,0.0,0.00299552499659,0.1,0.0,0.1,0.987031329894,2802.44,0.869857644215
C1561955,Fibrinogen Adverse Event,735.9,0.1,0.00738099199284,0.2,0.0,0.1,0.0,0.000640300346881,0.05,0.0,0.0,0.965899066809,7318.05,0.66030804587
C0011053,Deafness,1080.65,0.1,0.00704050295586,0.25,0.0,0.1,0.0,0.000716048409479,0.05,0.0,0.1,0.949892071303,10704.55,0.503165908458
C0043094,Weight Gain,576.241666667,0.0680555555556,0.0264948002864,0.145833333333,0.0236111111111,0.0791666666667,0.0236111111111,0.00439984436011,0.0347222222222,0.0111111111111,0.0347222222222,0.973387888739,5664.23194444,0.736398379317
C1263846,Attention deficit hyperactivity disorder,793.783333333,0.0833333333333,0.0120827457524,0.225,0.0333333333333,0.158333333333,0.0,0.00122417115574,0.0583333333333,0.0,0.0583333333333,0.963222129294,7840.6,0.63579825295
C0403553,Renal dysplasia and retinal aplasia (disorder),225.1,0.6,0.342715089027,0.8,0.5,0.7,0.4,0.0413512070132,0.5,0.3,0.5,0.989599480206,2252.5,0.895507495243
C0004763,Barrett Esophagus,456.0,0.15,0.0301810688469,0.3,0.1,0.3,0.0,0.00261266979335,0.1,0.0,0.15,0.97888873416,4491.15,0.791581952374
C0039685,Tetralogy of Fallot,432.55,0.45,0.0330610396222,0.6,0.05,0.5,0.05,0.00322324853895,0.05,0.0,0.05,0.979978646365,4315.3,0.799736561136
C0008925,Cleft Palate,204.825,0.375,0.129742564106,0.5,0.125,0.4,0.1,0.0814397267592,0.2,0.1,0.25,0.990596969838,2028.325,0.905850606497
C0524851,Neurodegenerative Disorders,508.991666667,0.233333333333,0.0827827319944,0.425,0.125,0.325,0.125,0.016201768484,0.15,0.05,0.175,0.976457171623,5027.15,0.766505576208
C1112705,Nuclear non-senile cataract,369.95,0.5,0.112889238893,0.5,0.2,0.5,0.2,0.0266981274696,0.4,0.15,0.4,0.982880018566,3635.25,0.831322812718
C3463824,MYELODYSPLASTIC SYNDROME,397.85,0.15,0.0590800556489,0.3,0.05,0.2,0.05,0.00178876954466,0.1,0.0,0.05,0.981593853011,3971.1,0.815697107572
C0376634,Craniofacial Abnormalities,454.955714286,0.111428571429,0.0667070590554,0.318571428571,0.0561904761905,0.207619047619,0.042380952381,0.0099597301457,0.0704761904762,0.00714285714286,0.0842857142857,0.979115816231,4461.68761905,0.792001714659
C0149925,Small cell carcinoma of lung,532.775,0.175,0.0209256743528,0.225,0.075,0.2,0.025,0.00279643086872,0.075,0.0,0.075,0.975355532835,5277.3,0.75485430125
C0003130,Anoxia,350.708333333,0.0333333333333,0.0093245339673,0.35,0.0,0.166666666667,0.0,0.00096702965809,0.0,0.0,0.0,0.983803716609,3442.0,0.840187379017
C0013080,Down Syndrome,781.573333333,0.01,0.00851685638269,0.0855555555556,0.01,0.0422222222222,0.01,0.00104554274552,0.01,0.0,0.01,0.963828883401,7803.27888889,0.636644895909
C1840235,SOLITARY MEDIAN MAXILLARY CENTRAL INCISOR,459.1,0.55,0.0986169446012,0.55,0.4,0.55,0.05,0.0078576152872,0.5,0.05,0.4,0.97874483591,4623.6,0.785434944065
C0011884,Diabetic Retinopathy,463.85,0.25,0.0108481160938,0.35,0.0,0.25,0.0,0.00118641947129,0.0,0.0,0.05,0.978526995033,4643.05,0.78451557495
C0520459,Necrotizing Enterocolitis,392.45,0.2,0.0181154796359,0.6,0.05,0.4,0.0,0.00202662817227,0.05,0.0,0.05,0.981843082637,3864.05,0.820673166202
C0162557,"Liver Failure, Acute",474.4,0.2,0.0172761788088,0.416666666667,0.0,0.366666666667,0.0,0.00169734059396,0.1,0.0,0.1,0.978045042953,4625.41666667,0.78528829038
C0020473,Hyperlipidemia,230.4,0.6,0.102805544854,0.75,0.2,0.65,0.15,0.020320576945,0.3,0.05,0.4,0.989366295265,2278.0,0.894305942433
C0009241,Cognition Disorders,841.983333333,0.05,0.00296338788452,0.1,0.0,0.05,0.0,0.000344456341255,0.0,0.0,0.0,0.960976440358,8293.73333333,0.614930652302
C1449861,"Micronuclei, Chromosome-Defective",339.4,0.3,0.0222685245447,0.55,0.0,0.4,0.0,0.00219146400365,0.05,0.0,0.0,0.984307535169,3363.65,0.843899438228
C0014544,Epilepsy,586.35952381,0.047619047619,0.0145688077052,0.204761904762,0.0333333333333,0.0952380952381,0.0166666666667,0.00218386024577,0.0333333333333,0.0166666666667,0.0333333333333,0.972889665776,5775.33333333,0.731476004378
C0376358,Malignant neoplasm of prostate,653.771428571,0.047619047619,0.0100643089782,0.140476190476,0.0166666666667,0.0642857142857,0.0,0.00102300033697,0.0309523809524,0.0,0.0166666666667,0.969753353095,6530.07142857,0.696360778423
C0008924,Cleft Lip,304.333333333,0.483333333333,0.185739684773,0.516666666667,0.15,0.516666666667,0.15,0.0582234166841,0.333333333333,0.15,0.433333333333,0.985948046319,3049.88333333,0.858437828968
C0018799,Heart Diseases,542.135,0.025,0.00648896634121,0.195,0.0,0.075,0.0,0.000629900324221,0.0,0.0,0.0,0.974922844527,5351.11,0.751405531025
C0011860,"Diabetes Mellitus, Non-Insulin-Dependent",557.892916667,0.0958333333333,0.0301534209436,0.240416666667,0.0195833333333,0.148333333333,0.0195833333333,0.00360712306972,0.0391666666667,0.0,0.0454166666667,0.974316859786,5493.99916667,0.743690312106
C0019829,Hodgkin Disease,648.9,0.2,0.0216667125105,0.35,0.05,0.35,0.05,0.00277397969225,0.05,0.0,0.05,0.969929672268,6466.7,0.699839847739
C0023493,Adult T-Cell Lymphoma/Leukemia,278.2,0.3,0.0349936961832,0.525,0.0,0.425,0.0,0.00285814817714,0.166666666667,0.0,0.166666666667,0.987171327697,2714.26666667,0.874002756357
C0025202,melanoma,694.431578947,0.0626315789474,0.032591167095,0.166315789474,0.0105263157895,0.0889473684211,0.0105263157895,0.00323956214577,0.0260526315789,0.00526315789474,0.0260526315789,0.967969132989,6920.45973684,0.676551818641
C0027707,"Nephritis, Interstitial",47.4,0.6,0.217433867864,0.8,0.2,0.7,0.2,0.0152317252947,0.2,0.2,0.3,0.997846567968,478.2,0.977853065392
C0014549,Tonic-Clonic Epilepsy,569.8,0.3,0.0461059242228,0.3,0.2,0.3,0.1,0.00418634176686,0.2,0.0,0.2,0.973601893535,5629.8,0.738766417599
C0004936,Mental disorders,533.0,0.15,0.0100635556799,0.4,0.0,0.15,0.0,0.000922966040837,0.05,0.0,0.05,0.975310962592,5301.95,0.753972895201
C1384666,hearing impairment,906.891666667,0.0,0.00237373730368,0.0333333333333,0.0,0.0,0.0,0.000240425807585,0.0,0.0,0.0,0.95796897748,9074.00833333,0.578511135892
C0024809,Marijuana Abuse,488.1,0.0,0.00446962927478,0.3,0.0,0.2,0.0,0.000431060480518,0.0,0.0,0.0,0.977393604678,4849.9,0.774961711607
C0005283,beta Thalassemia,551.6,0.2,0.0175249121282,0.3,0.2,0.3,0.0,0.00263932958601,0.2,0.0,0.2,0.974446558686,5544.7,0.74271592333
C1861063,"TOBACCO ADDICTION, SUSCEPTIBILITY TO (finding)",744.5,0.3,0.0250263130624,0.3,0.1,0.3,0.0,0.00234417369592,0.3,0.0,0.3,0.965494036293,7495.4,0.652183598645
C0023976,Long QT Syndrome,72.35,0.65,0.173051352404,0.9,0.45,0.75,0.1,0.10815303712,0.5,0.1,0.45,0.996701638735,714.4,0.966895687294
C0085129,Bronchial Hyperreactivity,820.35,0.05,0.00473968300556,0.15,0.0,0.15,0.0,0.000390898591283,0.0,0.0,0.0,0.961975492016,8244.5,0.617371425919
C0006413,Burkitt Lymphoma,307.4,0.25,0.0272626317579,0.55,0.2,0.4,0.0,0.00283787217899,0.2,0.0,0.2,0.985788227648,3029.15,0.85944202024
C1319853,"Asthma, Aspirin-Induced",778.05,0.35,0.0545107073331,0.4,0.25,0.35,0.15,0.0213875327396,0.3,0.1,0.25,0.963938915707,7677.75,0.643679214631
C1336708,Testicular Germ Cell Tumor,695.566666667,0.05,0.0113112720655,0.15,0.05,0.1,0.0,0.000987763243382,0.05,0.0,0.05,0.967774114661,6972.63333333,0.676305565874
C0003469,Anxiety Disorders,373.633333333,0.258333333333,0.0480811780997,0.383333333333,0.125,0.291666666667,0.0916666666667,0.00613001658229,0.183333333333,0.0,0.208333333333,0.982741911753,3679.20833333,0.82915853583
C0079541,Holoprosencephaly,602.75,0.375,0.167243857462,0.375,0.375,0.375,0.375,0.021128435695,0.375,0.125,0.375,0.972075270314,5988.25,0.722156480579
C0023485,Precursor B-Cell Lymphoblastic Leukemia-Lymphoma,271.9,0.2,0.011088046189,0.4,0.0,0.3,0.0,0.00110992210995,0.0,0.0,0.1,0.987429221201,2662.8,0.876461988304
C0033975,Psychotic Disorders,393.35,0.1,0.0214995624669,0.45,0.05,0.3,0.05,0.00375079259796,0.05,0.05,0.05,0.981801299907,3940.4,0.817128597957
C0037286,Skin Neoplasms,337.92,0.27,0.0418174764209,0.395,0.065,0.33,0.045,0.0067268384923,0.13,0.045,0.15,0.984422594142,3339.025,0.84490120874
C0027819,Neuroblastoma,359.78,0.15,0.0359203029468,0.33,0.045,0.195,0.045,0.00448903673125,0.085,0.025,0.085,0.98340166411,3587.31,0.833374703668
C1261502,Finding of Mean Corpuscular Hemoglobin,648.75,0.1,0.102383785173,0.2,0.1,0.2,0.1,0.0102231065722,0.1,0.1,0.1,0.969942438028,6393.35,0.703272676632
C0002622,Amnesia,370.9,0.35,0.112214037752,0.45,0.1,0.4,0.1,0.00701427295829,0.15,0.1,0.15,0.98284354689,3662.55,0.830027855153
C0035228,Respiratory Hypersensitivity,404.55,0.25,0.0782002887279,0.4,0.1,0.3,0.05,0.00784910110535,0.25,0.05,0.15,0.981282789359,4018.3,0.813505733785
C0024301,"Lymphoma, Follicular",439.133333333,0.233333333333,0.0320016473943,0.283333333333,0.133333333333,0.233333333333,0.05,0.00377779065487,0.233333333333,0.0,0.233333333333,0.979681308816,4389.43333333,0.796253559931
C0020542,Pulmonary Hypertension,495.066666667,0.166666666667,0.0233127081447,0.225,0.1,0.191666666667,0.0,0.00289698463053,0.133333333333,0.0,0.133333333333,0.977096689275,4923.08333333,0.77139196011
C0242379,Malignant neoplasm of lung,655.05,0.2,0.0120336636291,0.4,0.0,0.3,0.0,0.00118176740218,0.05,0.0,0.05,0.969650898287,6532.45,0.696803769556
C0013604,Edema,378.983333333,0.0,0.00562048467517,0.133333333333,0.0,0.0,0.0,0.000542962597605,0.0,0.0,0.0,0.98248033934,3761.56666667,0.825384698743
C1260899,"Anemia, Diamond-Blackfan",19.35,0.9,0.17099130555,0.95,0.45,0.9,0.15,0.0723602737244,0.8,0.1,0.9,0.999159780893,165.85,0.992359112432
C0752347,Lewy Body Disease,277.8,0.35,0.0914968761106,0.45,0.25,0.35,0.25,0.0112654793766,0.25,0.05,0.25,0.98716918934,2791.0,0.870482403194
C0024305,"Lymphoma, Non-Hodgkin",372.533333333,0.233333333333,0.0247620505307,0.416666666667,0.133333333333,0.333333333333,0.0333333333333,0.00455221410158,0.183333333333,0.0333333333333,0.133333333333,0.982775326987,3665.36666667,0.82986920517
C2931822,Nasopharyngeal carcinoma,402.4,0.15,0.0162298306303,0.3,0.05,0.25,0.0,0.00180170052184,0.1,0.0,0.1,0.981385522589,3971.7,0.815657937503
C0567312,Menopause present (finding),878.6,0.0,0.00143530687965,0.0,0.0,0.0,0.0,0.000146922753057,0.0,0.0,0.0,0.959280408542,8714.15,0.595550139276
C0040028,"Thrombocythemia, Essential",322.15,0.25,0.0440299273936,0.55,0.25,0.4,0.25,0.0171847964791,0.25,0.05,0.25,0.985098630773,3235.3,0.849886284521
C0005695,Bladder Neoplasm,563.956363636,0.0963636363636,0.0441452105815,0.18,0.0481818181818,0.134545454545,0.0190909090909,0.003670821789,0.0572727272727,0.01,0.0581818181818,0.97398099686,5579.47181818,0.740178292175
C0002514,"Amino Acid Metabolism, Inborn Errors",531.55,0.0,0.00268817504167,0.2,0.0,0.0,0.0,0.000269538638548,0.0,0.0,0.0,0.975380616413,5301.15,0.753991830672
C0003864,Arthritis,877.777777778,0.0,0.000881349756788,0.0,0.0,0.0,0.0,8.49692552518e-05,0.0,0.0,0.0,0.959310479962,8792.0,0.592027102283
C0023903,Liver neoplasms,704.964545455,0.0581818181818,0.0187973597424,0.191818181818,0.0,0.0872727272727,0.0,0.00185873146111,0.0390909090909,0.0,0.0290909090909,0.96740620272,6980.92363636,0.674838532639
C0242339,Dyslipidemias,529.7,0.2,0.0155365448203,0.45,0.05,0.35,0.05,0.00269005867495,0.05,0.0,0.05,0.975470033889,5232.0,0.757200222831
C0027055,Myocardial Reperfusion Injury,228.816666667,0.133333333333,0.068750434386,0.55,0.05,0.333333333333,0.05,0.0100069978335,0.05,0.05,0.075,0.989472787535,2284.64166667,0.893951344361
C0024796,Marfan Syndrome,187.5,0.3,0.0188157497779,0.7,0.0,0.3,0.0,0.00205008032906,0.1,0.0,0.1,0.991344502715,1918.7,0.910999211027
C0038325,Stevens-Johnson Syndrome,229.533333333,0.333333333333,0.0405396546058,0.566666666667,0.0666666666667,0.5,0.0333333333333,0.00455631550899,0.166666666667,0.0,0.166666666667,0.989430327805,2281.5,0.894109722674
C1565489,Renal Insufficiency,293.9,0.4,0.127652338631,0.5,0.2,0.5,0.2,0.00673040957424,0.3,0.0,0.3,0.986406460296,2851.9,0.867689237481
C0920269,Microsatellite Instability,204.9,0.25,0.013812097675,0.5,0.0,0.35,0.0,0.00160119606438,0.1,0.0,0.15,0.990540728707,1991.4,0.907621257832
C0035126,Reperfusion Injury,266.580555556,0.127777777778,0.0480379492956,0.483333333333,0.0361111111111,0.294444444444,0.0236111111111,0.00443526020666,0.0930555555556,0.0,0.0805555555556,0.987805954007,2628.04583333,0.877827131458
C0339535,"Night blindness, congenital stationary",371.4,0.5,0.319692477359,0.5,0.5,0.5,0.3,0.123416307397,0.5,0.3,0.5,0.982811194653,3717.9,0.827492341966
C0270850,Idiopathic generalized epilepsy,681.166666667,0.0,0.00114966756933,0.0,0.0,0.0,0.0,0.000111199601878,0.0,0.0,0.0,0.968439206224,6831.66666667,0.683046417026
C0023452,"Leukemia, Lymphocytic, Acute, L1",1018.05,0.0,0.000837564341684,0.0,0.0,0.0,0.0,8.50547027115e-05,0.0,0.0,0.0,0.952798663325,10220.45,0.52569386429
C0009324,Ulcerative Colitis,578.833333333,0.161111111111,0.0381476971747,0.261111111111,0.075,0.198611111111,0.025,0.00605887757053,0.075,0.0125,0.075,0.973260752313,5774.85138889,0.731321817895
C0270853,"Myoclonic Epilepsy, Juvenile",629.571428571,0.0,0.00113602271124,0.0,0.0,0.0,0.0,0.000110756252027,0.0,0.0,0.0,0.97083195227,6302.0,0.707610208817
C0020649,Hypotension,245.623333333,0.243333333333,0.0341482769798,0.51,0.0366666666667,0.34,0.0366666666667,0.00390778281122,0.0733333333333,0.0,0.0533333333333,0.988724268353,2456.16,0.885927734375
C0079773,"Lymphoma, T-Cell, Cutaneous",121.866666667,0.2,0.0888491161542,0.666666666667,0.15,0.483333333333,0.15,0.00566954357219,0.15,0.0,0.2,0.99441323056,1225.8,0.943153324666
C1272641,Systemic arterial pressure,746.52,0.0,0.00423760993093,0.08,0.0,0.02,0.0,0.000420754024692,0.0,0.0,0.0,0.965428930116,7504.54,0.651204724043
C0009363,Congenital ocular coloboma (disorder),662.55,0.1,0.00398848389607,0.15,0.0,0.1,0.0,0.000382161329303,0.0,0.0,0.0,0.969299141332,6690.75,0.68950336505
C0265221,Walker-Warburg congenital muscular dystrophy,47.3,0.55,0.162891014149,0.8,0.35,0.8,0.25,0.0616921855107,0.55,0.1,0.55,0.997857872261,471.2,0.978181860379
C0037769,West Syndrome,652.75,0.1,0.00690758344684,0.25,0.0,0.15,0.0,0.000659837039313,0.0,0.0,0.0,0.969756754248,6397.45,0.703082350757
C0022116,Ischemia,353.816666667,0.0833333333333,0.0141269681197,0.3,0.05,0.15,0.0,0.00122081200815,0.05,0.0,0.05,0.983652268153,3511.7,0.836978634464
C2937358,Cerebral Hemorrhage,217.283333333,0.216666666667,0.0488597736505,0.55,0.0666666666667,0.416666666667,0.0,0.00405754886383,0.1,0.0,0.15,0.989995664762,2141.71666667,0.900607707433
C0024141,"Lupus Erythematosus, Systemic",575.928571429,0.0821428571429,0.0181936386565,0.216071428571,0.0285714285714,0.1625,0.0,0.00179453730106,0.0553571428571,0.0,0.0678571428571,0.97338693053,5707.32142857,0.734530583983
C0035828,Romano-Ward Syndrome,201.9,0.6,0.126997073252,0.7,0.3,0.6,0.3,0.0672267479842,0.45,0.1,0.55,0.990683748782,1968.65,0.908673350972
C0027643,"Neoplasm Recurrence, Local",347.816666667,0.116666666667,0.0606673840972,0.333333333333,0.0833333333333,0.166666666667,0.05,0.00647350046516,0.116666666667,0.05,0.116666666667,0.983926221768,3390.43333333,0.842626046843
C0038220,Status Epilepticus,244.380952381,0.233333333333,0.0708122399634,0.490476190476,0.0714285714286,0.366666666667,0.0428571428571,0.00631566787715,0.128571428571,0.0142857142857,0.130952380952,0.988807307939,2423.06190476,0.88742615613
C0026640,Mouth Neoplasms,224.635,0.22,0.0583579275344,0.58,0.025,0.435,0.025,0.00752305363325,0.12,0.025,0.12,0.989679990704,2206.53,0.897563095515
C0021361,Female infertility,318.716666667,0.283333333333,0.0221703208498,0.416666666667,0.05,0.35,0.0,0.00200640623919,0.05,0.0,0.05,0.985282551479,3165.28333333,0.853068586468
C0028754,Obesity,630.434923077,0.0663076923077,0.0381662529908,0.197692307692,0.00784615384615,0.112461538462,0.0,0.00423281562078,0.0390769230769,0.0,0.0544615384615,0.971030409517,6150.86692308,0.711847197593
C0037268,Skin Abnormalities,749.8,0.0,0.00319312617825,0.2,0.0,0.2,0.0,0.000351467373455,0.0,0.0,0.0,0.965250382884,7438.1,0.65484986309
C0023892,Biliary cirrhosis,597.558333333,0.0833333333333,0.0148834983822,0.241666666667,0.05,0.175,0.05,0.00264752317796,0.0833333333333,0.0,0.0833333333333,0.972337204801,5880.09166667,0.726924119241
C1961102,Precursor Cell Lymphoblastic Leukemia Lymphoma,400.625,0.115,0.0417524949436,0.33,0.095,0.165,0.045,0.00417173021904,0.095,0.02,0.095,0.981501580366,3915.775,0.818112624338
C0878544,Cardiomyopathies,381.855555556,0.144444444444,0.0421825673333,0.288888888889,0.0444444444444,0.211111111111,0.0222222222222,0.00407312601767,0.0555555555556,0.0,0.1,0.982444889572,3739.73333333,0.826024440614
C0041948,Uremia,225.0,0.25,0.074791371984,0.35,0.1,0.35,0.05,0.052825066214,0.2,0.05,0.2,0.989616991643,2235.65,0.896270891365
C1271104,Blood pressure finding,751.7,0.0,0.00411911021474,0.08,0.0,0.02,0.0,0.000420754024692,0.0,0.0,0.0,0.9651880783,7504.54,0.651204724043
C0042373,Vascular Diseases,510.3,0.15,0.00907057751359,0.35,0.0,0.3,0.0,0.000941876015375,0.0,0.0,0.0,0.976369417881,5051.0,0.765585832328
C0282527,Infantile Refsum Disease (disorder),4.25,1.0,0.666130952381,1.0,0.8,1.0,0.65,0.611176681047,0.9,0.6,0.9,0.999856108429,34.85,0.998435759376
C0018213,Graves Disease,638.4,0.0,0.00270128815506,0.15,0.0,0.0,0.0,0.000289012877638,0.0,0.0,0.0,0.97042289481,6382.85,0.703760096556
C0024121,Lung Neoplasms,414.202287582,0.145751633987,0.061601274459,0.36568627451,0.0349673202614,0.244117647059,0.0176470588235,0.00741903142108,0.0584967320261,0.00588235294118,0.0702614379085,0.981056708554,4043.69411765,0.811335047931
C0011581,Depressive disorder,488.125,0.166666666667,0.0698016301864,0.283333333333,0.0916666666667,0.216666666667,0.0916666666667,0.00822838783969,0.116666666667,0.0583333333333,0.0916666666667,0.977425537847,4806.69166667,0.776757972833
C0027765,nervous system disorder,546.15,0.0366666666667,0.0240291249814,0.196666666667,0.0166666666667,0.0966666666667,0.0,0.00100530235919,0.0166666666667,0.0,0.0166666666667,0.974746582349,5451.78,0.746641402399
C0040053,Thrombosis,145.7,0.5,0.269974556904,0.7,0.4,0.65,0.275,0.0525187157899,0.425,0.05,0.45,0.993344797137,1413.975,0.93440186829
C0024299,Lymphoma,409.3,0.2,0.0186013943776,0.35,0.1,0.2,0.0,0.00221033943836,0.15,0.0,0.15,0.981062540626,4059.6,0.811523818368
C0008370,Cholestasis,461.075,0.025,0.0110330755165,0.3,0.025,0.15,0.025,0.00149897674924,0.025,0.0,0.025,0.978685867646,4550.64166667,0.788634321653
C0025286,Meningioma,452.7,0.35,0.179941598037,0.45,0.25,0.4,0.25,0.0197377307907,0.25,0.25,0.25,0.979039220237,4479.55,0.792135066141
C0011882,Diabetic Neuropathies,246.45,0.25,0.0128755221327,0.3,0.05,0.25,0.0,0.0013649631652,0.05,0.0,0.05,0.988613999257,2437.8,0.886898904567
C0017661,IGA Glomerulonephritis,617.439368771,0.0395902547065,0.0471728563796,0.146733111849,0.00697674418605,0.0698228128461,0.0046511627907,0.00477389988696,0.0116832779623,0.0,0.0140088593577,0.971815154102,5933.8858804,0.720182126724
C0009952,Febrile Convulsions,749.85,0.0,0.00196454820721,0.2,0.0,0.0,0.0,0.000213150820553,0.0,0.0,0.0,0.965246449457,7497.9,0.652056066091
C0524909,"Hepatitis B, Chronic",609.1,0.1,0.00536982805379,0.15,0.0,0.1,0.0,0.000669862307109,0.0,0.0,0.05,0.971783028502,6084.8,0.717595859252
C0022665,Kidney Neoplasm,327.1,0.133333333333,0.0233765843473,0.466666666667,0.0333333333333,0.316666666667,0.0,0.00263935609413,0.0666666666667,0.0,0.0666666666667,0.984893172318,3248.75,0.84919182536
C0017668,Focal glomerulosclerosis,119.483333333,0.35,0.0987628873949,0.55,0.25,0.55,0.166666666667,0.0195847274578,0.3,0.133333333333,0.3,0.994525965483,1166.5,0.945906663571
C0007134,Renal Cell Carcinoma,514.423076923,0.049358974359,0.025316901194,0.239743589744,0.0160256410256,0.157051282051,0.0,0.0026761607639,0.0326923076923,0.0,0.0410256410256,0.976308636083,5136.74423077,0.76068498177
C0020672,"Hypothermia, natural",241.1,0.0,0.00484721805047,0.3,0.0,0.05,0.0,0.000475953535168,0.0,0.0,0.0,0.988860524484,2360.0,0.890512880019
C0042514,"Tachycardia, Ventricular",611.6,0.0,0.00239035239732,0.2,0.0,0.0,0.0,0.000234933743554,0.0,0.0,0.0,0.971661948299,5994.0,0.721863832552
C0023418,leukemia,275.875,0.133333333333,0.0514694540029,0.341666666667,0.0333333333333,0.225,0.0333333333333,0.00771856097724,0.0666666666667,0.0333333333333,0.1,0.987281068525,2750.58333333,0.872312040263
C0019569,Hirschsprung Disease,242.4,0.5,0.16610131998,0.7,0.4,0.7,0.4,0.109791900041,0.4,0.1,0.5,0.988796584211,2386.0,0.889311737133
C0027540,Necrosis,429.483333333,0.06,0.0331261418177,0.236666666667,0.06,0.12,0.02,0.00473577882336,0.06,0.02,0.06,0.980171425029,4250.00333333,0.80252239685
C0346647,Malignant neoplasm of pancreas,756.2,0.0,0.00135466084615,0.0,0.0,0.0,0.0,0.000135050709299,0.0,0.0,0.0,0.964953119198,7488.2,0.652476327516
C0007621,Neoplastic Cell Transformation,307.973611111,0.216666666667,0.0962093169558,0.434722222222,0.0972222222222,0.2875,0.0736111111111,0.00885025643107,0.144444444444,0.0125,0.143055555556,0.985872590868,3083.74583333,0.856610496702
C0011609,Drug Eruptions,527.8,0.15,0.00904953286138,0.25,0.0,0.2,0.0,0.000794436105441,0.0,0.0,0.0,0.975560610985,5302.05,0.753904545244
C1561643,Chronic Kidney Diseases,853.633333333,0.0,0.00159493660529,0.05,0.0,0.0,0.0,0.000163082131855,0.0,0.0,0.0,0.960437174963,8470.43333333,0.606765029099
C0038356,Stomach Neoplasms,458.355295567,0.106650246305,0.0604346008444,0.237807881773,0.0142857142857,0.149261083744,0.00714285714286,0.00630368233118,0.0424876847291,0.00357142857143,0.0496305418719,0.979142020688,4446.70566502,0.791676405041
C0029463,Osteosarcoma,514.275,0.158333333333,0.0222843602322,0.366666666667,0.0333333333333,0.216666666667,0.0333333333333,0.0024107190359,0.0333333333333,0.0,0.0333333333333,0.976208453366,5137.79166667,0.761374020382
C0042900,Vitiligo,601.641666667,0.0,0.00391875914032,0.0666666666667,0.0,0.0333333333333,0.0,0.000396827026324,0.0,0.0,0.0,0.972145699774,5935.50833333,0.724358527672
C3714756,Intellectual Disability,593.094871795,0.0467948717949,0.0202762980132,0.195512820513,0.00769230769231,0.116666666667,0.00769230769231,0.00212100880985,0.0153846153846,0.0,0.0153846153846,0.972643729734,5844.80705128,0.727580165596
C0014170,Endometrial Neoplasms,291.44,0.18,0.0356681527121,0.36,0.06,0.2,0.02,0.00346511288893,0.1,0.0,0.1,0.986588552564,2892.62,0.865642813968
C0038358,Gastric ulcer,286.95,0.25,0.0260442055672,0.6,0.1,0.35,0.0,0.00286725349084,0.15,0.0,0.15,0.986742652862,2876.55,0.866514230001
C0009319,Colitis,422.6,0.2,0.0282056063079,0.283333333333,0.0833333333333,0.233333333333,0.0833333333333,0.00659792899302,0.166666666667,0.0833333333333,0.116666666667,0.98045325779,4197.11666667,0.805163392622
C0006142,Malignant neoplasm of breast,697.733333333,0.0809523809524,0.026254643213,0.178571428571,0.0333333333333,0.128571428571,0.0333333333333,0.00298321472454,0.0333333333333,0.0166666666667,0.0333333333333,0.967706831046,6868.73809524,0.680616920879
C0860207,Drug-Induced Liver Injury,513.529545455,0.101515151515,0.0354825817891,0.284848484848,0.0166666666667,0.118181818182,0.0166666666667,0.00327556024569,0.0507575757576,0.00833333333333,0.0416666666667,0.97634533482,5054.65075758,0.764510802116
C0424295,Hyperactive behavior,278.233333333,0.166666666667,0.0213215809132,0.5,0.0333333333333,0.3,0.0333333333333,0.00241056142387,0.0333333333333,0.0,0.0333333333333,0.987168052523,2753.1,0.872202350537
C0030567,Parkinson Disease,555.788888889,0.0733333333333,0.0198833921934,0.22,0.0211111111111,0.104444444444,0.0,0.00203777530058,0.0311111111111,0.0,0.0311111111111,0.974349854258,5485.68111111,0.744637663151
C0282525,"Adrenoleukodystrophy, Neonatal",4.15,1.0,0.670833333333,1.0,0.8,1.0,0.65,0.611176681047,0.9,0.6,0.9,0.999860750093,34.85,0.998435759376
C0004238,Atrial Fibrillation,487.25,0.05,0.0543050638215,0.266666666667,0.05,0.05,0.05,0.00357294464017,0.05,0.05,0.05,0.977452665149,4836.38333333,0.775455544718
C0079772,T-Cell Lymphoma,274.6,0.45,0.126812953077,0.65,0.2,0.45,0.2,0.0171017433044,0.2,0.1,0.3,0.987303907918,2761.45,0.871883412234
C0019080,Hemorrhage,320.8,0.15,0.0159156361709,0.45,0.05,0.3,0.0,0.00207342845365,0.05,0.0,0.05,0.985167819507,3196.75,0.851657304675
C0027672,"Neoplastic Syndromes, Hereditary",175.35,0.39,0.130857268301,0.685,0.205,0.5,0.145,0.0142461931713,0.31,0.065,0.35,0.991983355805,1746.325,0.918949044586
C0036572,Seizures,526.488888889,0.135555555556,0.0230470045697,0.241111111111,0.01,0.145555555556,0.01,0.0039935222723,0.0211111111111,0.01,0.0411111111111,0.975712207572,5218.74111111,0.757091687504
C0035304,Retinal Degeneration,280.1,0.35,0.21994476208,0.6,0.25,0.55,0.25,0.112876040993,0.25,0.2,0.25,0.98705551945,2751.3,0.872340079844
C0017178,Gastrointestinal Diseases,399.5,0.1,0.0069152934489,0.45,0.0,0.3,0.0,0.000671433895417,0.0,0.0,0.0,0.981508470643,3978.25,0.815402645625
C0004943,Behcet Syndrome,370.0,0.133333333333,0.0326476084755,0.4,0.1,0.166666666667,0.05,0.0033980434734,0.133333333333,0.0,0.1,0.982896020062,3695.13333333,0.828475672998
C0021051,Immunologic Deficiency Syndromes,281.25,0.5,0.19679143579,0.65,0.35,0.55,0.35,0.0350471133454,0.35,0.3,0.35,0.987004410399,2779.4,0.871005106778
C0011616,Contact Dermatitis,447.328571429,0.142857142857,0.0303131300446,0.314285714286,0.0,0.214285714286,0.0,0.0023585130542,0.0857142857143,0.0,0.0714285714286,0.979367591035,4458.22857143,0.792700902207
C0268237,Cytochrome-c Oxidase Deficiency,509.9,0.4,0.0429257005004,0.5,0.1,0.5,0.1,0.0115600330914,0.1,0.05,0.15,0.976385536576,5158.35,0.760620126253
C1720887,Female Urogenital Diseases,228.1,0.3,0.0370599424799,0.55,0.15,0.35,0.0,0.00353114628809,0.3,0.0,0.2,0.989474905984,2230.3,0.896517944194
C0268583,Methylmalonic acidemia,232.2,0.4,0.0285478957306,0.5,0.1,0.5,0.0,0.002653492046,0.2,0.0,0.2,0.989269967977,2386.4,0.889293173064
C0035309,Retinal Diseases,466.3,0.0,0.004067298524,0.283333333333,0.0,0.0,0.0,0.000429627903079,0.0,0.0,0.0,0.978419855126,4614.05,0.785823736999
C0002171,Alopecia Areata,432.666666667,0.333333333333,0.168515640916,0.555555555556,0.333333333333,0.333333333333,0.222222222222,0.0192865150018,0.333333333333,0.111111111111,0.333333333333,0.979967205,4290.55555556,0.800930222965
C0243026,Sepsis,320.75,0.233333333333,0.0196260901483,0.516666666667,0.05,0.433333333333,0.0,0.00209796789569,0.05,0.0,0.05,0.985178306092,3227.65,0.850199665676
C0919267,ovarian neoplasm,456.064444444,0.186666666667,0.0585368743329,0.365555555556,0.0522222222222,0.237777777778,0.0322222222222,0.00482042509848,0.0633333333333,0.0111111111111,0.0633333333333,0.97899746298,4504.80222222,0.790333307445
C0011615,"Dermatitis, Atopic",473.8,0.175,0.0820099999356,0.375,0.15,0.2,0.075,0.00551776440683,0.175,0.025,0.175,0.978096388902,4714.325,0.781017916066
C0029456,Osteoporosis,438.571428571,0.109523809524,0.0176080052991,0.278571428571,0.0142857142857,0.171428571429,0.0,0.00189016514022,0.0142857142857,0.0,0.0142857142857,0.979765449494,4339.4452381,0.79827881092
C0005941,"Bone Diseases, Developmental",834.65,0.0,0.00186219713381,0.0,0.0,0.0,0.0,0.000188483353091,0.0,0.0,0.0,0.961317512655,8350.33333333,0.612286567904
C0037274,Dermatologic disorders,644.552380952,0.0166666666667,0.0118989462213,0.169047619048,0.0166666666667,0.12380952381,0.0166666666667,0.00126767989062,0.0166666666667,0.0,0.0166666666667,0.97018320472,6452.15238095,0.699974299495
C1269683,Major Depressive Disorder,767.508333333,0.0,0.00370402851089,0.1,0.0,0.0666666666667,0.0,0.000371875692248,0.0,0.0,0.0,0.964440289263,7655.24166667,0.644467543126
C0002170,Alopecia,500.2,0.15,0.00868248973135,0.4,0.0,0.25,0.0,0.000921266962583,0.0,0.0,0.0,0.976837023627,4904.15,0.77241099197
C0018800,Cardiomegaly,304.483333333,0.164285714286,0.0555430473585,0.361904761905,0.0595238095238,0.22619047619,0.0142857142857,0.0186808549414,0.135714285714,0.0142857142857,0.121428571429,0.986008871931,2968.38809524,0.862054436963
C0279626,Squamous cell carcinoma of esophagus,365.943055556,0.195833333333,0.0518918630819,0.352777777778,0.05,0.293055555556,0.0375,0.00531261504654,0.05,0.0,0.05,0.983174039581,3618.1625,0.831731406028
C0021364,Male infertility,499.17,0.19,0.0214861612471,0.36,0.045,0.26,0.0,0.00234822393187,0.07,0.0,0.095,0.976920145022,4918.24,0.771515757181
C0002871,Anemia,437.916666667,0.166666666667,0.0549664215767,0.233333333333,0.1,0.2,0.0666666666667,0.00523891372931,0.133333333333,0.0666666666667,0.133333333333,0.979744709179,4325.71666667,0.799178703575
C0026769,Multiple Sclerosis,689.116666667,0.0111111111111,0.0100910482825,0.173611111111,0.0,0.0930555555556,0.0,0.00104850971224,0.0,0.0,0.0,0.968130016924,6867.73472222,0.68033718514
C0029401,Osteitis Deformans,488.75,0.125,0.00795539437198,0.375,0.0,0.375,0.0,0.000933105618102,0.0,0.0,0.0,0.977365539004,4917.75,0.771833959813
C0027092,Myopia,847.95,0.0666666666667,0.0101868433739,0.166666666667,0.0333333333333,0.133333333333,0.0,0.00114873826952,0.0333333333333,0.0,0.0333333333333,0.960702341137,8384.51666667,0.610620277468
C0040038,Thromboembolism,16.5,0.7,0.26386016795,1.0,0.5,0.95,0.5,0.0750208969119,0.7,0.3,0.7,0.999285216988,147.6,0.993200278487
C0024232,Lymphatic Metastasis,485.45,0.1,0.00737656153934,0.25,0.0,0.15,0.0,0.000867297194995,0.1,0.0,0.1,0.977521700784,4855.4,0.774673907998
C0455806,Infant length,839.2,0.0,0.00196455332759,0.2,0.0,0.0,0.0,0.000211069172946,0.0,0.0,0.0,0.961099508029,8377.6,0.611231783162
C0010068,Coronary heart disease,766.146666667,0.0733333333333,0.0120176465068,0.226666666667,0.0,0.16,0.0,0.00113682581338,0.0366666666667,0.0,0.0366666666667,0.964519689922,7621.60666667,0.645649534884
C0007785,Cerebral Infarction,268.8,0.4,0.120381813187,0.5,0.3,0.5,0.1,0.00918103975658,0.3,0.1,0.3,0.987571355641,2720.0,0.873810739314
C1261473,Sarcoma,251.4,0.25,0.0355043336836,0.45,0.1,0.3,0.1,0.00660160243211,0.15,0.1,0.15,0.988384236911,2532.95,0.882482361678
C0027794,Neural Tube Defects,648.6,0.25,0.0280042428473,0.316666666667,0.116666666667,0.283333333333,0.0833333333333,0.00760983071873,0.15,0.0833333333333,0.15,0.969959593145,6499.76666667,0.698199495301
C0086445,Idiopathic Membranous Glomerulonephritis,829.3,0.05,0.00324156076858,0.1,0.0,0.1,0.0,0.000285088379481,0.0,0.0,0.0,0.961561673089,8273.15,0.615995079151
C0036202,Sarcoidosis,230.0,0.25,0.131621990472,0.375,0.125,0.25,0.125,0.00356048455665,0.125,0.0,0.125,0.989373056754,2208.375,0.897564852197
C0004153,Atherosclerosis,336.573333333,0.183333333333,0.0281965075871,0.393333333333,0.0166666666667,0.276666666667,0.0,0.00269329479987,0.07,0.0,0.0733333333333,0.984496426855,3350.8,0.844319397293
C0023470,Myeloid Leukemia,354.35,0.3,0.0281291544305,0.45,0.05,0.3,0.0,0.00275690640014,0.25,0.0,0.25,0.983611884865,3563.1,0.834644846797
C0004096,Asthma,702.7,0.0372727272727,0.0146779667392,0.199090909091,0.00909090909091,0.113636363636,0.0,0.00150898344748,0.0281818181818,0.0,0.0190909090909,0.967509556219,6955.71909091,0.676013234621
C0011853,"Diabetes Mellitus, Experimental",261.473636364,0.208181818182,0.0870811240815,0.483636363636,0.0754545454545,0.312727272727,0.0563636363636,0.00975538379096,0.103636363636,0.01,0.113636363636,0.988080826916,2567.20909091,0.880592555549
C0024117,Chronic Obstructive Airway Disease,592.675,0.045,0.00896448281123,0.255,0.0,0.115,0.0,0.000892410811554,0.0,0.0,0.0,0.972577983357,5854.18,0.727982427595
C0151744,Myocardial Ischemia,438.398161765,0.0474264705882,0.0354266060013,0.248897058824,0.00588235294118,0.147794117647,0.00588235294118,0.00325339373218,0.0117647058824,0.0,0.0117647058824,0.979919670776,4244.62794118,0.801966995129
C0162871,"Aortic Aneurysm, Abdominal",346.5,0.35,0.157635051105,0.45,0.15,0.45,0.05,0.00620903475365,0.15,0.05,0.15,0.983966861598,3465.25,0.839220737028
C0236736,Cocaine-Related Disorders,369.769444444,0.2,0.0534883456042,0.5125,0.0833333333333,0.397222222222,0.0361111111111,0.00679993787353,0.0944444444444,0.0,0.0944444444444,0.983001716786,3658.70277778,0.829820681902
C0853897,Diabetic Cardiomyopathies,255.6,0.2,0.0129446257636,0.6,0.0,0.4,0.0,0.00160360977336,0.0,0.0,0.0,0.988183969926,2545.7,0.881900032487
C0003123,Anorexia,156.55,0.6,0.132596404297,0.75,0.15,0.6,0.05,0.0102601370658,0.25,0.05,0.25,0.992790827221,1524.75,0.929277690094
C0021841,Intestinal Neoplasms,183.0,0.2,0.0120612331467,0.65,0.0,0.4,0.0,0.00147941852983,0.0,0.0,0.0,0.991555277082,1816.4,0.915745381973
C1960469,Left ventricular noncompaction,251.55,0.05,0.0188542966432,0.5,0.05,0.25,0.05,0.0131834031376,0.05,0.05,0.05,0.988375493154,2503.05,0.883873288466
C0021400,Influenza,731.98,0.08,0.0142260952669,0.28,0.02,0.18,0.02,0.00164073488367,0.04,0.0,0.06,0.966104989073,7286.1,0.661364207002
C0042487,Venous Thrombosis,170.3,0.65,0.151489633985,0.8,0.5,0.7,0.25,0.072762597927,0.6,0.15,0.6,0.992162325301,1657.0,0.923132283976
C0242383,Age related macular degeneration,558.758333333,0.166666666667,0.0499515892997,0.308333333333,0.0833333333333,0.258333333333,0.0833333333333,0.00937714858882,0.116666666667,0.05,0.0833333333333,0.974142891439,5638.46666667,0.738107933336
C0021390,Inflammatory Bowel Diseases,783.6625,0.0375,0.0124854330655,0.15,0.0125,0.0875,0.0125,0.00127409208291,0.0375,0.0,0.025,0.963721073707,7845.9875,0.634888776365
C0005612,Birth Weight,1115.7,0.0,0.000509374456649,0.0,0.0,0.0,0.0,5.17150900671e-05,0.0,0.0,0.0,0.948266580034,11066.5,0.486448229452
C0020507,Hyperplasia,527.483333333,0.0666666666667,0.00854186477169,0.3,0.0333333333333,0.15,0.0,0.00110807298768,0.0,0.0,0.0333333333333,0.975584815692,5336.18333333,0.752246373446
C0236733,Amphetamine-Related Disorders,699.310714286,0.0410714285714,0.0121724884399,0.178571428571,0.0142857142857,0.135714285714,0.0,0.00129597662464,0.0410714285714,0.0,0.0410714285714,0.967643861212,6925.41964286,0.677855987512
C3160731,Pulmonary function (finding),966.933333333,0.0333333333333,0.0103498934085,0.1,0.0333333333333,0.0666666666667,0.0333333333333,0.00186392490615,0.0333333333333,0.0333333333333,0.0333333333333,0.955175670863,9685.63333333,0.550163360741
C0242422,Parkinsonian Disorders,344.866666667,0.216666666667,0.0186573542808,0.533333333333,0.05,0.35,0.0,0.0020223363306,0.1,0.0,0.05,0.984060057271,3432.53333333,0.840681061837
C0752166,Bardet-Biedl Syndrome,91.0166666667,0.766666666667,0.452737121298,0.85,0.616666666667,0.766666666667,0.566666666667,0.230646803472,0.616666666667,0.566666666667,0.616666666667,0.995845715701,888.983333333,0.958793028727
C0027658,"Neoplasms, Germ Cell and Embryonal",587.15,0.1,0.0107786099095,0.35,0.0,0.25,0.0,0.00112997948279,0.1,0.0,0.1,0.972799851467,5859.3,0.728084385444
C0080178,Spina Bifida,318.8,0.2,0.127572715437,0.4,0.2,0.2,0.1,0.0101376776771,0.2,0.1,0.2,0.98525248306,3238.9,0.849723846654
C0022548,Keloid,314.5,0.0583333333333,0.00997901594789,0.283333333333,0.0,0.0916666666667,0.0,0.00104622752742,0.0,0.0,0.0,0.985489066468,3155.60833333,0.853491838568
C0007194,Hypertrophic Cardiomyopathy,381.066666667,0.2,0.014831709559,0.283333333333,0.0,0.233333333333,0.0,0.00148880332132,0.1,0.0,0.05,0.982377569341,3816.13333333,0.822874102278
C0005944,Metabolic Bone Disorder,442.7,0.2,0.0224980808491,0.3,0.1,0.3,0.1,0.00259992268321,0.1,0.0,0.1,0.979500626537,4428.8,0.794505035504
C1527336,Sjogren's Syndrome,339.95,0.05,0.00670459501803,0.45,0.0,0.25,0.0,0.000621003814336,0.0,0.0,0.0,0.984272453005,3427.7,0.840956138315
C0001973,"Alcoholic Intoxication, Chronic",443.391666667,0.166666666667,0.0248754478867,0.366666666667,0.0583333333333,0.233333333333,0.0333333333333,0.0026300676712,0.0833333333333,0.0,0.0833333333333,0.979506869898,4375.03333333,0.796801857273
C0085207,Gestational Diabetes,550.0,0.15,0.0205467248308,0.2,0.1,0.15,0.1,0.00383227055735,0.1,0.0,0.15,0.974523091204,5396.8,0.749561383152
C0268362,Osteogenesis imperfecta type III (disorder),59.65,0.45,0.141300211482,0.7,0.2,0.55,0.2,0.0176819839571,0.3,0.1,0.2,0.997280237631,592.3,0.972558711594
C0017636,Glioblastoma,331.50952381,0.197619047619,0.0686491078249,0.440476190476,0.0666666666667,0.309523809524,0.0666666666667,0.00561755036888,0.114285714286,0.0166666666667,0.097619047619,0.984743230191,3307.83571429,0.846283693976
C0026848,Myopathy,546.883333333,0.133333333333,0.0122202498321,0.3,0.0333333333333,0.2,0.0,0.00145492459705,0.0833333333333,0.0,0.0833333333333,0.974682642888,5398.73333333,0.749349417921
C0677776,Hereditary Breast and Ovarian Cancer Syndrome,8.7,0.95,0.371653009689,1.0,0.6,0.95,0.4,0.222554683872,0.9,0.25,0.95,0.999651859073,78.3,0.996421111266
C0022336,Creutzfeldt-Jakob disease,976.1,0.0,0.00169401135808,0.1,0.0,0.0,0.0,0.000179260501537,0.0,0.0,0.0,0.95474958225,9783.65,0.545892127739
C0003873,Rheumatoid Arthritis,579.384199134,0.075974025974,0.0330249749489,0.218398268398,0.0047619047619,0.128354978355,0.0,0.00327121619821,0.0378787878788,0.0,0.028354978355,0.973374808302,5670.3978355,0.734875259738
C0023891,"Liver Cirrhosis, Alcoholic",375.5,0.4,0.0299400750818,0.6,0.15,0.55,0.05,0.00457802185663,0.15,0.0,0.15,0.98262847593,3754.1,0.825783389815
C0027746,Nerve Degeneration,361.503571429,0.164285714286,0.0510006348506,0.398214285714,0.0839285714286,0.244642857143,0.0285714285714,0.018539900135,0.0839285714286,0.0142857142857,0.0839285714286,0.983368078414,3550.13928571,0.834942080449
C0017601,Glaucoma,906.05,0.0,0.0014548434714,0.0,0.0,0.0,0.0,0.000149795050332,0.0,0.0,0.0,0.958000557207,9023.83333333,0.581061555844
C0162666,Mitochondrial Encephalomyopathies,340.6,0.35,0.0374918821767,0.5,0.1,0.4,0.0,0.00330875011075,0.25,0.0,0.25,0.984240694328,3407.45,0.841901048919
C0006663,Calcinosis,348.9,0.216666666667,0.0589442728461,0.375,0.0833333333333,0.325,0.025,0.00320303326217,0.141666666667,0.0,0.166666666667,0.983896375465,3457.375,0.839450511152
C0026846,Muscular Atrophy,386.4,0.0,0.00540246227328,0.3,0.0,0.3,0.0,0.00057010911325,0.0,0.0,0.0,0.982117991088,3801.95,0.823579650947
C0018801,Heart failure,405.1625,0.1,0.0443977437903,0.425,0.05,0.25,0.0125,0.00514805452726,0.0625,0.0125,0.0625,0.981344577921,4010.725,0.813464403781
C0242488,Acute Lung Injury,254.35,0.0,0.00530453334934,0.15,0.0,0.1,0.0,0.000546827887372,0.0,0.0,0.0,0.988252634511,2521.65,0.882997539576
C0008074,"Child Development Disorders, Pervasive",557.753333333,0.116666666667,0.0347130523377,0.156666666667,0.0566666666667,0.116666666667,0.02,0.00481351138421,0.0966666666667,0.02,0.0966666666667,0.974208168643,5597.72666667,0.739844454778
C1262477,Weight decreased,396.5,0.0,0.00402084553119,0.2,0.0,0.0,0.0,0.000393581990472,0.0,0.0,0.0,0.981656530015,3951.55,0.816604763452
C0393706,Early infantile epileptic encephalopathy with suppression bursts,518.6,0.05,0.0163985192701,0.25,0.05,0.15,0.05,0.00355912593495,0.05,0.05,0.05,0.975987743164,5189.3,0.759139235805
C0023290,"Leishmaniasis, Visceral",354.05,0.3,0.166117533658,0.35,0.25,0.3,0.25,0.030545634075,0.25,0.1,0.25,0.983618008819,3561.85,0.834729635646
C0005586,Bipolar Disorder,661.952380952,0.0952380952381,0.0349372333263,0.27380952381,0.0333333333333,0.17380952381,0.0166666666667,0.00290649512451,0.0642857142857,0.0166666666667,0.0642857142857,0.969372737464,6568.95952381,0.69455230031
C0022521,Kartagener Syndrome,1115.38333333,0.05,0.0102731261068,0.0833333333333,0.05,0.0833333333333,0.0,0.00092177212265,0.05,0.0,0.05,0.948283642162,11167.0666667,0.481521772783
C0020517,Hypersensitivity,268.904761905,0.307142857143,0.0822182706845,0.511904761905,0.109523809524,0.4,0.0285714285714,0.00908328196466,0.192857142857,0.0,0.209523809524,0.987659512954,2651.07857143,0.876830189599
C0334634,"Malignant lymphoma, lymphocytic, intermediate differentiation, diffuse",323.15,0.6,0.0420359274666,0.7,0.2,0.7,0.0,0.00501761851103,0.3,0.0,0.4,0.985052682882,3202.15,0.85139017824
C0265215,Meckel-Gruber syndrome,15.35,0.9,0.321964344762,1.0,0.45,0.9,0.45,0.239862052608,0.55,0.45,0.55,0.999343174117,136.7,0.993710253911
C0004782,Basal Ganglia Diseases,786.1,0.1,0.00794009095685,0.3,0.0,0.3,0.0,0.000719587957942,0.05,0.0,0.0,0.963564632165,7746.35,0.64050823857
C0026650,Movement Disorders,590.416666667,0.133333333333,0.0144913247341,0.333333333333,0.133333333333,0.133333333333,0.0,0.00230795816189,0.133333333333,0.0,0.133333333333,0.972656636949,5893.08333333,0.726433259039
C0009375,Colonic Neoplasms,408.473717949,0.120512820513,0.0541723649633,0.34358974359,0.0326923076923,0.225,0.0160256410256,0.00463871645322,0.0724358974359,0.0,0.0724358974359,0.98125589222,4039.36217949,0.811841536978
C0036421,Systemic Scleroderma,671.883333333,0.05,0.00412847888578,0.133333333333,0.0,0.0833333333333,0.0,0.000415985970155,0.0,0.0,0.0,0.968876350577,6678.55,0.68993761803
C0001624,Adrenal Gland Neoplasms,28.45,0.7,0.108184985583,0.9,0.5,0.8,0.3,0.0259417045166,0.5,0.2,0.5,0.998728302237,271.6,0.987443144899
C0004352,Autistic Disorder,544.109601449,0.0682971014493,0.0396478188528,0.214311594203,0.00833333333333,0.120108695652,0.00833333333333,0.00406380617977,0.0295289855072,0.0,0.0210144927536,0.975053577278,5324.37862319,0.750880684212
C0242350,Erectile dysfunction,186.8,0.4,0.0271653574267,0.6,0.2,0.5,0.0,0.00349550312673,0.2,0.0,0.2,0.991376989836,1879.3,0.912827771848
C1961099,Precursor T-Cell Lymphoblastic Leukemia-Lymphoma,252.15,0.4,0.0333585840018,0.5,0.1,0.4,0.1,0.0045018304389,0.1,0.0,0.1,0.988358326756,2559.0,0.881257254283
C0023473,"Myeloid Leukemia, Chronic",281.566666667,0.266666666667,0.202129349787,0.516666666667,0.266666666667,0.333333333333,0.266666666667,0.0318091998592,0.266666666667,0.183333333333,0.266666666667,0.986999458246,2813.3,0.869435802182
C0023904,"Liver Neoplasms, Experimental",439.183333333,0.0933333333333,0.0158193830918,0.243333333333,0.02,0.166666666667,0.02,0.00180588682208,0.0366666666667,0.0,0.0366666666667,0.979721757192,4366.21,0.797104259673
C0020619,Hypogonadism,195.4,0.8,0.379820475672,0.8,0.55,0.8,0.35,0.0326466355427,0.8,0.3,0.75,0.990985889343,1955.55,0.909285647976
C1876165,Copper-Overload Cirrhosis,212.1,0.4,0.109061340687,0.4,0.1,0.4,0.1,0.0108921393002,0.1,0.1,0.1,0.990204678363,2157.7,0.899904854729
C0027404,Narcolepsy,777.2,0.25,0.0752539481694,0.35,0.15,0.3,0.15,0.0167305873456,0.2,0.05,0.15,0.963981614745,7722.85,0.641513069316
C0003504,Aortic Valve Insufficiency,40.25,0.75,0.110198448287,0.8,0.25,0.8,0.25,0.0603492864176,0.25,0.15,0.35,0.998180636777,403.55,0.981319038337
C0740392,"Infarction, Middle Cerebral Artery",304.516666667,0.216666666667,0.0470908310937,0.316666666667,0.0833333333333,0.25,0.0333333333333,0.0021350647455,0.0833333333333,0.0,0.0833333333333,0.985938757818,3024.7,0.85960663199
C0020538,Hypertensive disease,393.560526316,0.138011695906,0.0595441275402,0.365204678363,0.00526315789474,0.259649122807,0.0,0.00649402018104,0.037134502924,0.0,0.0423976608187,0.982047306351,3836.91578947,0.820901643382
C0015967,Fever,653.05,0.05,0.0122408069581,0.25,0.05,0.15,0.0,0.00105483672376,0.05,0.0,0.05,0.969747411431,6462.35,0.700011607931
C0023186,Learning Disorders,631.3,0.0666666666667,0.0410325140147,0.316666666667,0.0333333333333,0.233333333333,0.0333333333333,0.00288762935624,0.0333333333333,0.0333333333333,0.0333333333333,0.970764050163,6320.81666667,0.706505263973
C0000786,Spontaneous abortion,531.797272727,0.102727272727,0.0306252236272,0.285454545455,0.0290909090909,0.237272727273,0.01,0.00366305458959,0.0654545454545,0.0,0.0745454545455,0.975478404217,5250.17727273,0.755529363653
C0677886,Epithelial ovarian cancer,783.3,0.1,0.00628629079624,0.15,0.0,0.1,0.0,0.000673671575372,0.05,0.0,0.05,0.963689757638,7865.6,0.634810567369
C0887833,"Carcinoma, Pancreatic Ductal",304.05,0.35,0.0516194586299,0.45,0.1,0.35,0.1,0.0171823280729,0.25,0.1,0.25,0.985952082463,3068.9,0.857575335469
C0349639,Juvenile Myelomonocytic Leukemia,253.55,0.05,0.00956088659609,0.3,0.05,0.1,0.0,0.00116764616436,0.05,0.0,0.05,0.988295106324,2530.7,0.882568019315
C0001418,Adenocarcinoma,410.306363636,0.134545454545,0.0489966942956,0.311818181818,0.0581818181818,0.219090909091,0.0190909090909,0.00465150964137,0.0772727272727,0.0,0.0872727272727,0.981142773594,4066.84636364,0.810682655185
C0023343,Leprosy,721.9,0.15,0.0157320233963,0.25,0.05,0.15,0.05,0.00219639330418,0.1,0.0,0.1,0.966549050559,7230.3,0.664380890478
C0002895,"Anemia, Sickle Cell",482.1,0.2,0.0162374417102,0.3,0.0,0.3,0.0,0.0015471671622,0.1,0.0,0.1,0.977672065717,4881.8,0.773481227085
C0017639,Gliosis,251.5,0.25,0.0662750452661,0.6,0.05,0.6,0.05,0.00447985460151,0.15,0.05,0.05,0.988384940346,2510.7,0.883505872522
C0024115,Lung diseases,620.04,0.135,0.0209696483686,0.265,0.05,0.205,0.025,0.00230040937305,0.05,0.0,0.05,0.97130194775,6124.61,0.715407214578
C0042109,Urticaria,397.3,0.0,0.0041686433761,0.25,0.0,0.05,0.0,0.00039653176793,0.0,0.0,0.0,0.981616452347,4035.9,0.812701360197
C0018995,Hemochromatosis,310.2,0.65,0.238486067763,0.7,0.5,0.7,0.5,0.0989862136595,0.5,0.35,0.55,0.985653283825,3113.1,0.855558134138
C0003811,Cardiac Arrhythmia,478.65,0.15,0.0190094874353,0.25,0.05,0.15,0.05,0.00309954545788,0.05,0.05,0.05,0.977845103775,4788.8,0.777717416539
C0007193,"Cardiomyopathy, Dilated",380.805,0.135,0.0535373519995,0.43,0.11,0.245,0.045,0.00430023636215,0.09,0.0,0.11,0.982428870293,3783.83,0.824222222222
C0030297,Pancreatic Neoplasm,402.725,0.1875,0.0392122488025,0.475,0.025,0.3375,0.0125,0.00450138574598,0.05,0.0,0.075,0.981458071425,3992.275,0.814323462309
C0008073,Developmental Disabilities,535.35,0.0,0.00333447775106,0.1,0.0,0.0,0.0,0.000325471273182,0.0,0.0,0.0,0.975211254527,5413.95,0.748699972142
C1458155,Mammary Neoplasms,427.312865854,0.113170731707,0.106263801903,0.301951219512,0.0418292682927,0.191524390244,0.0171951219512,0.0123345971659,0.0565853658537,0.00243902439024,0.0639024390244,0.980781780834,4092.00603659,0.807509085798
C0030193,Pain,392.515,0.115,0.0130889454778,0.29,0.0,0.14,0.0,0.00140588424277,0.02,0.0,0.07,0.981881507996,3906.05,0.81855243585
C0039231,Tachycardia,394.65,0.1,0.0319438173041,0.55,0.1,0.4,0.1,0.00365350421187,0.1,0.0,0.1,0.981740947075,3927.3,0.817736768802
C0030354,Papilloma,397.25,0.1,0.00786089127528,0.4,0.0,0.2,0.0,0.000851190399627,0.0,0.0,0.0,0.981611435997,3931.9,0.817560103964
C0022658,Kidney Diseases,644.627777778,0.0722222222222,0.0159933920487,0.190277777778,0.025,0.119444444444,0.0125,0.00198444413262,0.025,0.0,0.0375,0.970197551561,6359.03611111,0.70408931214
C0311375,Arsenic Poisoning,577.293333333,0.0366666666667,0.0114678784633,0.106666666667,0.0166666666667,0.09,0.0166666666667,0.00128782277365,0.0166666666667,0.0,0.0166666666667,0.973307129345,5819.82666667,0.72944568487
C1834752,"MYCOBACTERIUM TUBERCULOSIS, SUSCEPTIBILITY TO (finding)",430.8,0.4,0.118888788487,0.5,0.2,0.4,0.1,0.00892809174046,0.2,0.1,0.3,0.980052907597,4309.7,0.800032487121
C0206062,"Lung Diseases, Interstitial",719.6,0.0,0.001580188045,0.05,0.0,0.0,0.0,0.000161776622158,0.0,0.0,0.0,0.966654674589,7139.9,0.668613638474
C0000768,Congenital Abnormality,431.9,0.3,0.0278729471738,0.3,0.1,0.3,0.1,0.00484901965245,0.2,0.0,0.2,0.980003248863,4283.55,0.801239209134
C0029408,Degenerative polyarthritis,390.603333333,0.107777777778,0.0387964378886,0.33,0.0111111111111,0.214444444444,0.0111111111111,0.00349193065486,0.0111111111111,0.0111111111111,0.0111111111111,0.982042843757,3834.28333333,0.821592973955
C0023264,Leigh Disease,209.641666667,0.533333333333,0.144985294076,0.666666666667,0.233333333333,0.566666666667,0.1,0.0131852926696,0.366666666667,0.0,0.366666666667,0.99035623587,2081.4,0.903404410171
C0206726,gliosarcoma,340.85,0.0,0.00595074279618,0.25,0.0,0.2,0.0,0.000586317076111,0.0,0.0,0.0,0.984235447034,3336.4,0.845179184848
C0007117,Basal cell carcinoma,676.733333333,0.25,0.0571604386665,0.333333333333,0.2,0.25,0.2,0.0168182855615,0.2,0.15,0.2,0.968649485334,6756.51666667,0.686335035988
C0036346,"Schizophrenia, Childhood",1017.4,0.0,0.00156877487918,0.1,0.0,0.0,0.0,0.000190395108453,0.0,0.0,0.0,0.952829356606,10098.3,0.531285395971
C2239176,Liver carcinoma,362.188311688,0.129004329004,0.0734503138386,0.34025974026,0.0372294372294,0.230086580087,0.0186147186147,0.00833395843932,0.0510822510823,0.0047619047619,0.0601731601732,0.983559480195,3503.59437229,0.836352296563
C0206686,Adrenocortical carcinoma,239.25,0.35,0.0295867169692,0.65,0.1,0.55,0.05,0.00415669601317,0.1,0.0,0.15,0.988955431755,2414.75,0.887957288765
C0029927,Ovarian Cysts,771.841666667,0.0,0.00234978168213,0.0333333333333,0.0,0.0,0.0,0.00023813114973,0.0,0.0,0.0,0.964238982316,7644.28333333,0.644976617424
C0238463,Papillary thyroid carcinoma,209.916666667,0.2,0.0330493373379,0.45,0.0833333333333,0.333333333333,0.0333333333333,0.0064701016623,0.133333333333,0.0333333333333,0.166666666667,0.990334091929,2085.8,0.903209326088
C0238288,"Muscular Dystrophy, Facioscapulohumeral",377.15,0.4,0.119081784199,0.55,0.3,0.4,0.1,0.0201973094406,0.4,0.1,0.4,0.9825458343,3707.4,0.827978649339
C0333641,Atrophic,504.2,0.0,0.00373412903899,0.2,0.0,0.2,0.0,0.000362342491148,0.0,0.0,0.0,0.976646400891,5019.8,0.767076623196
C0017638,Glioma,479.823809524,0.0595238095238,0.0309870595203,0.333333333333,0.0285714285714,0.104761904762,0.0285714285714,0.00278945329534,0.0595238095238,0.0142857142857,0.0452380952381,0.977851381595,4791.64285714,0.777208668484
C0948089,Acute Coronary Syndrome,195.066666667,0.316666666667,0.038932443973,0.65,0.1,0.416666666667,0.0333333333333,0.0064433637252,0.125,0.0333333333333,0.125,0.991033324042,1921.76666667,0.910818699867
C0036341,Schizophrenia,711.343115942,0.054347826087,0.0289485740629,0.167753623188,0.00833333333333,0.0836956521739,0.00833333333333,0.00286972170197,0.00833333333333,0.0,0.00833333333333,0.967215205223,6982.43007246,0.673062743922
C1800706,Idiopathic Pulmonary Fibrosis,433.5,0.35,0.058518484297,0.5,0.2,0.5,0.15,0.00893110308535,0.2,0.0,0.2,0.979935936122,4327.2,0.799178311128
C0004134,Ataxia,562.95,0.4,0.0452388213352,0.4,0.2,0.4,0.1,0.00539113746251,0.35,0.0,0.35,0.97392535512,5536.15,0.743064710798
C0152013,Adenocarcinoma of lung (disorder),341.915,0.12,0.0398634313187,0.385,0.045,0.19,0.02,0.00338969903793,0.07,0.02,0.07,0.984235274976,3374.05,0.84327785784
C0431363,Alobar Holoprosencephaly,458.7,0.55,0.0965515932535,0.55,0.4,0.55,0.05,0.0078576152872,0.4,0.05,0.4,0.978763403426,4623.6,0.785434944065
C0011991,Diarrhea,611.5,0.3,0.015557683584,0.4,0.0,0.4,0.0,0.00157209392879,0.2,0.0,0.1,0.971666589316,6036.4,0.719896041212
C0431362,Lobar Holoprosencephaly,458.7,0.55,0.0965515932535,0.55,0.4,0.55,0.05,0.0078576152872,0.4,0.05,0.4,0.978763403426,4623.6,0.785434944065
C0279628,Adenocarcinoma Of Esophagus,235.0,0.35,0.0615751753853,0.5,0.35,0.35,0.0,0.00589996204717,0.35,0.0,0.35,0.989147286822,2319.15,0.892403564963
C0027796,Neuralgia,613.2,0.1,0.00608698880634,0.2,0.0,0.1,0.0,0.000434907616571,0.0,0.0,0.0,0.971587692022,6111.9,0.716392073142
C0018621,Hay fever,996.8,0.0,0.00206151076069,0.1,0.0,0.1,0.0,0.000257754857317,0.0,0.0,0.0,0.953775467582,9976.3,0.536956420847
C0005138,Berylliosis,511.222222222,0.0,0.00207266181287,0.222222222222,0.0,0.0,0.0,0.000212984404272,0.0,0.0,0.0,0.976321597261,5116.0,0.762622981251
C0009404,Colorectal Neoplasms,609.162554113,0.0753246753247,0.0352860670651,0.230952380952,0.0235930735931,0.122727272727,0.0142857142857,0.00386846196752,0.028354978355,0.0,0.0329004329004,0.971982170441,6013.37705628,0.718787106041
C0013421,Dystonia,714.45,0.0,0.00210839250767,0.1,0.0,0.0,0.0,0.000231404098326,0.0,0.0,0.0,0.966891013739,7225.7,0.664660694393
C0016059,Fibrosis,287.275,0.325,0.0597715842737,0.45,0.125,0.375,0.025,0.00529356130471,0.2,0.0,0.2,0.986765115955,2867.375,0.866854696287
C0007273,Carotid Artery Diseases,442.75,0.1,0.0111583314924,0.2,0.1,0.2,0.0,0.00138610014786,0.1,0.0,0.1,0.979499675114,4513.55,0.790564373898
C0162809,Kallmann Syndrome,909.55,0.2,0.0542413643105,0.2,0.05,0.2,0.05,0.0504229179878,0.05,0.05,0.05,0.957837674699,9148.85,0.575275107954
C0392557,Nuclear cataract,360.8,0.5,0.110978624592,0.5,0.2,0.5,0.2,0.0266981274696,0.4,0.15,0.4,0.98330471107,3635.25,0.831322812718
C0027627,Neoplasm Metastasis,330.680769231,0.158241758242,0.0804789529785,0.339010989011,0.0862637362637,0.208791208791,0.0505494505495,0.00811520956275,0.115384615385,0.00769230769231,0.122527472527,0.984908452272,3242.0,0.848979650474
C0018273,Growth Disorders,671.45,0.0,0.00345043473687,0.0916666666667,0.0,0.0333333333333,0.0,0.000347571368534,0.0,0.0,0.0,0.968903600465,6739.39166667,0.687001548587
C0018784,Sensorineural Hearing Loss (disorder),330.888888889,0.222222222222,0.0357999236889,0.444444444444,0.111111111111,0.333333333333,0.111111111111,0.00483946715782,0.111111111111,0.0,0.222222222222,0.984690510076,3309.0,0.846482272137
C0011849,Diabetes Mellitus,344.883333333,0.116666666667,0.0178274351596,0.366666666667,0.05,0.216666666667,0.05,0.00266288557898,0.05,0.0,0.05,0.98406877545,3447.3,0.839964698778
C0014556,"Epilepsy, Temporal Lobe",259.6,0.233333333333,0.0206886766572,0.566666666667,0.05,0.383333333333,0.05,0.00327756851596,0.0833333333333,0.0,0.0833333333333,0.988021268691,2601.73333333,0.879256834154
C0020443,Hypercholesterolemia,426.233333333,0.15,0.0126137905989,0.3,0.0,0.15,0.0,0.00107245239847,0.05,0.0,0.05,0.980280305844,4285.55,0.801077265973
C0040427,Tooth Abnormalities,704.3,0.0,0.00258436213181,0.3,0.0,0.0,0.0,0.000265799034248,0.0,0.0,0.0,0.967359725252,6991.1,0.675588248944
C0007370,Catalepsy,208.55,0.5,0.0259696608828,0.55,0.0,0.55,0.0,0.00265305050557,0.1,0.0,0.1,0.990376938074,2017.1,0.906422337759
C0025261,Memory Disorders,501.325,0.05,0.0367007339317,0.15,0.025,0.125,0.025,0.00266984534459,0.05,0.025,0.05,0.976812183449,4962.325,0.769527051097
C0025521,Inborn Errors of Metabolism,794.6,0.0,0.00317141925746,0.15,0.0,0.15,0.0,0.000336446929867,0.0,0.0,0.0,0.963172554663,7981.85,0.629490274361
C0038644,Sudden infant death syndrome,499.3,0.35,0.0461205757837,0.35,0.3,0.35,0.0,0.00404397378148,0.3,0.0,0.3,0.976876305407,4975.95,0.769094917614
C1333990,Hereditary Nonpolyposis Colorectal Cancer,100.6,0.5,0.118319596301,0.85,0.3,0.75,0.2,0.0134173100361,0.3,0.05,0.35,0.995383865577,1037.25,0.951907723728
C1861172,Venous Thromboembolism,606.141666667,0.2,0.0567495902172,0.358333333333,0.1,0.333333333333,0.0666666666667,0.00838451470847,0.133333333333,0.0333333333333,0.133333333333,0.971936650252,6080.71666667,0.717612809316
C0018099,Gout,943.5,0.0,0.000853460401454,0.0,0.0,0.0,0.0,8.74182089961e-05,0.0,0.0,0.0,0.956258411844,9374.3,0.564983524389
C0006625,Cachexia,381.4,0.5,0.122334962213,0.5,0.2,0.5,0.1,0.00484034695721,0.2,0.0,0.2,0.982345570149,3853.1,0.821223372163
C0035229,Respiratory Insufficiency,778.25,0.0,0.00110475580944,0.0,0.0,0.0,0.0,0.000113533676325,0.0,0.0,0.0,0.963928339367,7715.65,0.641947461246
C0002395,Alzheimer's Disease,662.266190476,0.110476190476,0.0373303076185,0.257142857143,0.00714285714286,0.16,0.00714285714286,0.00450466637824,0.0485714285714,0.00714285714286,0.0347619047619,0.969431375689,6551.73190476,0.694391402197
C0268363,Osteogenesis imperfecta type IV (disorder),338.1,0.3,0.0266295507377,0.4,0.3,0.3,0.0,0.00375342940281,0.3,0.0,0.3,0.984355130645,3345.6,0.844776535016
C0004114,Astrocytoma,103.7,0.433333333333,0.122802754719,0.65,0.166666666667,0.533333333333,0.116666666667,0.0598879120318,0.35,0.0833333333333,0.266666666667,0.995263084568,1052.71666667,0.951190420904
C0400966,Non-alcoholic Fatty Liver Disease,620.025,0.025,0.00551018925727,0.125,0.0,0.05,0.0,0.000533024777938,0.0,0.0,0.0,0.971300599526,6182.725,0.71277478273
C0020456,Hyperglycemia,361.2,0.25,0.0268603101286,0.5,0.1,0.35,0.05,0.00364637951065,0.1,0.0,0.15,0.983298509542,3585.7,0.833579421461
C0032460,Polycystic Ovary Syndrome,732.479047619,0.0347619047619,0.0140464206827,0.12380952381,0.0,0.0895238095238,0.0,0.00147094883488,0.00714285714286,0.0,0.00714285714286,0.966153136203,7206.69428571,0.663789452732
C0339527,Leber Congenital Amaurosis,661.016666667,0.0,0.00267649311328,0.05,0.0,0.0,0.0,0.000277088190246,0.0,0.0,0.0,0.969378405151,6634.76666667,0.691992864661
C1720824,Sudden Cardiac Arrest,920.05,0.05,0.00675728473331,0.15,0.0,0.15,0.0,0.000683280919902,0.05,0.0,0.0,0.957348435614,9232.65,0.571469687123
C0020615,Hypoglycemia,116.7,0.0,0.00646298532102,0.6,0.0,0.2,0.0,0.000623926417117,0.0,0.0,0.0,0.994630342971,1165.5,0.945955353413
C0020429,Hyperalgesia,406.95,0.2,0.0516939035028,0.416666666667,0.0428571428571,0.316666666667,0.0142857142857,0.00724542263497,0.0857142857143,0.0142857142857,0.0714285714286,0.98124534624,4045.57380952,0.811912518172
C0023487,Acute Promyelocytic Leukemia,407.533333333,0.216666666667,0.0217415507499,0.483333333333,0.0333333333333,0.383333333333,0.0333333333333,0.00684456880428,0.0333333333333,0.0333333333333,0.0333333333333,0.981160194475,4072.0,0.810941564474
C0020445,"Hypercholesterolemia, Familial",177.2,0.45,0.0874617710975,0.85,0.15,0.65,0.1,0.00557403103473,0.15,0.0,0.2,0.991834176686,1724.45,0.920006035003
C0032927,Precancerous Conditions,551.271428571,0.102380952381,0.0158445534717,0.264285714286,0.0,0.17619047619,0.0,0.00160919820445,0.0428571428571,0.0,0.0428571428571,0.974528972982,5424.03333333,0.747761652129
C0033578,Prostatic Neoplasms,560.371230342,0.0875578168363,0.0823992890863,0.24158186864,0.0171137835338,0.153792784459,0.00860314523589,0.00866267922018,0.0234967622572,0.00430157261795,0.0277520814061,0.974561006569,5336.08242368,0.748101788469
C3495498,"Cardiomyopathy, Familial Hypertrophic, 1 (disorder)",182.5,0.4,0.20869308891,0.7,0.2,0.6,0.2,0.00739522343332,0.2,0.0,0.2,0.991576553581,1799.1,0.916549867731
C0010346,Crohn Disease,720.730555556,0.0805555555556,0.0155792905179,0.194444444444,0.0111111111111,0.0930555555556,0.0111111111111,0.00156300605319,0.0333333333333,0.0,0.0458333333333,0.966656154583,7189.99305556,0.665336904207
C0087012,"Ataxia, Spinocerebellar",331.25,0.05,0.0534898241788,0.45,0.05,0.05,0.05,0.00285593349329,0.05,0.05,0.05,0.984681088107,3251.95,0.849099433664
C1956346,Coronary Artery Disease,678.457142857,0.0166666666667,0.0085013399386,0.180952380952,0.0,0.147619047619,0.0,0.000853310756555,0.0,0.0,0.0,0.968600872004,6738.88809524,0.686629657446
C0917796,"Optic Atrophy, Hereditary, Leber",211.2,0.75,0.0953147865241,0.75,0.1,0.75,0.05,0.00747325850512,0.4,0.05,0.4,0.990252054031,2095.75,0.902773522722
C0162671,MELAS Syndrome,21.9,0.6,0.0420208792737,1.0,0.0,1.0,0.0,0.00403113959084,0.4,0.0,0.4,0.999030027382,216.9,0.989980043626
C0235032,Neurotoxicity Syndromes,577.4,0.0333333333333,0.00928587320094,0.183333333333,0.0333333333333,0.183333333333,0.0,0.0010698184918,0.0333333333333,0.0,0.0333333333333,0.973266453021,5774.61666667,0.731883485827
C0036095,Salivary Gland Neoplasms,573.615,0.0,0.00627551317292,0.145,0.0,0.075,0.0,0.000646864143165,0.0,0.0,0.0,0.973461860271,5713.125,0.734559336215
C0263454,Chloracne,463.566666667,0.116666666667,0.0512143385314,0.333333333333,0.0833333333333,0.208333333333,0.0583333333333,0.00477849631234,0.116666666667,0.0333333333333,0.116666666667,0.978562689711,4595.80833333,0.786579709472
C0007873,Uterine Cervical Neoplasm,396.116666667,0.183333333333,0.0145159552979,0.383333333333,0.0,0.283333333333,0.0,0.0014736162079,0.05,0.0,0.05,0.981678739475,3897.51666667,0.819095158494
C0011854,"Diabetes Mellitus, Insulin-Dependent",604.773214286,0.0571428571429,0.014665935345,0.241071428571,0.0,0.141071428571,0.0,0.00158324035354,0.0428571428571,0.0,0.0285714285714,0.972041512081,5994.98214286,0.721173089454
C0023893,"Liver Cirrhosis, Experimental",506.583636364,0.112727272727,0.0309202556091,0.316363636364,0.01,0.214545454545,0.0,0.00352412727413,0.0290909090909,0.0,0.0563636363636,0.976655329519,5014.37181818,0.766495613477
C1832200,Peroxisome biogenesis disorders,2.55,1.0,0.727083333333,1.0,0.9,1.0,0.7,0.289735449735,1.0,0.7,1.0,0.999930381509,15.0,0.999352548037
C0032580,Adenomatous Polyposis Coli,580.222222222,0.111111111111,0.0164897266942,0.333333333333,0.0,0.111111111111,0.0,0.000870667697996,0.111111111111,0.0,0.111111111111,0.973119443929,5755.0,0.732968256915
C0349788,Arrhythmogenic Right Ventricular Dysplasia,204.0,0.4,0.156235010347,0.5,0.3,0.4,0.2,0.0101245051476,0.3,0.0,0.3,0.990578734859,2038.0,0.905462477375
C0013386,"Dyskinesia, Drug-Induced",306.65,0.2,0.0254308461868,0.45,0.2,0.35,0.0,0.00398974349646,0.2,0.0,0.2,0.985823043357,3104.3,0.855953486213
C0029422,Osteochondrodysplasias,492.0,0.3,0.0348901363258,0.4,0.15,0.35,0.05,0.00519414346775,0.2,0.0,0.2,0.977218921177,4887.4,0.773180298951
C0005910,Body Weight,1000.95,0.1,0.00549732519172,0.1,0.0,0.1,0.0,0.000587117059127,0.05,0.0,0.05,0.953592814371,10047.7,0.533653622987
C0020179,Huntington Disease,865.5,0.0,0.0011450084454,0.0,0.0,0.0,0.0,0.000112801275572,0.0,0.0,0.0,0.959879322349,8678.7,0.597233696913
C2609414,Acute kidney injury,497.235714286,0.119047619048,0.0243230502784,0.354761904762,0.0333333333333,0.211904761905,0.0166666666667,0.00269486421053,0.0619047619048,0.0,0.0619047619048,0.977038299965,4934.77619048,0.770564628699
C1959629,Seizure Adverse Event,846.65,0.0,0.00128084859402,0.0,0.0,0.0,0.0,0.00012619168613,0.0,0.0,0.0,0.960757730523,8536.4,0.603725972699
C0346153,"Breast Cancer, Familial",54.8,0.8,0.439860567301,0.8,0.65,0.8,0.55,0.145304690718,0.65,0.4,0.65,0.997507542353,515.8,0.976110466466
C1136249,"Mental Retardation, X-Linked",739.2,0.0,0.00210896305559,0.15,0.0,0.0,0.0,0.000217450701721,0.0,0.0,0.0,0.965745856354,7346.55,0.658983703979
C0026764,Multiple Myeloma,691.333333333,0.108333333333,0.00982360383604,0.208333333333,0.0,0.183333333333,0.0,0.00102112626343,0.025,0.0,0.025,0.967983781021,6896.575,0.679605833876
C0023895,Liver diseases,514.121428571,0.0952380952381,0.0457283181769,0.280952380952,0.0309523809524,0.17380952381,0.0309523809524,0.00569195198561,0.047619047619,0.0142857142857,0.047619047619,0.976252957911,5108.70238095,0.762471971852
C0027051,Myocardial Infarction,388.722222222,0.105555555556,0.0308847571531,0.427777777778,0.0222222222222,0.25,0.0111111111111,0.00339392142638,0.0458333333333,0.0,0.0458333333333,0.982119033942,3845.06527778,0.821142018433
C0007570,Celiac Disease,696.375,0.175,0.0549692740371,0.25,0.1,0.225,0.025,0.00689487882109,0.1,0.025,0.125,0.9677505925,6899.94166667,0.679467369921
C0022661,"Kidney Failure, Chronic",402.665,0.21,0.0699557683703,0.38,0.07,0.275,0.07,0.00400685987125,0.165,0.0,0.145,0.981408218287,4044.54,0.81212104309
C0497327,Dementia,637.2,0.1,0.0072185972025,0.2,0.0,0.1,0.0,0.000678252501572,0.1,0.0,0.1,0.970473847867,6373.3,0.704267415417
C0151786,Muscle Weakness,762.288888889,0.0111111111111,0.0180141503587,0.0644444444444,0.0111111111111,0.0211111111111,0.0111111111111,0.00346418874219,0.0111111111111,0.0111111111111,0.0111111111111,0.964723800946,7573.09111111,0.647441328406
C1838951,LEIGH SYNDROME DUE TO MITOCHONDRIAL COMPLEX I DEFICIENCY,264.85,0.7,0.179088555528,0.8,0.6,0.8,0.3,0.019013187925,0.7,0.0,0.7,0.98776168593,2594.3,0.879636076684
C0040128,Thyroid Diseases,669.45,0.0,0.00308265856672,0.2,0.0,0.1,0.0,0.000288229894661,0.0,0.0,0.0,0.968976560687,6633.7,0.69212346252
C0040136,Thyroid Neoplasm,399.608333333,0.125,0.0123469121946,0.325,0.0,0.183333333333,0.0,0.00139163404956,0.0,0.0,0.025,0.981531081583,3971.31666667,0.815528402404
C0848558,Hypospadias,844.0,0.0,0.00124490897997,0.0,0.0,0.0,0.0,0.00012529063805,0.0,0.0,0.0,0.960878243513,8477.5,0.606540407557
C0007786,Brain Ischemia,229.2,0.333333333333,0.134400340062,0.583333333333,0.116666666667,0.466666666667,0.0666666666667,0.0268290823762,0.183333333333,0.05,0.166666666667,0.989500860585,2262.2,0.89492952505
C0030305,Pancreatitis,569.1,0.05,0.00607146732689,0.3,0.0,0.15,0.0,0.000611673634123,0.0,0.0,0.0,0.973645354506,5619.0,0.739169800808
C0030319,Panic Disorder,611.75,0.0,0.00159167245306,0.125,0.0,0.0,0.0,0.000154293012851,0.0,0.0,0.0,0.971657617523,6196.375,0.71249825978
C0241910,"Hepatitis, Autoimmune",378.2,0.25,0.0167993364205,0.55,0.0,0.5,0.0,0.00167539851556,0.1,0.0,0.05,0.982504642526,3785.2,0.824333797586
C0027626,Neoplasm Invasiveness,310.793589744,0.199358974359,0.0983442945904,0.467948717949,0.0961538461538,0.309615384615,0.0403846153846,0.0114381214994,0.160256410256,0.00833333333333,0.167948717949,0.985815240085,3086.97371795,0.85627484868
C0001925,Albuminuria,456.7,0.35,0.0718971661891,0.4,0.05,0.4,0.05,0.00652579559336,0.15,0.05,0.15,0.978864280076,4538.8,0.789325347077
C0006111,Brain Diseases,667.633333333,0.183333333333,0.0217385206797,0.283333333333,0.05,0.233333333333,0.05,0.00326594038551,0.133333333333,0.0,0.133333333333,0.969072053247,6592.21666667,0.693957897996
C0429087,Electrocardiogram: P-R interval,1104.55555556,0.0,0.00127101812855,0.111111111111,0.0,0.0,0.0,0.000126248789928,0.0,0.0,0.0,0.948786172473,10926.3333333,0.492976919745
C0032914,Pre-Eclampsia,763.85,0.1,0.0168646182524,0.25,0.05,0.15,0.05,0.00242452949593,0.05,0.0,0.05,0.964601420679,7655.4,0.644644598171
C0751617,Semilobar Holoprosencephaly,467.5,0.5,0.0523257379115,0.55,0.4,0.55,0.05,0.0078576152872,0.4,0.05,0.4,0.978356078541,4623.6,0.785434944065
C2936907,NADH:Q(1) Oxidoreductase deficiency,110.75,0.85,0.327860008304,0.85,0.65,0.85,0.35,0.0484923662082,0.7,0.1,0.8,0.994927334355,1090.0,0.949459070437
C0007787,Transient Ischemic Attack,251.5,0.3,0.0203019377517,0.6,0.1,0.5,0.0,0.00219185166369,0.2,0.0,0.1,0.988374251636,2509.6,0.883575439736
C0162670,Mitochondrial Myopathies,293.833333333,0.166666666667,0.00946020424261,0.5,0.0,0.5,0.0,0.000936299083494,0.0,0.0,0.0,0.986412076779,2894.33333333,0.865744822359
C0015695,Fatty Liver,366.56,0.125,0.0531824273135,0.36,0.04,0.195,0.04,0.0263096949542,0.04,0.04,0.04,0.983092658887,3678.61,0.829108280255
C0162820,"Dermatitis, Allergic Contact",649.05952381,0.0428571428571,0.00838432474023,0.114285714286,0.0,0.0714285714286,0.0,0.00085787786352,0.0142857142857,0.0,0.0142857142857,0.969972701751,6496.87380952,0.697849819747
Mean,,460.521989766,0.204388506867,0.0564762830438,0.367662918133,0.0927551777096,0.277932757405,0.0579845209841,0.0139066818507,0.129031927164,0.0327490494831,0.133620051265,0.978709170983,4578.98364662,0.787298205931
Median,,431.9,0.15,0.0278728478893,0.34025974026,0.05,0.244117647059,0.0160256410256,0.00315514083633,0.0666666666667,0.0,0.0724358974359,0.980011925781,4283.55,0.801239209134
STD,,224.932487828,0.195530209988,0.0883605456037,0.211336079723,0.139865250194,0.208284997939,0.107013585779,0.0523380197763,0.166921427052,0.0837961010076,0.171051894392,0.010440513145,2246.79346848,0.10438410262
