Disease ID,Disease Name,Recall-at-100,Recall-at-25,Ranks,AUROC,Mean Average Precision,Fold Recall-at-100
C0036095,Salivary Gland Neoplasms,0.025,0.0,7120.840909090909,0.6780114349463116,0.0007521776290999958,0.19
C0033941,"Psychoses, Substance-Induced",0.05,0.0,4061.764705882353,0.8317908542246982,0.001063524642805132,0.35
C0043459,Zellweger Syndrome,0.9,0.7,21.466666666666665,0.9989439234982823,0.3668145472284289,1.0
C0033860,Psoriasis,0.07619047619047618,0.030952380952380953,6341.90625,0.7031465947938754,0.01759179785078701,0.3071428571428571
C0027726,Nephrotic Syndrome,0.18333333333333332,0.13333333333333333,3431.1428571428573,0.8207257615156017,0.04076852788995942,0.5
C0338480,Common Migraine,0.1,0.0,9114.454545454546,0.5362387450106748,0.0009523819866329587,0.25
C0026636,Mouth Diseases,0.2,0.1,5255.0,0.7532374100719424,0.004049010708596092,0.25
C1838979,MITOCHONDRIAL COMPLEX I DEFICIENCY,0.8666666666666666,0.55,1580.4814814814815,0.9337196160396346,0.05813107967473753,0.9
C0236969,Substance-Related Disorders,0.01,0.01,7366.542857142857,0.6578379214483074,0.0014523824078645435,0.16363636363636364
C0002878,"Anemia, Hemolytic",0.25,0.15,3954.9166666666665,0.8049814342074727,0.008850886049271497,0.5
C0003873,Rheumatoid Arthritis,0.04285714285714286,0.014285714285714285,7216.037914691943,0.6624100473217404,0.005276586260670802,0.2848484848484848
C0003872,"Arthritis, Psoriatic",0.1,0.0,4445.933333333333,0.7951733822300623,0.0010519667637308534,0.3
C0002871,Anemia,0.03333333333333333,0.0,7153.0,0.6666666666666667,0.001198816978386748,0.21666666666666665
C0206698,Cholangiocarcinoma,0.18333333333333332,0.1,3572.9166666666665,0.8384007492376042,0.01391567000838809,0.26666666666666666
C0206754,Neuroendocrine Tumors,0.3,0.3,2947.3,0.863261706966167,0.03680440446071025,0.3
C0024530,Malaria,0.05,0.0,5289.1,0.7453951339555184,0.001174221805085901,0.3
C0598608,Hyperhomocysteinemia,0.0,0.0,6365.909090909091,0.6940777870602434,0.0002874691848112138,0.2
C0019693,HIV Infections,0.13000000000000003,0.02,2797.7272727272725,0.868389152970661,0.007909871848712512,0.5766666666666668
C0038013,Ankylosing spondylitis,0.05,0.0,8372.0,0.5772455089820359,0.000630724430797718,0.1
C0010606,Adenoid Cystic Carcinoma,0.06222222222222222,0.042222222222222223,5993.717171717171,0.723155104027506,0.006745607009182588,0.3466666666666666
C3495559,Juvenile arthritis,0.049999999999999996,0.016666666666666666,6833.508196721312,0.6808363238891579,0.0036457562935232994,0.13974358974358972
C0027659,"Neoplasms, Experimental",0.26666666666666666,0.03333333333333333,3276.5151515151515,0.851882007681348,0.00494029720778899,0.4833333333333333
C0027658,"Neoplasms, Germ Cell and Embryonal",0.0,0.0,10319.692307692309,0.5328084385443742,0.000559065194587612,0.2
C0002171,Alopecia Areata,0.3333333333333333,0.2222222222222222,7097.333333333333,0.6868593115112513,0.025743798775844193,0.5555555555555556
C0002170,Alopecia,0.2,0.1,7678.928571428572,0.6898841851181358,0.003655001120260023,0.3
C0428977,Bradycardia,0.45,0.41666666666666663,3284.6666666666665,0.8510421987956469,0.03381137039026959,0.5333333333333333
C0009447,Common Variable Immunodeficiency,0.45,0.45,2337.1666666666665,0.8822232536551404,0.0283177618724477,0.7
C0017658,Glomerulonephritis,0.3333333333333333,0.16666666666666666,878.8214285714286,0.9613730317246505,0.06796236382657793,0.7666666666666666
C0001973,"Alcoholic Intoxication, Chronic",0.15,0.0,6572.578947368421,0.6916626004925879,0.0023701629698392977,0.275
C0273115,Lung Injury,0.05,0.0,4273.55,0.801639039791986,0.0014384020223421837,0.3
C1136249,"Mental Retardation, X-Linked",0.0,0.0,8921.0,0.5936939969357908,0.0001380588675328214,0.0
C0038454,Cerebrovascular accident,0.16666666666666666,0.05,3465.5135135135133,0.8424428825898389,0.03244808247036523,0.4666666666666666
C0019284,Diaphragmatic Hernia,0.05,0.0,4584.075,0.787066040804945,0.0013620806782289724,0.375
C0282612,Prostatic Intraepithelial Neoplasias,0.3,0.3,712.5454545454545,0.964970296110647,0.20790547085358338,0.7
C0751617,Semilobar Holoprosencephaly,0.25,0.05,7714.071428571428,0.607105556329202,0.005069773204234172,0.4
C0035258,Restless Legs Syndrome,0.0,0.0,12230.833333333334,0.3690934682071984,2.990887693352273e-05,0.0
C1142166,Brugada Syndrome (disorder),0.05,0.05,9243.733333333334,0.5302641351777923,0.05030431658284865,0.15
C0013990,Pathological accumulation of air in tissues,0.2,0.2,3778.8,0.8246716480252472,0.012547433927688237,0.5
C0018671,Head and Neck Neoplasms,0.2333333333333333,0.15,6079.0,0.7295749357605027,0.11247914389722953,0.4
C0006118,Brain Neoplasms,0.18333333333333332,0.0,5429.260869565217,0.7494543512584749,0.0026796438253870168,0.35
C0018772,"Hearing Loss, Partial",0.0,0.0,9294.59090909091,0.5995960065010448,0.00013944984969435623,0.05
C0008625,Chromosome Aberrations,0.05,0.0,3961.266666666667,0.8383796769102219,0.0007403403516874599,0.25
C0023434,Chronic Lymphocytic Leukemia,0.13999999999999999,0.04,6423.3877551020405,0.698088618188581,0.004230864926668918,0.24
C0034951,Refractive Errors,0.0,0.0,13472.888888888889,0.3855993778726961,7.266490195380663e-05,0.0
C0019196,Hepatitis C,0.0,0.0,5042.933333333333,0.7446731965462816,0.0003060593304824341,0.1
C0025500,Mesothelioma,0.075,0.05,3899.560975609756,0.8195018823201339,0.003390457924478154,0.33999999999999997
C0242379,Malignant neoplasm of lung,0.0,0.0,7768.5,0.6453495659440137,0.00037645516195090737,0.3
C3875321,Inflammatory dermatosis,0.0,0.0,8822.029411764706,0.5896899053725472,0.00039714268771986664,0.05
C0162809,Kallmann Syndrome,0.15,0.15,8668.95,0.6234631099967498,0.04286292970210507,0.15
C0023794,Lipoidosis,0.0,0.0,11925.263157894737,0.4631093880583156,0.00017265417148888495,0.05
C0011849,Diabetes Mellitus,0.2333333333333333,0.06666666666666667,4698.035714285715,0.795249043925248,0.003805641064622625,0.4666666666666666
C0016059,Fibrosis,0.15,0.075,3585.925,0.8320665055537482,0.007351411635675679,0.45
C0020443,Hypercholesterolemia,0.15,0.0,4883.952380952381,0.7671793740713225,0.003049592500612183,0.3833333333333333
C0025958,Microcephaly,0.18333333333333332,0.13333333333333333,3145.217391304348,0.8597496981517601,0.02749176141981255,0.4333333333333333
C0040411,Tongue Neoplasms,0.0,0.0,7772.0,0.6299398758327661,0.0003473433378424412,0.1111111111111111
C0027720,Nephrosis,0.15,0.0,1988.6666666666667,0.9199401169807817,0.0017503272399856356,0.5
C0007273,Carotid Artery Diseases,0.1,0.0,4427.363636363636,0.7907523438225192,0.001358522861105141,0.45
C0018273,Growth Disorders,0.025,0.025,7434.0,0.6573747580332946,0.0010883796460467417,0.09166666666666665
C0014553,Absence Epilepsy,0.0,0.0,14858.111111111111,0.30667708268877747,4.565632586807494e-05,0.0
C0014556,"Epilepsy, Temporal Lobe",0.3833333333333333,0.3,3652.4347826086955,0.8439185319339959,0.09446719930150096,0.6333333333333333
C0025261,Memory Disorders,0.025,0.0,6913.083333333333,0.6626910924213559,0.0011983575740752996,0.24166666666666664
C0007370,Catalepsy,0.35,0.35,1467.4,0.9349294401634018,0.12945545533260044,0.7
C1333990,Hereditary Nonpolyposis Colorectal Cancer,0.4,0.3,2711.923076923077,0.873598217601188,0.1712712006344673,0.5
C0023487,Acute Promyelocytic Leukemia,0.25,0.1,3695.7586206896553,0.8283878359965315,0.012822988022016642,0.4833333333333333
C0023485,Precursor B-Cell Lymphoblastic Leukemia-Lymphoma,0.1,0.0,2274.818181818182,0.8982502552677991,0.0023042370492419315,0.65
C0018099,Gout,0.0,0.0,11235.6,0.4899893256601847,0.000175934052111516,0.2
C1956346,Coronary Artery Disease,0.0,0.0,8196.47619047619,0.6229517539778543,0.0006419744662369723,0.14761904761904762
C1861172,Venous Thromboembolism,0.26666666666666666,0.16666666666666666,9344.193548387097,0.5657342670878627,0.07629960536972379,0.3583333333333333
C0032927,Precancerous Conditions,0.0857142857142857,0.0,5353.115942028986,0.7558164246711343,0.0024872741229850412,0.26666666666666666
C0010346,Crohn Disease,0.06944444444444445,0.02361111111111111,7828.919540229885,0.6328044299539408,0.0025869599316113885,0.24305555555555552
C0007873,Uterine Cervical Neoplasm,0.15,0.0,4678.761904761905,0.7918102247399703,0.0029993436416392537,0.45
C0013386,"Dyskinesia, Drug-Induced",0.2,0.0,6209.533333333334,0.6468793519636058,0.003905422632180553,0.3
C0022336,Creutzfeldt-Jakob disease,0.05,0.0,11583.692307692309,0.424132008911994,0.0006396342786329464,0.05
C0087012,"Ataxia, Spinocerebellar",0.25,0.15,4965.533333333334,0.7460635038529384,0.014403906164650437,0.5
C0917796,"Optic Atrophy, Hereditary, Leber",0.7,0.45,1990.5,0.918489764656733,0.05081133678166405,0.8
C0023891,"Liver Cirrhosis, Alcoholic",0.1,0.0,5606.875,0.7810350030175015,0.0013211907063084183,0.45
C0242488,Acute Lung Injury,0.0,0.0,2500.0,0.884076876653823,0.0005698271468361983,0.35
C0023893,"Liver Cirrhosis, Experimental",0.08181818181818182,0.01818181818181818,5469.532710280374,0.7427667726213181,0.00625463629961711,0.3372727272727273
C0263454,Chloracne,0.125,0.1,5315.181818181818,0.7500698832311219,0.0085236898648961,0.31666666666666665
C0023895,Liver diseases,0.014285714285714285,0.0,6832.953846153846,0.6852063447750215,0.0010029897354755114,0.15476190476190477
C0022661,"Kidney Failure, Chronic",0.11000000000000001,0.04,5295.977272727273,0.7558443731697114,0.004042486551734721,0.29500000000000004
C1262477,Weight decreased,0.0,0.0,6343.0,0.6672164445888853,0.00023249569023499594,0.0
C0023264,Leigh Disease,0.5583333333333333,0.225,1382.6774193548388,0.9337812412896034,0.026330258840725134,0.7416666666666667
C0007570,Celiac Disease,0.05,0.05,8463.868421052632,0.6018915454559537,0.004349299662650577,0.23333333333333334
C0017601,Glaucoma,0.0,0.0,11696.095238095239,0.4430445920009906,0.00019495218919978228,0.08333333333333333
C0039231,Tachycardia,0.3,0.2,3916.764705882353,0.8150383008356548,0.02432322622269455,0.45
C0346153,"Breast Cancer, Familial",0.65,0.45,984.25,0.9455001160362034,0.11692185219991887,0.9
C0022116,Ischemia,0.08333333333333333,0.0,6523.962962962963,0.6989580430407184,0.00155512074552704,0.26666666666666666
C0032580,Adenomatous Polyposis Coli,0.1111111111111111,0.0,5697.444444444444,0.7322876059649774,0.0013115332203199978,0.4444444444444444
C0040128,Thyroid Diseases,0.0,0.0,7230.833333333333,0.6536481782316083,0.00018588154980861085,0.1
C0030319,Panic Disorder,0.0,0.0,7838.625,0.5500139217597104,0.00010615147463086558,0.0
C0009404,Colorectal Neoplasms,0.047402597402597405,0.009523809523809523,6824.793427230047,0.6807598230105727,0.0041990244832331965,0.24372294372294373
C0001624,Adrenal Gland Neoplasms,0.35,0.1,951.3636363636364,0.9533416875522139,0.006122669478461027,0.6
C0038644,Sudden infant death syndrome,0.2,0.05,4331.5,0.7497493618008819,0.007203812512645899,0.45
C0027819,Neuroblastoma,0.15,0.06999999999999999,3953.659090909091,0.8134939339004325,0.015125968804477969,0.425
C2931456,"Prostate cancer, familial",0.25,0.15,5066.384615384615,0.7419559970293352,0.011290612248501851,0.25
C0024667,Animal Mammary Neoplasms,0.06593406593406595,0.021978021978021976,4236.525547445255,0.8017189824647808,0.006165664359426864,0.31208791208791203
C0029422,Osteochondrodysplasias,0.35,0.15,5280.733333333334,0.7027516015226071,0.011317575123597752,0.45
C0041755,Adverse reaction to drug,0.07666666666666666,0.0,4856.075471698113,0.7719137524801587,0.0026617869438885925,0.32
C0015625,Fanconi Anemia,0.75,0.55,245.6315789473684,0.9892190546940292,0.20650683284419377,0.95
C0751778,"Myoclonic Epilepsies, Progressive",0.0,0.0,10201.333333333334,0.49034578788582034,8.452375566832683e-05,0.0
C0206762,"Limb Deformities, Congenital",0.15,0.1,4724.133333333333,0.7224619348249931,0.00836333839958903,0.25
C0429087,Electrocardiogram: P-R interval,0.0,0.0,8349.555555555555,0.5534001608811336,4.698396504017622e-05,0.0
C0024668,"Mammary Neoplasms, Experimental",0.059583333333333335,0.032916666666666664,4736.3708609271525,0.7788522299043882,0.006235606466927496,0.33125
C0018824,Heart valve disease,0.03333333333333333,0.0,2290.75,0.8833372033622812,0.0022316737051492823,0.5666666666666667
C0079744,Diffuse Large B-Cell Lymphoma,0.11666666666666665,0.05,2144.8333333333335,0.8998044545637593,0.004616452320960185,0.5333333333333334
C0019158,Hepatitis,0.0,0.0,5144.111111111111,0.7805910209387623,0.0005898262713305822,0.2
C0271650,Impaired glucose tolerance,0.2,0.1,5202.818181818182,0.7669718277174418,0.008308573229681374,0.5
C0162666,Mitochondrial Encephalomyopathies,0.25,0.1,3309.3636363636365,0.8293325907360994,0.005536428829915319,0.45
C0019151,Hepatic Encephalopathy,0.2,0.1,4418.615384615385,0.8026387857408096,0.00628956388354152,0.5
C0026769,Multiple Sclerosis,0.04444444444444444,0.01111111111111111,7726.215909090909,0.6426642613898075,0.002209820543191326,0.19444444444444445
C0600467,Neurogenic Inflammation,0.15,0.1,9633.25,0.5175400324901369,0.0045453487171408765,0.25
C0024141,"Lupus Erythematosus, Systemic",0.09464285714285714,0.014285714285714285,6480.6621621621625,0.6942415015859715,0.003715203671729949,0.2946428571428571
C2931673,"Ceroid lipofuscinosis, neuronal 1, infantile",0.0,0.0,3734.7,0.8267183366593958,0.0009860592374631083,0.3
C0152013,Adenocarcinoma of lung (disorder),0.06000000000000001,0.02,3272.413043478261,0.8463195574357305,0.02259424528353672,0.55
C0175702,Williams Syndrome,0.2,0.1,5930.3,0.724820160579199,0.004978398299255393,0.2
C0268362,Osteogenesis imperfecta type III (disorder),0.4,0.4,3086.090909090909,0.8446741854636592,0.03464080739852443,0.7
C0268363,Osteogenesis imperfecta type IV (disorder),0.3,0.3,4273.3,0.8081728314846615,0.11225928410069552,0.4
C0241910,"Hepatitis, Autoimmune",0.4,0.15,3448.3529411764707,0.7802878365831012,0.023553001323583442,0.7
C0033578,Prostatic Neoplasms,0.04491211840888066,0.012904717853839037,5540.6623931623935,0.7383415333868282,0.010015976701403324,0.24352451433857536
C2936907,NADH:Q(1) Oxidoreductase deficiency,0.9,0.35,1342.9,0.9449644797325533,0.04813001699244866,0.9
C0848558,Hypospadias,0.0,0.0,12508.285714285714,0.4149456900153182,0.0002394645261086056,0.1
C0026764,Multiple Myeloma,0.1,0.075,5981.717948717948,0.7112400083650897,0.03309622692249249,0.175
C0015695,Fatty Liver,0.185,0.0,4652.0625,0.7848028732158632,0.003945460862346366,0.4800000000000001
C0023290,"Leishmaniasis, Visceral",0.1,0.0,3888.6666666666665,0.7640009282896263,0.002032613659345187,0.45
C0393706,Early infantile epileptic encephalopathy with suppression bursts,0.1,0.0,5778.833333333333,0.7522552114768559,0.001046425169707725,0.2
C0022521,Kartagener Syndrome,0.0,0.0,12982.416666666666,0.3988006780290716,0.00010698396479350805,0.0
C0005586,Bipolar Disorder,0.06666666666666667,0.0,9893.698412698413,0.5375348934586397,0.0013885964935952335,0.18095238095238095
C0242350,Erectile dysfunction,0.1,0.0,2219.5,0.8970367104469299,0.003027614306757401,0.7
C0265215,Meckel-Gruber syndrome,0.85,0.65,178.57142857142858,0.9938703987374089,0.055480328386872745,0.95
C0005612,Birth Weight,0.0,0.0,7629.9,0.5985844897201467,0.050136393851101156,0.1
C0004352,Autistic Disorder,0.03786231884057971,0.012681159420289856,7164.824034334764,0.6637823290216645,0.00663748502522733,0.18786231884057972
C0023904,"Liver Neoplasms, Experimental",0.21000000000000002,0.056666666666666664,4985.471698113208,0.7645824032738094,0.007167628894332515,0.39333333333333337
C1961099,Precursor T-Cell Lymphoblastic Leukemia-Lymphoma,0.05,0.05,2990.1666666666665,0.846371697850411,0.00288123153734963,0.45
C0027404,Narcolepsy,0.0,0.0,7064.777777777777,0.5685001624959376,0.0002575251483050455,0.1
C0015967,Fever,0.2,0.0,7246.6,0.6356688489576079,0.002224438080986859,0.3
C0001418,Adenocarcinoma,0.08545454545454545,0.02909090909090909,4366.981132075472,0.7954003203919291,0.0063894282862447475,0.40636363636363637
C0887833,"Carcinoma, Pancreatic Ductal",0.4,0.25,2483.95,0.8847344105492873,0.017265899528747054,0.55
C0740392,"Infarction, Middle Cerebral Artery",0.2,0.0,3806.76,0.8320422317171342,0.002638606435454826,0.4333333333333333
C0020538,Hypertensive disease,0.09005847953216373,0.02631578947368421,4550.555555555556,0.7872122685504477,0.013451476414282546,0.3909356725146198
C0349639,Juvenile Myelomonocytic Leukemia,0.3,0.1,2590.684210526316,0.8776952363264927,0.0067518238297221145,0.55
C0023343,Leprosy,0.1,0.05,9688.944444444445,0.5200299456799293,0.002055989240567634,0.15
C0027051,Myocardial Infarction,0.10555555555555556,0.02361111111111111,4627.011627906977,0.7855234321229152,0.004898992324098346,0.3402777777777778
C0042109,Urticaria,0.0,0.0,9052.375,0.5928728935518314,0.0002700554630287838,0.15
C0003811,Cardiac Arrhythmia,0.15,0.1,7022.1,0.6591923201931559,0.0038194653470715453,0.25
C0018995,Hemochromatosis,0.35,0.3,6407.833333333333,0.7336481782316083,0.019852142645558162,0.4
C0030297,Pancreatic Neoplasm,0.075,0.0,5153.6625,0.7590733691856404,0.004337810872930556,0.4375
C0020507,Hyperplasia,0.03333333333333333,0.0,4513.307692307692,0.7832830182837149,0.0017498171900856955,0.3833333333333333
C0030354,Papilloma,0.2,0.2,3606.3636363636365,0.8223475355054302,0.006888953704659783,0.55
C0030193,Pain,0.13999999999999999,0.075,6007.977777777778,0.726453723503161,0.006104629365424513,0.385
C0000768,Congenital Abnormality,0.2,0.0,6005.181818181818,0.730136684303351,0.002589673364683541,0.3
C1834752,"MYCOBACTERIUM TUBERCULOSIS, SUSCEPTIBILITY TO (finding)",0.2,0.0,3022.5,0.7974845686174409,0.0039702628696184124,0.6
C0022658,Kidney Diseases,0.05972222222222222,0.0125,7585.313253012048,0.6455817047488953,0.0022228828992175713,0.2777777777777778
C0206062,"Lung Diseases, Interstitial",0.0,0.0,12780.933333333332,0.4406403769380744,7.170414108510936e-05,0.0
C0007117,Basal cell carcinoma,0.05,0.05,8347.818181818182,0.637649949694296,0.003775364038665457,0.13333333333333333
C2239176,Liver carcinoma,0.09675324675324676,0.032034632034632034,4259.9262672811055,0.8007331921436889,0.010136660974375017,0.36017316017316015
C0206726,gliosarcoma,0.15,0.15,4613.133333333333,0.7902005384829635,0.004804576604880864,0.25
C0948089,Acute Coronary Syndrome,0.2833333333333333,0.14999999999999997,1900.3548387096773,0.9093929047043885,0.011595549548625267,0.6333333333333333
C0029927,Ovarian Cysts,0.0,0.0,13306.741935483871,0.37025999566415807,0.00011882722326437389,0.0
C0036346,"Schizophrenia, Childhood",0.0,0.0,12055.733333333334,0.43124477764367286,0.00010578295143092964,0.0
C0206686,Adrenocortical carcinoma,0.25,0.05,2732.529411764706,0.8707985143918291,0.05393653318589853,0.55
C0036341,Schizophrenia,0.021014492753623187,0.0,8323.155462184874,0.6099603860882074,0.002381998561391125,0.11739130434782608
C0333641,Atrophic,0.0,0.0,4352.8,0.7980322086601384,0.0008521334771910656,0.4
C1800706,Idiopathic Pulmonary Fibrosis,0.1,0.1,11717.125,0.4943607539111462,0.002079478647066822,0.1
C0431362,Lobar Holoprosencephaly,0.35,0.05,5249.571428571428,0.7261511860000929,0.005422883398173699,0.4
C0431363,Alobar Holoprosencephaly,0.15,0.15,7713.857142857143,0.6026818456111034,0.003939837373151246,0.3
C0021051,Immunologic Deficiency Syndromes,0.4,0.35,6701.235294117647,0.6616132776230269,0.08395990007436904,0.5
C0004134,Ataxia,0.0,0.0,10528.533333333333,0.4815175006963141,0.0004018506217975837,0.2
C0279628,Adenocarcinoma Of Esophagus,0.1,0.0,4608.857142857143,0.8092025251821937,0.002234721735502459,0.3
C0035334,Retinitis Pigmentosa,0.0857142857142857,0.04285714285714286,7443.521739130435,0.6547594116760629,0.005384195786060799,0.34523809523809523
C0279626,Squamous cell carcinoma of esophagus,0.09861111111111112,0.0125,4125.256097560976,0.8086392445996637,0.005136579244137111,0.4041666666666666
C0004364,Autoimmune Diseases,0.0,0.0,5018.757575757576,0.7698793594746949,0.000928412881632558,0.21666666666666665
C0011991,Diarrhea,0.0,0.0,5315.0,0.6736250986216179,0.000549428731772639,0.1
C0151744,Myocardial Ischemia,0.03529411764705882,0.0058823529411764705,5191.815476190476,0.7566370529931549,0.004073789084900249,0.27941176470588236
C0085580,Essential Hypertension,0.05,0.0,5472.076923076923,0.7713690586706277,0.000879885917765446,0.5
C0019209,Hepatomegaly,0.3333333333333333,0.3333333333333333,6200.888888888889,0.6894298001361302,0.04654887293936685,0.4444444444444444
C0026848,Myopathy,0.0,0.0,5655.6,0.736827744751997,0.0004515056375771592,0.2
C0019202,Hepatolenticular Degeneration,0.13333333333333333,0.08333333333333333,4546.208333333333,0.799363767240979,0.005608538656851743,0.4333333333333333
C0015393,Eye Abnormalities,0.15,0.05,8158.642857142857,0.5402242027572761,0.0029352363963130474,0.2
C0026846,Muscular Atrophy,0.1,0.0,3680.0,0.820342090605273,0.0017522984727265192,0.35
C0004782,Basal Ganglia Diseases,0.1,0.1,8612.833333333334,0.5431086098862845,0.012755636085168387,0.25
C0019163,Hepatitis B,0.3,0.3,6816.0625,0.6532739891369945,0.03708438676995819,0.4
C0024115,Lung diseases,0.1,0.02,7113.488888888889,0.6602589252510226,0.0025449023283469147,0.31500000000000006
C0024117,Chronic Obstructive Airway Disease,0.045,0.0,6555.804347826087,0.6950037190274742,0.0014366489343884778,0.18
C0031117,Peripheral Neuropathy,0.039417989417989414,0.014417989417989418,7403.716845878136,0.6527203557739792,0.0048011327613266385,0.1722222222222222
C0043094,Weight Gain,0.04583333333333333,0.0,7381.772727272727,0.6581262194585474,0.0020559258561409243,0.2375
C0011053,Deafness,0.0,0.0,9191.333333333334,0.5536951072323831,0.00028848687713979907,0.1
C0403553,Renal dysplasia and retinal aplasia (disorder),0.5,0.5,2419.1,0.898651784471156,0.22373157728297782,0.8
C1263846,Attention deficit hyperactivity disorder,0.11666666666666665,0.0,7717.714285714285,0.6260386658612892,0.001692707481978661,0.26666666666666666
C0039685,Tetralogy of Fallot,0.25,0.05,2923.9333333333334,0.7818006684616099,0.005219616929394962,0.55
C0524851,Neurodegenerative Disorders,0.16666666666666666,0.025,6397.972972972973,0.6987209572490707,0.027425077361968347,0.29166666666666663
C0004763,Barrett Esophagus,0.0,0.0,5412.214285714285,0.716529731235204,0.0011267835659213988,0.25
C0376634,Craniofacial Abnormalities,0.06904761904761905,0.02095238095238095,5951.372413793103,0.7228450112531469,0.00456590265612834,0.2838095238095238
C0520459,Necrotizing Enterocolitis,0.25,0.0,3596.705882352941,0.8343198700092851,0.004407378883162039,0.55
C0020473,Hyperlipidemia,0.35,0.05,2736.176470588235,0.8817699628597957,0.054591911504889054,0.65
C3463824,MYELODYSPLASTIC SYNDROME,0.0,0.0,4338.833333333333,0.7736965504433817,0.0006980390670547181,0.2
C0003130,Anoxia,0.125,0.03333333333333333,3871.96875,0.8161262098335269,0.002883484746665276,0.3833333333333333
C0149925,Small cell carcinoma of lung,0.15,0.1,6123.325,0.7157445275828415,0.019154548246261068,0.3
C0014544,Epilepsy,0.08095238095238094,0.047619047619047616,6612.206349206349,0.6946155516268105,0.005164835056024889,0.2619047619047619
C0162557,"Liver Failure, Acute",0.0,0.0,4294.545454545455,0.7980075071588887,0.0010493137374758099,0.35
C1449861,"Micronuclei, Chromosome-Defective",0.15,0.05,4518.333333333333,0.8084103254561492,0.0157801884126348,0.7
C0009241,Cognition Disorders,0.0,0.0,9241.260869565218,0.5750139314572305,0.00028564974893591715,0.05
C0085110,Severe Combined Immunodeficiency,0.2,0.1,3210.090909090909,0.8428176923790959,0.004283038023827396,0.55
C0018798,Congenital Heart Defects,0.1,0.03333333333333333,5855.342857142857,0.7347249326270793,0.0030646569026292346,0.24166666666666664
C0018799,Heart Diseases,0.095,0.025,4925.690476190476,0.7684789681617477,0.026317060143023336,0.16499999999999998
C0023493,Adult T-Cell Lymphoma/Leukemia,0.13333333333333333,0.0,2590.8709677419356,0.8840084858620584,0.0035602334427341205,0.625
C0008312,Primary biliary cirrhosis,0.25,0.1,5235.8421052631575,0.7739437273655863,0.017646462355475106,0.35
C0004936,Mental disorders,0.3,0.0,7400.454545454545,0.6237607908660541,0.002598939816617538,0.4
C0005283,beta Thalassemia,0.1,0.1,8140.7,0.5963684039541468,0.002091460630031193,0.1
C0024809,Marijuana Abuse,0.2,0.2,5742.3,0.72221190885042,0.03358879008433518,0.3
C0023976,Long QT Syndrome,0.55,0.3,1312.8125,0.9493500765981151,0.03432804107644574,0.85
C0006413,Burkitt Lymphoma,0.15,0.1,2739.3333333333335,0.8644415560300807,0.005428977140184878,0.5
C1861063,"TOBACCO ADDICTION, SUSCEPTIBILITY TO (finding)",0.3,0.3,5009.8,0.6613774539379033,0.06252381670603999,0.3
C0018621,Hay fever,0.0,0.0,13444.9,0.37515199331693505,4.286122256792248e-05,0.0
C0021655,Insulin Resistance,0.14500000000000002,0.085,3833.4375,0.8264108047793947,0.010084408261772973,0.40499999999999997
C0149721,Left Ventricular Hypertrophy,0.33333333333333337,0.2833333333333333,2074.1666666666665,0.9111332992770785,0.014647466684570069,0.6166666666666666
C0085129,Bronchial Hyperreactivity,0.0,0.0,6674.384615384615,0.6223472892684738,0.00019080853754085302,0.05
C1862939,AMYOTROPHIC LATERAL SCLEROSIS 1,0.065,0.02,4616.468085106383,0.7831304044630404,0.0029759023519632796,0.42000000000000004
C0015934,Fetal Growth Retardation,0.0,0.0,6500.7,0.698347797837286,0.0005490022810773446,0.4
C0079541,Holoprosencephaly,0.375,0.25,7954.375,0.607223653069748,0.03145765296559162,0.375
C0993582,"Arthritis, Experimental",0.15,0.05,5401.538461538462,0.7464401896086997,0.009765950455408087,0.4333333333333333
C0014549,Tonic-Clonic Epilepsy,0.2,0.2,3386.1,0.7779621292987422,0.02276978469947056,0.5
C0242656,Disease Progression,0.04807692307692308,0.016666666666666666,4970.112903225807,0.7696992236988971,0.005418193724763227,0.29102564102564105
C0017668,Focal glomerulosclerosis,0.16666666666666666,0.08333333333333333,1451.7272727272727,0.936308335268168,0.005279369699688895,0.7666666666666666
C0334588,Giant Cell Glioblastoma,0.35,0.25,3494.0833333333335,0.8667335808772337,0.01871956656721927,0.55
C1959629,Seizure Adverse Event,0.0,0.0,9398.842105263158,0.5532744451666821,0.00012173412645473324,0.0
C0005910,Body Weight,0.0,0.0,11622.142857142857,0.4001241702641229,4.909152071220659e-05,0.05
C0020179,Huntington Disease,0.0,0.0,6181.416666666667,0.6737630540728707,0.00017642471022591785,0.0
C0017636,Glioblastoma,0.11428571428571428,0.016666666666666666,3260.8852459016393,0.8461229774753221,0.00501757598358567,0.4738095238095238
C0235833,Congenital diaphragmatic hernia,0.3,0.1,4935.0,0.775454840805718,0.015140211492358275,0.6
C0036421,Systemic Scleroderma,0.0,0.0,10743.826086956522,0.5109137488003468,0.00012507057899307513,0.0
C2609414,Acute kidney injury,0.13095238095238096,0.05714285714285714,4977.2307692307695,0.7687573116907288,0.009815686463270114,0.4119047619047619
C1876165,Copper-Overload Cirrhosis,0.1,0.1,2320.2727272727275,0.8900445558340294,0.0029977297240307574,0.5
C0000786,Spontaneous abortion,0.04636363636363637,0.02727272727272727,6327.714285714285,0.7031998711711559,0.013179447924375995,0.35363636363636364
C0017638,Glioma,0.04523809523809523,0.04523809523809523,4980.2835820895525,0.767958518912451,0.0104745472390941,0.35714285714285715
C0017639,Gliosis,0.4,0.3,2629.625,0.8967921637806974,0.13499834814981507,0.5
C0013080,Down Syndrome,0.02,0.0,8796.65625,0.5879236755044033,0.0011466880835497009,0.11444444444444443
C0497327,Dementia,0.0,0.0,7693.1,0.6456095976237991,0.0001927092499044995,0.1
C0030305,Pancreatitis,0.05,0.05,8529.9,0.5936516227886892,0.0027599879905686763,0.3
C0002514,"Amino Acid Metabolism, Inborn Errors",0.1,0.0,7626.384615384615,0.6476559598960268,0.0014254802966799402,0.45
C0040136,Thyroid Neoplasm,0.06666666666666667,0.0,2665.4848484848485,0.8739945332342192,0.0018119756798057884,0.4583333333333333
C0027626,Neoplasm Invasiveness,0.13397435897435897,0.08653846153846154,3591.6984126984125,0.8322654458135771,0.026401953806448823,0.47628205128205137
C0027627,Neoplasm Metastasis,0.08681318681318681,0.02142857142857143,3447.5539568345325,0.8391944897944524,0.013149032833729845,0.36098901098901093
C0001925,Albuminuria,0.2,0.1,4681.95,0.7756604912476204,0.004031805152865576,0.4
C0032914,Pre-Eclampsia,0.25,0.0,9972.444444444445,0.5521333395236547,0.0037006497741803425,0.25
C0027746,Nerve Degeneration,0.12499999999999997,0.05535714285714286,3677.608108108108,0.8322495860514293,0.009252327891495746,0.4125
C0040038,Thromboembolism,0.65,0.5,2002.0833333333333,0.8920886516593178,0.04237970935157799,0.85
C0032460,Polycystic Ovary Syndrome,0.03571428571428571,0.014285714285714285,8435.289655172413,0.6073588575164794,0.00282185907963793,0.12476190476190477
C0007787,Transient Ischemic Attack,0.3,0.0,2058.1,0.8884461874042792,0.003498706969426306,0.6
C0007786,Brain Ischemia,0.26666666666666666,0.11666666666666665,1759.6333333333334,0.9183079809585835,0.026306865275018902,0.6833333333333333
C0007785,Cerebral Infarction,0.4,0.3,2320.0,0.8702998097182905,0.02026682964553495,0.5
C0546837,Malignant neoplasm of esophagus,0.25,0.2,5917.222222222223,0.7504004364176609,0.021466688402849488,0.3
C0029408,Degenerative polyarthritis,0.06444444444444444,0.03222222222222222,4847.617021276596,0.7734300889903556,0.004627772503079138,0.3288888888888889
C0029401,Osteitis Deformans,0.0,0.0,4814.75,0.775227388741937,0.0005206385552513474,0.375
C0853897,Diabetic Cardiomyopathies,0.0,0.0,3824.3,0.8100570845129254,0.00038783889622471146,0.1
C0392557,Nuclear cataract,0.5,0.4,3391.0833333333335,0.8104130888837318,0.08460992540223569,0.5
C0236736,Cocaine-Related Disorders,0.10694444444444444,0.03611111111111111,4736.116279069767,0.7808778572130886,0.005072095690469481,0.37777777777777777
C0162671,MELAS Syndrome,0.6,0.1,616.4,0.9714391794681395,0.007800804124089901,0.9
C0162670,Mitochondrial Myopathies,0.3333333333333333,0.3333333333333333,3247.6666666666665,0.8509233910259383,0.0530354082839753,0.6666666666666666
C0236733,Amphetamine-Related Disorders,0.02857142857142857,0.014285714285714285,9623.972602739726,0.5505743892464825,0.001367971659329311,0.175
C0009375,Colonic Neoplasms,0.0858974358974359,0.008333333333333333,4810.392,0.775345771599621,0.004895384131847559,0.3282051282051282
C0006111,Brain Diseases,0.08333333333333333,0.0,10503.545454545454,0.5115919820447333,0.0009099202515452451,0.2333333333333333
C0242339,Dyslipidemias,0.25,0.0,4442.875,0.7863005431502714,0.003524691459508164,0.5
C0005138,Berylliosis,0.0,0.0,10951.888888888889,0.47304725367654643,5.1043057511682454e-05,0.0
C0020437,Hypercalcemia,0.1,0.0,1730.0,0.9042349282962825,0.0015906048127656534,0.7
C0036202,Sarcoidosis,0.0,0.0,13305.125,0.3826076616084273,7.089807009469963e-05,0.0
C0023903,Liver neoplasms,0.028181818181818186,0.00909090909090909,7767.88679245283,0.6377859476777943,0.00207718462355316,0.26363636363636356
C0027055,Myocardial Reperfusion Injury,0.3083333333333333,0.175,2046.2857142857142,0.9064983892451137,0.045452294468874374,0.5416666666666666
C0920269,Microsatellite Instability,0.0,0.0,4744.833333333333,0.7543792063123695,0.000605494744638587,0.25
C0339535,"Night blindness, congenital stationary",0.25,0.25,9003.90909090909,0.5296644388749653,0.11754352372635597,0.25
C0038325,Stevens-Johnson Syndrome,0.29999999999999993,0.13333333333333333,1636.7333333333333,0.9240612564066831,0.013571835655186448,0.7666666666666666
C0023452,"Leukemia, Lymphocytic, Acute, L1",0.0,0.0,12485.181818181818,0.4274482502552678,4.1474586105006504e-05,0.0
C1272641,Systemic arterial pressure,0.0,0.0,8813.76,0.5921128004835635,0.0004123742118630885,0.1
C0023186,Learning Disorders,0.06666666666666667,0.0,7945.333333333333,0.6205089797182226,0.0017172799982203592,0.31666666666666665
C0265221,Walker-Warburg congenital muscular dystrophy,0.25,0.15,2376.769230769231,0.9233394448570367,0.01041071811166543,0.9
C0024796,Marfan Syndrome,0.5,0.4,1433.2,0.9335290295632804,0.021699034753009584,0.8
C0009363,Congenital ocular coloboma (disorder),0.0,0.0,10848.75,0.5274309584590392,0.00021029854388165243,0.2
C0024121,Lung Neoplasms,0.09248366013071896,0.011764705882352941,4254.645348837209,0.8012653790375943,0.007758543572890133,0.3718954248366013
C0270853,"Myoclonic Epilepsy, Juvenile",0.0,0.0,13881.857142857143,0.2525190586675506,2.5649222717127192e-05,0.0
C0006142,Malignant neoplasm of breast,0.11428571428571428,0.06428571428571428,6360.967741935484,0.7001387919671241,0.0046719345413496665,0.24285714285714283
C1458155,Mammary Neoplasms,0.08621951219512196,0.029573170731707316,4502.366093366093,0.788177130542582,0.01555904721695251,0.31475609756097567
C0270850,Idiopathic generalized epilepsy,0.0,0.0,15919.166666666666,0.1654060909779902,2.483813029877194e-05,0.0
C0027796,Neuralgia,0.0,0.0,8562.5,0.5951246113148002,0.00022812200304037417,0.2
C0027794,Neural Tube Defects,0.0,0.0,11310.653846153846,0.48657594476181626,0.0003794439144870159,0.1
C0162820,"Dermatitis, Allergic Contact",0.06428571428571428,0.03333333333333333,7287.393939393939,0.6600900487690307,0.0031959104742368067,0.21666666666666665
C0025521,Inborn Errors of Metabolism,0.05,0.0,8267.8125,0.6330811011559352,0.0004885793795553256,0.15
C0344388,Platelet mean volume finding,0.0,0.0,9376.642857142857,0.5806574852524501,0.000285117142581127,0.11666666666666665
C0021841,Intestinal Neoplasms,0.55,0.1,1257.2727272727273,0.9364893715770908,0.0065067523599594956,0.7
C2607914,Allergic rhinitis (disorder),0.0,0.0,8642.272727272728,0.5143553327763855,3.709050558338801e-05,0.0
C1271104,Blood pressure finding,0.02,0.0,8707.14,0.5970702561956573,0.0005060997295557335,0.1
C0242383,Age related macular degeneration,0.14166666666666666,0.08333333333333333,7887.222222222223,0.6358258600127007,0.008485048644785307,0.2833333333333333
C0007193,"Cardiomyopathy, Dilated",0.175,0.11499999999999999,4562.765957446809,0.7901297071129706,0.010987637331083922,0.49000000000000005
C3160731,Pulmonary function (finding),0.0,0.0,11626.533333333333,0.4628784007680277,0.00016047337435469327,0.0
C0080178,Spina Bifida,0.0,0.0,4775.545454545455,0.7882785667873387,0.0001742296632568059,0.1
C0007194,Hypertrophic Cardiomyopathy,0.05,0.0,4538.714285714285,0.7889711800396235,0.0014728717984108769,0.21666666666666665
C0752166,Bardet-Biedl Syndrome,0.6166666666666666,0.5666666666666667,1860.4761904761904,0.909618777860327,0.29915438333595074,0.75
C0022548,Keloid,0.21666666666666665,0.125,2041.3333333333333,0.9037485287740816,0.018977479102470097,0.4666666666666666
C0025202,melanoma,0.020526315789473684,0.0,7690.848958333333,0.6399299272050945,0.002396772101815285,0.17684210526315788
C3809874,"LEUKEMIA, ACUTE LYMPHOBLASTIC, SUSCEPTIBILITY TO, 3",0.15,0.0,1804.1904761904761,0.9097468579742447,0.0033789422368014576,0.65
C0032285,Pneumonia,0.305,0.16,2486.872340425532,0.883867619711762,0.06990234549898613,0.6
C0033805,Pseudohypoaldosteronism,0.6666666666666666,0.5555555555555556,1203.111111111111,0.9442124043479159,0.3560132143982403,0.6666666666666666
C0027708,Nephroblastoma,0.0,0.0,7894.8125,0.5986653358711294,0.00021186336791760699,0.15
C1838951,LEIGH SYNDROME DUE TO MITOCHONDRIAL COMPLEX I DEFICIENCY,0.8,0.3,1164.357142857143,0.9467019449473145,0.04451730633292173,0.8
C1140680,Malignant neoplasm of ovary,0.05,0.0,3495.1666666666665,0.8167950800649801,0.0015700710480717381,0.4
C0031511,Pheochromocytoma,0.15,0.1,6918.0625,0.5994522074184114,0.015573289534890667,0.3
C1336708,Testicular Germ Cell Tumor,0.0,0.0,8749.190476190477,0.6049630076770678,0.00036287608365320094,0.15
C0020619,Hypogonadism,0.25,0.2,4002.769230769231,0.7606920720386185,0.11016923076815135,0.5
C0026650,Movement Disorders,0.21666666666666665,0.18333333333333332,6989.666666666667,0.6698191400445765,0.025492384579656073,0.36666666666666664
C1261473,Sarcoma,0.15,0.0,3842.923076923077,0.8042749721500186,0.0018763009727363691,0.2
C0024232,Lymphatic Metastasis,0.1,0.0,6699.285714285715,0.7228032307478067,0.0010200230511920876,0.4
C0020615,Hypoglycemia,0.1,0.0,2781.8,0.870942590615863,0.0015581371481134542,0.3
C0002895,"Anemia, Sickle Cell",0.0,0.0,5523.9,0.743681254931081,0.00024194039148432632,0.1
C0238288,"Muscular Dystrophy, Facioscapulohumeral",0.15,0.0,8040.75,0.6010628916221861,0.0020619311637851776,0.35
C1527249,Colorectal Cancer,0.06666666666666667,0.06666666666666667,6530.892857142857,0.6918164646136219,0.006707810199812575,0.25
C0004153,Atherosclerosis,0.11000000000000001,0.0,2704.814814814815,0.8710903904881488,0.0032903227800265672,0.42333333333333334
C0004096,Asthma,0.01,0.01,7350.323809523809,0.6579015730679911,0.0018010712056051724,0.17181818181818181
C0949658,"Cardiomyopathy, Hypertrophic, Familial",0.31666666666666665,0.18333333333333332,3730.318181818182,0.8245178391765343,0.010912085275544053,0.55
C0037286,Skin Neoplasms,0.17,0.10500000000000001,3296.468085106383,0.8464683867968386,0.015799901666986173,0.43499999999999994
C0036572,Seizures,0.03111111111111111,0.021111111111111112,6157.68085106383,0.7161514389103729,0.003314026251982858,0.29111111111111115
C0002395,Alzheimer's Disease,0.062380952380952384,0.041428571428571426,7383.604166666667,0.6554771912033857,0.0055014474823044685,0.21476190476190476
C0567312,Menopause present (finding),0.0,0.0,7492.588235294118,0.6884319870009284,0.00020283777035121105,0.1
C0027672,"Neoplastic Syndromes, Hereditary",0.3350000000000001,0.21000000000000002,1418.5,0.9364084801710911,0.04426819757699103,0.76
C0017178,Gastrointestinal Diseases,0.2,0.2,5494.833333333333,0.7558772336969133,0.006694654487558844,0.35
C0268237,Cytochrome-c Oxidase Deficiency,0.4,0.35,3124.6923076923076,0.8279799480133679,0.02121273476847359,0.65
C0035304,Retinal Degeneration,0.05,0.0,3237.0666666666666,0.8645471636802526,0.001709867946918564,0.55
C0035309,Retinal Diseases,0.1,0.05,4000.095238095238,0.8138071136701338,0.0021937748534425947,0.31666666666666665
C0268583,Methylmalonic acidemia,0.2,0.0,1934.3,0.9102728918178865,0.002938575908632233,0.6
C0011616,Contact Dermatitis,0.02857142857142857,0.0,5778.742857142857,0.730246195373947,0.0018896354406963494,0.24285714285714283
C0011615,"Dermatitis, Atopic",0.275,0.2,4940.075,0.7680392247989961,0.023110976116751832,0.475
C0010068,Coronary heart disease,0.06999999999999999,0.0,7254.666666666667,0.6633425581395349,0.0018946510288981443,0.3
C0029456,Osteoporosis,0.14523809523809522,0.030952380952380953,4989.746031746032,0.76625857935991,0.004715112990594059,0.4261904761904762
C0018800,Cardiomegaly,0.15238095238095237,0.02857142857142857,3313.621212121212,0.8498166452845156,0.0055050126289122895,0.5047619047619046
C0018801,Heart failure,0.0875,0.0375,4798.6,0.776712005866741,0.005365664722569129,0.4625
C0677776,Hereditary Breast and Ovarian Cancer Syndrome,0.9,0.6,250.57142857142858,0.9916492596202943,0.3296887787768335,0.9
C1269683,Major Depressive Disorder,0.03333333333333333,0.0,8957.709677419354,0.5667522221189879,0.0008654779318759388,0.16666666666666666
C0037274,Dermatologic disorders,0.0,0.0,9911.734375,0.5343155468114758,0.00045591086985944887,0.047619047619047616
C0349788,Arrhythmogenic Right Ventricular Dysplasia,0.4,0.3,2690.1,0.8751984034900451,0.11524147322749319,0.4
C0021368,Inflammation,0.12,0.03727272727272727,3336.816513761468,0.844929258078736,0.0070640528002181265,0.48636363636363633
C0011882,Diabetic Neuropathies,0.25,0.2,3355.4615384615386,0.8394935945042704,0.016171308775865863,0.3
C0021364,Male infertility,0.15,0.075,6140.209302325581,0.721315887329181,0.004168501460833457,0.32
C0042373,Vascular Diseases,0.0,0.0,8254.466666666667,0.6059650914492619,0.00014471424098505737,0.0
C0021361,Female infertility,0.18333333333333332,0.03333333333333333,4142.666666666667,0.8028967332404398,0.004970608140334712,0.4666666666666666
C0023418,leukemia,0.12499999999999997,0.06666666666666667,2998.96875,0.8588164924506387,0.03709231496019091,0.4416666666666666
C0009324,Ulcerative Colitis,0.0625,0.0375,8353.333333333334,0.6097299181515283,0.004399847064696047,0.22361111111111112
C0021400,Influenza,0.2,0.1,7805.02,0.6384804947226483,0.04769889380880469,0.33999999999999997
C0027707,"Nephritis, Interstitial",0.4,0.1,725.2,0.9663874321251219,0.008817326968109395,0.8
C1527336,Sjogren's Syndrome,0.05,0.05,5973.75,0.742892782548155,0.005380641307395522,0.35
C0455806,Infant length,0.0,0.0,11303.181818181818,0.42976306507008266,6.008863152603187e-05,0.0
C0008074,"Child Development Disorders, Pervasive",0.1,0.02,8675.23076923077,0.5972442842749748,0.0041834815772881385,0.23666666666666666
C0038587,Substance Withdrawal Syndrome,0.19666666666666668,0.06000000000000001,6122.192307692308,0.7172797023947919,0.012674664786961169,0.40333333333333343
C1955869,Malformations of Cortical Development,0.0,0.0,3859.5454545454545,0.8186600761162165,0.00041868113236631904,0.3
C0002736,Amyotrophic Lateral Sclerosis,0.030952380952380953,0.0,7128.0615384615385,0.6672608523215725,0.001474814914285839,0.24285714285714288
C0008073,Developmental Disabilities,0.0,0.0,4788.315789473684,0.7633717151081809,0.0005430617919315564,0.25
C0009952,Febrile Convulsions,0.0,0.0,7679.181818181818,0.6457799591571523,0.0003820502912065861,0.2
C0008370,Cholestasis,0.075,0.0,5513.692307692308,0.7486346701985934,0.0020532564791598735,0.36666666666666664
C0020542,Pulmonary Hypertension,0.0,0.0,7767.4838709677415,0.6436441202886433,0.000799968874049602,0.2333333333333333
C0238463,Papillary thyroid carcinoma,0.13333333333333333,0.1,2639.730769230769,0.8749740683975045,0.009270237254423216,0.4333333333333333
C0455988,"Hydrops Fetalis, Non-Immune",0.4,0.4,7507.833333333333,0.6930308656300765,0.035229846087392616,0.4
C0400966,Non-alcoholic Fatty Liver Disease,0.025,0.025,9933.875,0.5392497792443185,0.0014449131061050988,0.075
C0009319,Colitis,0.13333333333333333,0.0,6347.625,0.7222162881778356,0.0018391682128449352,0.4333333333333333
C0699790,Colon Carcinoma,0.2,0.1,3964.3333333333335,0.8297589745971301,0.005352701318267864,0.4333333333333333
C0020445,"Hypercholesterolemia, Familial",0.5,0.3,2160.875,0.9087728053479411,0.02477604708815323,0.8
C0003123,Anorexia,0.6,0.25,1997.6666666666667,0.9134086900009285,0.07606333171068289,0.9
C0149931,Migraine Disorders,0.0,0.0,9522.923076923076,0.553927283142136,0.0004101907647579824,0.15
C0005695,Bladder Neoplasm,0.08363636363636365,0.05545454545454546,5369.028301886792,0.748044507355029,0.016028829660787988,0.31
C0018784,Sensorineural Hearing Loss (disorder),0.1111111111111111,0.0,9956.888888888889,0.5379669162386816,0.0016337501079487947,0.1111111111111111
C0524620,Metabolic Syndrome X,0.05,0.0,6283.926829268293,0.7142622931771705,0.0020260008044544787,0.325
C0018781,Noise-induced hearing loss,0.2,0.0,9863.6,0.5592334818114327,0.0023282907185729574,0.4
C0023467,"Leukemia, Myelocytic, Acute",0.034090909090909095,0.016666666666666666,4718.221238938053,0.7789734572925675,0.003895055953853162,0.2659090909090908
C0376358,Malignant neoplasm of prostate,0.03333333333333333,0.016666666666666666,7587.269841269841,0.6518842467665396,0.0012792127449399574,0.15
C1319853,"Asthma, Aspirin-Induced",0.05,0.05,9226.923076923076,0.5168306721128852,0.004246737807977752,0.05
C0265275,Jeune thoracic dystrophy,0.2222222222222222,0.1111111111111111,7849.333333333333,0.6295763463482045,0.004592433612480326,0.4444444444444444
C0007134,Renal Cell Carcinoma,0.041025641025641026,0.016025641025641024,5835.115702479339,0.728116776355137,0.0031792377251993855,0.2730769230769231
C0007137,Squamous cell carcinoma,0.1486111111111111,0.0125,3017.3132530120483,0.8589619035422681,0.007477367841625322,0.5319444444444444
C0007131,Non-Small Cell Lung Carcinoma,0.09015151515151516,0.02727272727272727,4546.2342342342345,0.7885379134061872,0.0061032595155056275,0.39545454545454545
C0677050,Manganese Poisoning,0.0,0.0,4100.818181818182,0.7728882391163092,0.0006507923745619423,0.5
C0242698,"Ventricular Dysfunction, Left",0.1,0.0,5355.066666666667,0.7637533655185219,0.0010309701887352297,0.25
C0007138,"Carcinoma, Transitional Cell",0.1583333333333333,0.1,4013.3870967741937,0.8106301681687261,0.07084833057412723,0.35
C0026691,Mucocutaneous Lymph Node Syndrome,0.0,0.0,8752.272727272728,0.5978766360345308,0.00047918938991532505,0.2
C0040336,Tobacco Use Disorder,0.0,0.0,12588.363636363636,0.42964587394411957,5.9939350473561024e-05,0.0
C0033687,Proteinuria,0.075,0.0,6119.5,0.7166453676595876,0.0012746742005871313,0.30833333333333335
C0011881,Diabetic Nephropathy,0.05833333333333333,0.0,5874.243243243243,0.725891418835192,0.001851036367474506,0.425
C0007959,Charcot-Marie-Tooth Disease,0.06666666666666667,0.0,6309.724137931034,0.7125007741855567,0.0015545262041410683,0.4
C0029172,Oral Submucous Fibrosis,0.5,0.45,2203.266666666667,0.8742642280196826,0.11909005718370451,0.75
C0001430,Adenoma,0.06666666666666667,0.0,6092.5,0.7180998838559816,0.00123551455715261,0.15833333333333333
C0027947,Neutropenia,0.25,0.15,9058.307692307691,0.6014157073895284,0.01643943915377158,0.25
C1843367,Poor school performance,0.0,0.0,10888.153846153846,0.49995474378017085,0.0002286415577971431,0.05
C0032273,Pneumoconiosis,0.0,0.0,12743.42857142857,0.42786752077240864,6.375431691940007e-05,0.0
C0007222,Cardiovascular Diseases,0.13999999999999999,0.04,5148.92,0.7579374157251128,0.005036250933438577,0.38
C1561955,Fibrinogen Adverse Event,0.1,0.1,7692.722222222223,0.6204129718185616,0.05170556552869994,0.25
C0011860,"Diabetes Mellitus, Non-Insulin-Dependent",0.07791666666666666,0.012916666666666665,5798.922077922078,0.7304177957918673,0.004298418573570787,0.2541666666666667
C0040034,Thrombocytopenia,0.2,0.15,3871.0,0.8269657921213529,0.061366236995344894,0.5166666666666666
C0036920,Sezary Syndrome,0.26666666666666666,0.13333333333333333,2681.346153846154,0.887275710990355,0.00958582624928902,0.6166666666666666
C1112705,Nuclear non-senile cataract,0.5,0.4,3551.5,0.8014736597818519,0.11823727282223695,0.5
C0011884,Diabetic Retinopathy,0.0,0.0,6448.875,0.7193294183185553,0.00027332582172892117,0.1
C1384666,hearing impairment,0.0,0.0,10055.685714285713,0.5438609329987919,0.00032147019562938744,0.11666666666666665
C0033975,Psychotic Disorders,0.25,0.25,4843.882352941177,0.801857010213556,0.014488018967948092,0.45
C0003469,Anxiety Disorders,0.03333333333333333,0.03333333333333333,7609.470588235294,0.6492815824931468,0.004847741063863134,0.2333333333333333
C1261502,Finding of Mean Corpuscular Hemoglobin,0.15,0.15,4262.866666666667,0.8081457153467644,0.004538373409492915,0.2
C0022665,Kidney Neoplasm,0.2,0.06666666666666667,3839.4074074074074,0.8040037157454714,0.01099469407158981,0.45
C0026603,Motion Sickness,0.0,0.0,10190.785714285714,0.557090470222346,0.0004397177609232109,0.25
C0024305,"Lymphoma, Non-Hodgkin",0.2333333333333333,0.18333333333333332,5796.863636363636,0.7475443077161211,0.013338764871683423,0.36666666666666664
C0024301,"Lymphoma, Follicular",0.0,0.0,7655.190476190476,0.650392366270431,0.0006632989541647458,0.2833333333333333
C0040028,"Thrombocythemia, Essential",0.15,0.15,2970.6666666666665,0.8295637038756091,0.06325297610071574,0.8
C0003864,Arthritis,0.0,0.0,10361.222222222223,0.4834065548749046,4.004061772892733e-05,0.0
C0020649,Hypotension,0.19666666666666668,0.08,3637.433962264151,0.8260041542658729,0.04766865522131576,0.47666666666666657
C0035126,Reperfusion Injury,0.11805555555555555,0.05694444444444444,2825.070588235294,0.8689606748840868,0.008374618886553827,0.5055555555555555
C0018843,Heat Stroke,0.65,0.5,377.4166666666667,0.9877906706892551,0.23659920040776336,0.95
C0018923,Hemangiosarcoma,0.45,0.1,2318.0555555555557,0.8952214587492456,0.01573660248613577,0.85
C0013182,Drug Allergy,0.05,0.0,8746.6,0.5847353870458135,0.001323270771420687,0.2
C1840235,SOLITARY MEDIAN MAXILLARY CENTRAL INCISOR,0.25,0.15,6517.428571428572,0.6513821194819662,0.0054297642042063065,0.35
C0025149,Medulloblastoma,0.1,0.0,3156.2727272727275,0.8501609491935109,0.00412339090273042,0.45999999999999996
C0008924,Cleft Lip,0.45,0.3833333333333333,3099.76,0.8509234317914421,0.04637668820458586,0.5833333333333333
C0008925,Cleft Palate,0.25,0.2,3190.7,0.8518282056048706,0.03964272272986798,0.475
C0151786,Muscle Weakness,0.02222222222222222,0.0,9696.12087912088,0.5478451452943673,0.0010851187684603634,0.13333333333333336
C0027643,"Neoplasm Recurrence, Local",0.1,0.06666666666666667,3987.625,0.8220343968172881,0.01570525845854046,0.4333333333333333
C0004114,Astrocytoma,0.31666666666666665,0.2833333333333333,3577.7916666666665,0.8178067771946935,0.029955954909658022,0.4833333333333333
C1260899,"Anemia, Diamond-Blackfan",0.85,0.35,406.93333333333334,0.978502460310092,0.020467948956359637,0.85
C1565489,Renal Insufficiency,0.4,0.1,3204.3,0.8513273309509444,0.005284306584965191,0.6
C0025286,Meningioma,0.35,0.25,4469.166666666667,0.783402181480622,0.00999834723463619,0.5
C0006625,Cachexia,0.0,0.0,8019.9,0.6278368218313455,0.00025714809745806556,0.2
C0035229,Respiratory Insufficiency,0.0,0.0,10091.272727272728,0.5730646059593428,0.0001247826901894646,0.1
C0035228,Respiratory Hypersensitivity,0.15,0.05,5319.611111111111,0.7336424625098659,0.00611096870781773,0.45
C2931822,Nasopharyngeal carcinoma,0.1,0.0,4869.2,0.7739831452848586,0.0016928886307645194,0.5
C0020429,Hyperalgesia,0.14523809523809522,0.014285714285714285,3828.5797101449275,0.8224542823458497,0.0053940622101774915,0.49523809523809526
C0339527,Leber Congenital Amaurosis,0.05,0.0,13307.714285714286,0.3685487865279841,0.0006663581709151896,0.08333333333333333
C1720824,Sudden Cardiac Arrest,0.0,0.0,8976.933333333332,0.5536011048184941,0.0004540722030445837,0.15
C3714756,Intellectual Disability,0.015384615384615385,0.0,7019.992125984252,0.6718357921437716,0.0015690200483415525,0.14615384615384616
C0018213,Graves Disease,0.1,0.1,5275.6,0.7553720638752204,0.025639642199861007,0.3
C0235032,Neurotoxicity Syndromes,0.0,0.0,6166.615384615385,0.6976708002415123,0.0006296961700230942,0.3
C3495498,"Cardiomyopathy, Familial Hypertrophic, 1 (disorder)",0.6,0.3,885.8,0.9589339583236646,0.015410321203983455,0.8
C0004238,Atrial Fibrillation,0.1,0.0,5322.384615384615,0.7707561190841111,0.001645144325171426,0.31666666666666665
C0019189,"Hepatitis, Chronic",0.3333333333333333,0.18333333333333332,3167.0454545454545,0.8682485875706215,0.012623351643727732,0.5666666666666667
C0004943,Behcet Syndrome,0.16666666666666666,0.06666666666666667,4947.25,0.7754613074505798,0.021395725272381975,0.2333333333333333
C0011854,"Diabetes Mellitus, Insulin-Dependent",0.04285714285714286,0.014285714285714285,7199.87323943662,0.6598273294238108,0.0016947908363665251,0.2517857142857143
C0011853,"Diabetes Mellitus, Experimental",0.05636363636363637,0.00909090909090909,3108.8867924528304,0.855519132398998,0.006315006868181081,0.46454545454545454
C0242422,Parkinsonian Disorders,0.2333333333333333,0.05,5521.909090909091,0.7374986456156643,0.004457898102971818,0.3833333333333333
C0027540,Necrosis,0.06000000000000001,0.02,3632.9803921568628,0.8311841656591958,0.0023842660969362224,0.3166666666666667
C0085207,Gestational Diabetes,0.0,0.0,9423.583333333334,0.48557321884427945,0.00022873035641316153,0.15
C0086445,Idiopathic Membranous Glomerulonephritis,0.0,0.0,12435.4375,0.4660728378441112,0.00026353544464228427,0.1
C0020517,Hypersensitivity,0.1976190476190476,0.11428571428571428,4760.460317460317,0.7789323820158007,0.06953250957484446,0.5023809523809524
C0027092,Myopia,0.0,0.0,7990.3448275862065,0.6273976526693918,0.0003958569018976929,0.11666666666666665
C0020452,Hyperemia,0.35,0.25,2547.076923076923,0.8665939472707018,0.014069703129349107,0.65
C0040427,Tooth Abnormalities,0.1,0.0,6105.2,0.7230867406135424,0.0017688159165631504,0.5
C0020456,Hyperglycemia,0.15,0.0,3458.55,0.834905047128198,0.001839669330968879,0.45
C0028326,Noonan Syndrome,0.65,0.4,3248.3529411764707,0.8669243268337976,0.18537343223875327,0.75
C0020459,Hyperinsulinism,0.2,0.0,4423.3125,0.7884847500116058,0.0038257278201622837,0.3
C0013604,Edema,0.1,0.05,4019.72,0.822307882841043,0.002502467807961873,0.4333333333333333
C0019829,Hodgkin Disease,0.0,0.0,9083.333333333334,0.6009748398477394,0.00030751359203415096,0.25
C0005944,Metabolic Bone Disorder,0.1,0.0,5027.3,0.7642572051793752,0.0012551475539989065,0.3
C0005941,"Bone Diseases, Developmental",0.0,0.0,14045.208333333334,0.34415664329169177,0.00012029905678164272,0.05
C0042514,"Tachycardia, Ventricular",0.0,0.0,7325.9,0.6442613820949552,0.00034759130298291823,0.3
C0013421,Dystonia,0.0,0.0,6115.2307692307695,0.6773347567768288,0.00022449228847973892,0.15
C1168401,Squamous cell carcinoma of the head and neck,0.13333333333333333,0.05,4513.0,0.7796823480239633,0.0026413863208702903,0.36666666666666664
C0034065,Pulmonary Embolism,0.35,0.35,5551.363636363636,0.6759468114731273,0.033750496755439716,0.35
C0034069,Pulmonary Fibrosis,0.365,0.14,2636.5,0.8766035148077549,0.020443374432087418,0.615
C0037769,West Syndrome,0.0,0.0,10836.266666666666,0.5248259214557609,0.00015262275011831706,0.1
C2937358,Cerebral Hemorrhage,0.31666666666666665,0.1,2696.8571428571427,0.8677427346060351,0.01531222790548184,0.6166666666666666
C0035828,Romano-Ward Syndrome,0.3,0.25,2627.0,0.8663069210416376,0.03660419329345799,0.85
C0026640,Mouth Neoplasms,0.195,0.095,3524.9761904761904,0.8378566116662794,0.00729533044494874,0.575
C0023890,Liver Cirrhosis,0.24666666666666665,0.09,3073.3888888888887,0.8609207242400286,0.0151516143862294,0.51
C0028754,Obesity,0.027230769230769232,0.007846153846153846,7288.364341085271,0.6587781080368525,0.003591590807350108,0.18615384615384617
C0023892,Biliary cirrhosis,0.14999999999999997,0.11666666666666665,7609.96875,0.6440387146728611,0.042022114304482425,0.3
C1961102,Precursor Cell Lymphoblastic Leukemia Lymphoma,0.12,0.05,3966.4186046511627,0.818193269498931,0.0040156686554806,0.465
C0878544,Cardiomyopathies,0.09999999999999999,0.03333333333333333,4087.511111111111,0.8099341107539738,0.006244288785270429,0.4222222222222222
C1832200,Peroxisome biogenesis disorders,1.0,1.0,4.363636363636363,0.9998398774714564,0.43000000000000005,1.0
C0265965,Dyskeratosis Congenita,0.55,0.55,2243.9166666666665,0.8976955210025528,0.2920397154290214,0.75
C0041948,Uremia,0.05,0.0,3796.0,0.8399500928505107,0.0013742154555213962,0.4
C0011581,Depressive disorder,0.0,0.0,7932.972222222223,0.6289380140328051,0.0006320671109644447,0.20833333333333334
C0040053,Thrombosis,0.45,0.2,2192.25,0.8947407863549751,0.08577351217474327,0.7
C0027765,nervous system disorder,0.03666666666666667,0.016666666666666666,5591.078431372549,0.7431845376484082,0.0017681179941124313,0.3166666666666667
C0024299,Lymphoma,0.0,0.0,5219.0526315789475,0.7554926176989506,0.0008524654450594879,0.2
C0017661,IGA Glomerulonephritis,0.021040974529346623,0.0,6060.8601398601395,0.7141811284317536,0.005095948526442761,0.14689922480620157
C0334634,"Malignant lymphoma, lymphocytic, intermediate differentiation, diffuse",0.55,0.05,3128.3846153846152,0.8827736260675826,0.009720113552230923,0.65
C0020672,"Hypothermia, natural",0.25,0.0,5517.166666666667,0.7192248781619867,0.00273990290515526,0.5
C0086543,Cataract,0.31666666666666665,0.2333333333333333,4434.666666666667,0.7893221427686974,0.12568245049365898,0.41666666666666663
C0524909,"Hepatitis B, Chronic",0.05,0.0,8905.2,0.5892094513044286,0.0010208717635732858,0.15
C0011609,Drug Eruptions,0.15,0.0,6319.166666666667,0.6731278146617763,0.0021306002940724112,0.4
C0346647,Malignant neoplasm of pancreas,0.0,0.0,10685.384615384615,0.47801360007426663,0.00017607403796184718,0.1
C0038356,Stomach Neoplasms,0.05332512315270936,0.014285714285714285,5868.340425531915,0.7248289523192071,0.007232048143790523,0.2657635467980296
C0029463,Osteosarcoma,0.13333333333333333,0.08333333333333333,4982.914285714286,0.7607585648793482,0.006205617637818989,0.30833333333333335
C0042900,Vitiligo,0.1,0.06666666666666667,7516.0,0.6512763634674347,0.004446196145236859,0.19999999999999998
C0038358,Gastric ulcer,0.05,0.0,7497.277777777777,0.6108222294442639,0.0006182340138848493,0.25
C0021390,Inflammatory Bowel Diseases,0.0125,0.0,7105.5125,0.6703648088652978,0.0010550284962300034,0.1
C0860207,Drug-Induced Liver Injury,0.08409090909090909,0.016666666666666666,5208.268907563025,0.7579519481125274,0.005809922841758705,0.3871212121212121
C0010278,Craniosynostosis,0.15,0.0,5217.363636363636,0.7350552306692657,0.0016544122784359788,0.15
C0079773,"Lymphoma, T-Cell, Cutaneous",0.05,0.05,1023.1904761904761,0.9518728330856862,0.0032229288083727306,0.6666666666666666
C0079772,T-Cell Lymphoma,0.4,0.2,2475.6363636363635,0.8816462452427365,0.0174791140578523,0.75
C0424295,Hyperactive behavior,0.23333333333333334,0.06666666666666667,3634.766666666667,0.8149146033663153,0.006784968309160597,0.6333333333333333
C0037268,Skin Abnormalities,0.0,0.0,9120.0,0.5791223836264909,0.00010656019870388365,0.0
C0677886,Epithelial ovarian cancer,0.0,0.0,7887.894736842105,0.6207470517225369,0.00014652435734903516,0.0
C0282527,Infantile Refsum Disease (disorder),1.0,0.8,10.76923076923077,0.9996031377645748,0.4102312116107088,1.0
C0282525,"Adrenoleukodystrophy, Neonatal",1.0,0.9,9.076923076923077,0.9996750835499443,0.5868852178205726,1.0
C0019569,Hirschsprung Disease,0.3,0.2,8244.6,0.5806028681486982,0.20124663635124335,0.4
C1720887,Female Urogenital Diseases,0.15,0.0,6492.833333333333,0.7035760713125029,0.002642178261397939,0.3
C0919267,ovarian neoplasm,0.11444444444444443,0.042222222222222223,5387.721649484536,0.7524804545925234,0.006578421012270369,0.36444444444444446
C0162871,"Aortic Aneurysm, Abdominal",0.25,0.0,2562.3636363636365,0.8616703796528358,0.0033051924367895253,0.45
C0042487,Venous Thrombosis,0.7,0.45,2437.7,0.8793518131587501,0.04655153116058213,0.7
C0002622,Amnesia,0.05,0.0,4196.411764705882,0.8120670844939648,0.0010089392009052453,0.25
C0020557,Hypertriglyceridemia,0.3,0.25,6241.642857142857,0.6592443020934875,0.021574850242743658,0.45
C0019080,Hemorrhage,0.15,0.15,3623.625,0.8335302446497378,0.011064826297898268,0.3
C0038220,Status Epilepticus,0.13333333333333333,0.030952380952380953,4479.582089552238,0.7930960136497596,0.0078029999749194365,0.3904761904761904
C1561643,Chronic Kidney Diseases,0.0,0.0,11235.333333333334,0.4665312345220406,0.0002047960484825328,0.1
C0023473,"Myeloid Leukemia, Chronic",0.26666666666666666,0.26666666666666666,3211.2272727272725,0.8522838789567372,0.04049258016825834,0.5
C0023470,Myeloid Leukemia,0.35,0.3,2877.9411764705883,0.8658507428040855,0.07378846822247791,0.45
C0006663,Calcinosis,0.2333333333333333,0.06666666666666667,2434.135135135135,0.8896083100991327,0.006264504780195065,0.575
C0003504,Aortic Valve Insufficiency,0.5,0.3,2555.0,0.8696556205328134,0.03481375559826305,0.8
C1960469,Left ventricular noncompaction,0.3,0.05,3292.0833333333335,0.8198700394523091,0.003884764524374118,0.5
C0030567,Parkinson Disease,0.04,0.01,6483.520833333333,0.6976444092384636,0.0024861949918548085,0.2177777777777778
C0014170,Endometrial Neoplasms,0.13999999999999999,0.06000000000000001,4565.18,0.7878746454642676,0.029689224003270863,0.42000000000000004
C0243026,Sepsis,0.05,0.0,4454.809523809524,0.7855110822189203,0.0018616151640447425,0.4666666666666666
C0014175,Endometriosis,0.11083333333333334,0.012916666666666665,5657.143790849673,0.7360875887684545,0.005383587420947364,0.2870833333333333
C0014859,Esophageal Neoplasms,0.10476190476190476,0.016666666666666666,3688.8,0.8301976150594241,0.005121516072686814,0.4904761904761904
C0341106,Eosinophilic esophagitis,0.0,0.0,10670.125,0.5172287730374634,0.00022143097223342308,0.1
C0005684,Malignant neoplasm of urinary bladder,0.0,0.0,12196.4375,0.44093588969871406,7.436698331701933e-05,0.0
C0752347,Lewy Body Disease,0.15,0.1,2908.5789473684213,0.8704522239762282,0.014368131016933567,0.55
C3160718,"PARKINSON DISEASE, LATE-ONSET",0.1,0.0,5122.6875,0.749213128452718,0.0010200642150814112,0.25
C0311375,Arsenic Poisoning,0.0,0.0,8856.474576271186,0.5882295252271529,0.0006408866968516952,0.05
C0007621,Neoplastic Cell Transformation,0.15555555555555556,0.061111111111111116,4680.1463414634145,0.7808330099599017,0.010267646351528693,0.4111111111111111
Mean,,0.15963591050728348,0.08507897435051799,5698.836796996894,0.7299203754763024,0.02087743733070005,0.35926248987661413
Median,,0.1,0.021111111111111112,5249.571428571428,0.7532374100719424,0.004073789084900249,0.33999999999999997
STD,,0.18246334171818887,0.13972132409414154,2939.906655366408,0.14027738802055068,0.056402727077019175,0.22009971927735095
