disease_id,disease_name,disease_size,null_pairwise_means_COMP,null_pairwise_means_DNS,pairwise_mean_COMP,pairwise_mean_DNS,pvalue_COMP,pvalue_DNS
C0018818,Ventricular Septal Defects,117,"[0.00085307 0.00080617 0.00081519 0.00082618 0.00088619 0.0007934
 0.00074733 0.00077115 0.00083927 0.00081999 0.0007773  0.00088095
 0.00078433 0.00084174 0.00085507 0.00078631 0.00086751 0.00075864
 0.00078003 0.0007518  0.0008338  0.00076523 0.00083465 0.00081293
 0.00078681 0.00080571 0.00083    0.00084726 0.00070255 0.00077949
 0.00077104 0.0008342  0.00071938 0.00090619 0.00079896 0.00082
 0.00082588 0.00082015 0.00079723 0.00075807 0.00082085 0.00082138
 0.00083952 0.00090502 0.00081836 0.0008002  0.00079391 0.00073336
 0.00078694 0.00077668 0.0009042  0.0008295  0.00084019 0.00080161
 0.00080682 0.00079639 0.00081302 0.00082334 0.00075572 0.00089813
 0.00079578 0.0008495  0.00071996 0.00083503 0.00076878 0.00075192
 0.00079035 0.00075964 0.00083917 0.00076535 0.00084289 0.00079011
 0.00077901 0.00077437 0.00083622 0.00077932 0.00081311 0.00081622
 0.00076714 0.00087729 0.00083118 0.00079814 0.0008108  0.00082038
 0.00080857 0.00081883 0.00078607 0.00081009 0.00077911 0.00071777
 0.00072506 0.00076189 0.00078678 0.00076671 0.00083366 0.00089928
 0.0007886  0.00075726 0.00076782 0.00086431 0.00081727 0.00073443
 0.00082584 0.00080299 0.00081863 0.00080399 0.0008575  0.00085282
 0.00080079 0.00071947 0.00078347 0.00078027 0.00074525 0.00088968
 0.00076418 0.0007558  0.00088404 0.00083327 0.00079694 0.00076632
 0.0008075  0.00075023 0.00084987 0.00079495 0.00078963 0.00078309
 0.00070352 0.00072931 0.00081498 0.00084563 0.00081463 0.00079615
 0.00077994 0.00078387 0.00084624 0.00073151 0.00073144 0.00075706
 0.00075838 0.00078398 0.00077747 0.00078386 0.00089222 0.00085317
 0.00080494 0.00090805 0.00078245 0.00080109 0.00080821 0.00084585
 0.0008545  0.0009013  0.00082185 0.0007925  0.00084581 0.00077254
 0.00084021 0.00094171 0.00081666 0.00094559 0.00081695 0.00081233
 0.00081188 0.0008075  0.00084615 0.00082509 0.00077699 0.00073558
 0.00073487 0.00074889 0.00077723 0.00079597 0.00076137 0.00074283
 0.00079929 0.00079246 0.00072186 0.00073529 0.0008191  0.00086811
 0.00073925 0.00080416 0.00081519 0.00073059 0.00075432 0.00074711
 0.00089592 0.00075402 0.00074789 0.00080146 0.00075778 0.00080281
 0.00083329 0.0009402  0.00077786 0.00074538 0.00083115 0.0007391
 0.00078448 0.00076963 0.00085459 0.00080166 0.0007397  0.00078644
 0.00076746 0.00075936 0.0007788  0.00076697 0.00080789 0.00077904
 0.00077849 0.00076376 0.00081579 0.0008077  0.00072535 0.00084726
 0.00082029 0.00080095 0.00073788 0.00075565 0.00076985 0.00079651
 0.00076084 0.00078253 0.0007651  0.00089161 0.00073286 0.00075655
 0.00075649 0.00073999 0.00086019 0.00087324 0.00081729 0.00081035
 0.00077092 0.00078218 0.00095172 0.00077389 0.00074051 0.0008181
 0.00073117 0.00076427 0.00081242 0.00080627 0.00074177 0.00073705
 0.00077303 0.00078898 0.00082807 0.00068909 0.00076815 0.00089339
 0.00091006 0.00082156 0.00080503 0.00085753 0.00078061 0.00083328
 0.00084795 0.00091606 0.00074411 0.00079343 0.00076764 0.00088947
 0.00081096 0.00073387 0.00079767 0.00073317 0.00084997 0.00080953
 0.00080315 0.00075302 0.00086465 0.00078115 0.0008103  0.00079975
 0.00078806 0.00087803 0.00081727 0.00076921 0.00072549 0.00077116
 0.00081656 0.00077405 0.00077399 0.00076736 0.00085541 0.00083472
 0.00073617 0.00084208 0.00078779 0.00093149 0.00091245 0.00075011
 0.0007713  0.00075339 0.00087633 0.00086878 0.00082874 0.00075693
 0.00077286 0.00078905 0.00077909 0.00080725 0.00083604 0.00085061
 0.00081563 0.00081419 0.0007592  0.0008036  0.00082292 0.00084838
 0.00079702 0.00080198 0.00083454 0.00075529 0.00092593 0.00082439
 0.00084694 0.000777   0.00081553 0.00089675 0.00088197 0.00080974
 0.0009092  0.00082229 0.00083322 0.00076574 0.00091157 0.00080455
 0.00078354 0.00076896 0.00078936 0.00074331 0.00091387 0.00078906
 0.00075078 0.00088164 0.0007782  0.00076748 0.00083675 0.00075971
 0.00081185 0.00089897 0.00081351 0.00074135 0.00079821 0.00081849
 0.00081477 0.00074474 0.00072254 0.00083994 0.00078424 0.00082438
 0.00074436 0.00077812 0.00082253 0.00079904 0.00092172 0.00085009
 0.00088177 0.00093695 0.00077473 0.0008239  0.00072519 0.00075484
 0.00073206 0.00076796 0.00077145 0.00073907 0.00080847 0.00089328
 0.00083523 0.00077908 0.00084376 0.00088013 0.00076411 0.00088395
 0.00073463 0.00077133 0.00083849 0.0008327  0.00078781 0.00076633
 0.00079436 0.0007599  0.00084942 0.00081847 0.00080764 0.00080407
 0.00082412 0.0009014  0.00084661 0.00076108 0.00084442 0.00079541
 0.00084292 0.00089888 0.00078926 0.00079111 0.00079039 0.00086265
 0.00075985 0.00079405 0.00074942 0.00081843 0.00088718 0.00088011
 0.00070072 0.00075541 0.00077502 0.00088296 0.00084217 0.00076644
 0.00088081 0.00084883 0.0008528  0.00078186 0.00083755 0.00077189
 0.00082877 0.00080039 0.00077909 0.00077932 0.00078741 0.00084925
 0.00085246 0.00083527 0.00077084 0.0008662  0.00081358 0.0007664
 0.00087917 0.00078035 0.00078502 0.00072491 0.00078859 0.00083794
 0.00077226 0.00079233 0.00078004 0.00078611 0.00087579 0.00076889
 0.00083615 0.0007683  0.00072868 0.00070815 0.00075473 0.00076192
 0.0009596  0.00076242 0.00076802 0.00080429 0.00077684 0.00076357
 0.0008567  0.00081695 0.00080545 0.00079995 0.00081136 0.00076144
 0.00080485 0.00084614 0.00089694 0.00073722 0.00081875 0.00084955
 0.00083781 0.00078942 0.00074398 0.00084615 0.00081513 0.00079014
 0.00080901 0.00068203 0.00085215 0.000794   0.00083383 0.00074789
 0.00081864 0.00085008 0.00087541 0.00088509 0.0007993  0.00077868
 0.00082189 0.0008274  0.00080706 0.00077733 0.00080382 0.00082314
 0.00082147 0.00084745 0.00083494 0.00085936 0.00079892 0.00094909
 0.00075072 0.00093258 0.00079906 0.00081618 0.0008237  0.00077007
 0.00073845 0.00074546 0.00085022 0.00081655 0.00079672 0.0007669
 0.00081825 0.00073312 0.00079735 0.00080889 0.00078948 0.0008157
 0.00080601 0.00086975 0.00076292 0.00077584 0.00078326 0.00078934
 0.00083101 0.00079363 0.00083722 0.00083687 0.00081165 0.00080401
 0.00078673 0.00094826 0.00076218 0.00075686 0.00081027 0.00082495
 0.00085257 0.0008698  0.00079399 0.00078674 0.00077497 0.00078846
 0.00081872 0.00083445 0.00075633 0.000771   0.00086697 0.00077798
 0.00080482 0.00080257 0.00082257 0.00079777 0.00091379 0.00076804
 0.0007357  0.00082133 0.00079138 0.00073068 0.00077837 0.00079767
 0.00084164 0.00080754 0.00085803 0.0008646  0.00089193 0.0008313
 0.00078712 0.00081658 0.00082975 0.00080794 0.00086238 0.00086822
 0.00081359 0.00079214 0.00073766 0.00082874 0.00076394 0.00080065
 0.00082654 0.00086981 0.00075103 0.00078594 0.00078802 0.0007879
 0.00086394 0.00077071 0.00080081 0.00076351 0.00084669 0.00076683
 0.00080641 0.00076295 0.00084506 0.00077259 0.00078549 0.00085992
 0.00078243 0.00076779 0.00078096 0.00071822 0.00082275 0.00076659
 0.00080283 0.00083969 0.00084338 0.00081428 0.00076083 0.00083737
 0.00079139 0.00090281 0.00086575 0.00079312 0.0007625  0.00075088
 0.0008266  0.00073025 0.0007873  0.0007974  0.0007923  0.00078463
 0.00082785 0.00079759 0.00080222 0.0007833  0.00076833 0.00086692
 0.00079359 0.00077375 0.00082791 0.00084097 0.00081852 0.00075862
 0.00082459 0.00083345 0.0007202  0.00072748 0.00087923 0.00077432
 0.00080758 0.00079434 0.00073978 0.00079174 0.00081916 0.00078566
 0.00082788 0.00089331 0.00084406 0.00080292 0.00083277 0.000826
 0.00082113 0.00077558 0.00071597 0.00078297 0.0008005  0.00077627
 0.00080997 0.00081096 0.00075802 0.00081825 0.00078668 0.00090444
 0.00081366 0.00082375 0.00077208 0.00078374 0.00079463 0.00083565
 0.00074643 0.00083594 0.00091015 0.00080821 0.00080033 0.000832
 0.00077969 0.0008222  0.00077835 0.00080758 0.00082702 0.0007404
 0.00087291 0.00074521 0.00078145 0.0008119  0.00074459 0.00083529
 0.00076971 0.00082667 0.00078243 0.00077327 0.00088822 0.00078882
 0.00084119 0.00080071 0.00077596 0.00086331 0.00075036 0.00084973
 0.00080523 0.00080302 0.00079421 0.00083492 0.00074874 0.00077172
 0.00081983 0.00077571 0.00082961 0.00077966 0.00077505 0.00077495
 0.00082518 0.00078671 0.00079801 0.00077627 0.00087619 0.00083561
 0.00086906 0.0008585  0.00081117 0.00079781 0.00078895 0.00085881
 0.00082979 0.00083    0.0007652  0.00078084 0.00080065 0.00081857
 0.00086641 0.00078147 0.00082873 0.00076337 0.00087928 0.00084427
 0.00076569 0.00079871 0.00080512 0.00084885 0.00073419 0.00085407
 0.00084877 0.0008178  0.00077356 0.0007949  0.00082698 0.00078471
 0.00077915 0.00086472 0.00082683 0.00087501 0.00079886 0.00072514
 0.00080288 0.00080713 0.00082002 0.00083819 0.00088284 0.00084869
 0.0007986  0.00081574 0.00078646 0.00076894 0.00085125 0.00083468
 0.00076434 0.00078325 0.00072892 0.0007832  0.0008331  0.00080488
 0.00080188 0.00067505 0.00079638 0.00077356 0.00076424 0.00074893
 0.00079425 0.00083765 0.00080699 0.00081003 0.00086996 0.00081466
 0.00082807 0.00078767 0.00083162 0.0007844  0.00083578 0.00076514
 0.00080348 0.0008061  0.00078586 0.00075116 0.0008107  0.00076969
 0.00092824 0.00080202 0.0007389  0.00075299 0.00079321 0.0008537
 0.00079261 0.00081703 0.00080517 0.00080766 0.00081829 0.00073732
 0.0008294  0.00077626 0.00079231 0.00078183 0.00081178 0.00081021
 0.00085951 0.0007837  0.00077822 0.00082302 0.00079218 0.00084252
 0.00078395 0.00073919 0.00083373 0.00080496 0.00082751 0.00071062
 0.00078422 0.00083838 0.00078727 0.00089116 0.00079039 0.00081152
 0.00086363 0.0008019  0.00081385 0.00081329 0.0008039  0.00084743
 0.00086351 0.00081763 0.0007304  0.0007589  0.00075189 0.00082535
 0.00077284 0.00082508 0.00077533 0.00077827 0.00078325 0.00082572
 0.00080279 0.00071766 0.00085741 0.00091065 0.0008676  0.00082021
 0.00083576 0.00079003 0.00074399 0.0007763  0.00093562 0.00073163
 0.00083384 0.00081182 0.00084685 0.00086125 0.00068909 0.00082287
 0.00083978 0.00076787 0.00077268 0.00082208 0.00088465 0.0007842
 0.00085469 0.00072198 0.00083911 0.00082396 0.00077677 0.00084106
 0.00078868 0.0008559  0.0007846  0.00086791 0.00084271 0.00084088
 0.00080479 0.00075676 0.00082282 0.00077611 0.00076011 0.00079842
 0.00086583 0.0008202  0.00082035 0.00079018 0.00080285 0.00076983
 0.00079991 0.00077544 0.00082687 0.00076199 0.00076277 0.00077822
 0.00077674 0.00079127 0.00083543 0.00081881 0.00076118 0.00077295
 0.00079173 0.00086147 0.00083819 0.00077597 0.00079845 0.00079718
 0.0008736  0.00082896 0.00071457 0.00080261 0.000772   0.00085258
 0.00080158 0.00076829 0.00079775 0.00076165 0.0007889  0.00081063
 0.00078521 0.00075273 0.00083386 0.00075203 0.00076474 0.00073235
 0.00080626 0.0007952  0.00087818 0.00088349 0.00088178 0.00079135
 0.00090032 0.00078291 0.00088871 0.00078958 0.00095493 0.00083464
 0.00093632 0.00075969 0.00073045 0.00077507 0.00080473 0.00081258
 0.00083325 0.00081626 0.00086801 0.00076875 0.00090991 0.00091301
 0.00086585 0.00076805 0.00078984 0.00075488 0.00083934 0.0007999
 0.00081337 0.00086202 0.00085668 0.00082601 0.00083435 0.00074751
 0.00077453 0.0008427  0.00082285 0.00085526 0.00088193 0.00079132
 0.00083319 0.00086741 0.00072757 0.00076937 0.00076783 0.00074153
 0.00074788 0.00078975 0.0007773  0.000777   0.00088165 0.00084398
 0.00081476 0.00078699 0.00080502 0.00075353 0.0008579  0.00080011
 0.00080579 0.00086828 0.00085086 0.00081264 0.00078342 0.00083466
 0.00077975 0.00077264 0.00078138 0.00080863]","[1.11512389e-06 1.27268343e-06 1.09417237e-06 1.22136820e-06
 8.88703624e-07 4.45347805e-06 1.37820376e-06 1.51914098e-06
 2.39351075e-06 1.12979879e-06 7.77408604e-07 6.92070194e-07
 1.53230593e-06 1.36366989e-06 1.53895358e-06 1.59845957e-06
 1.25815380e-06 1.24583644e-06 1.17271521e-06 1.06729611e-06
 2.13406357e-06 1.37595308e-06 1.57485727e-06 8.18947619e-07
 1.42538435e-05 9.86060985e-07 1.08031879e-06 7.63932816e-07
 8.83293376e-07 1.46693438e-06 1.01726046e-06 1.02613534e-06
 7.62606217e-07 1.60158627e-06 8.73577038e-07 1.35481667e-06
 1.57345568e-06 1.60585166e-06 3.05661985e-06 1.71560954e-06
 8.36267240e-07 1.19401027e-06 9.08614697e-07 1.19884794e-06
 1.11736277e-06 1.22809753e-06 8.69482880e-07 6.72512030e-07
 1.53935975e-06 1.26218469e-06 1.09666172e-06 1.73678480e-06
 1.01740107e-06 1.48080414e-06 1.04658054e-06 6.87129361e-07
 2.02970108e-05 1.61892949e-06 1.17871356e-06 1.69835551e-05
 1.07889271e-06 6.24322693e-07 6.89252178e-07 8.49767983e-07
 7.48296694e-07 8.44581744e-07 8.85865373e-07 9.88888094e-07
 1.55668644e-06 1.57763077e-06 5.93134302e-07 1.98744033e-06
 1.99609535e-06 1.30363700e-06 1.09123673e-06 6.99867020e-07
 3.16324985e-06 1.38576242e-06 4.50837979e-06 1.28388278e-06
 1.00081679e-06 8.77512087e-07 2.20538744e-06 5.38828222e-07
 1.17258827e-06 8.06563713e-07 9.99900625e-07 6.08395129e-07
 2.65309615e-06 1.99240436e-06 1.44234629e-06 1.94024137e-06
 3.06816103e-06 1.00303522e-06 1.93257889e-06 7.10609171e-07
 2.72386385e-06 2.80578461e-06 2.47327355e-06 1.09712787e-06
 1.55321792e-06 1.33614034e-06 5.10787340e-07 2.99830593e-06
 1.19632407e-06 1.63533585e-06 1.38624731e-06 1.01659479e-06
 9.32867213e-07 1.30124568e-06 1.24291634e-06 1.11427964e-06
 9.31105418e-07 1.54516273e-06 1.03341779e-06 1.25418478e-06
 1.62353342e-06 1.53799193e-06 9.56131381e-07 1.57106887e-06
 1.14717778e-06 1.55661567e-06 1.30924259e-06 8.84165635e-07
 1.12696576e-06 1.72514852e-06 1.24649720e-06 7.69022462e-07
 1.39036467e-06 1.26486706e-06 1.18261780e-06 2.72469217e-06
 7.30949360e-07 1.33885277e-06 5.81616326e-07 9.36432656e-07
 8.71009173e-07 1.13133256e-06 9.00507111e-07 1.10309702e-06
 1.25859929e-06 1.63565214e-06 6.44281816e-07 2.57408846e-06
 1.12654846e-06 1.29761708e-06 1.10239690e-06 1.06729445e-06
 2.74705506e-06 5.16297535e-07 7.35983559e-07 8.16527502e-07
 1.10860879e-06 1.74604819e-06 1.26337890e-06 9.72592466e-07
 6.09308402e-07 1.31846675e-06 1.75192110e-06 3.95416542e-06
 7.84632524e-07 1.38231100e-06 1.37981853e-06 1.49723835e-06
 1.65306509e-06 1.73115438e-06 1.20796194e-06 1.04410868e-06
 9.59045470e-07 1.33731604e-06 8.93135759e-07 5.41988000e-07
 5.51476480e-07 8.82112490e-07 3.25442922e-06 1.70283203e-06
 1.11276051e-06 1.23431166e-06 1.42942794e-06 2.50735795e-06
 1.28443501e-06 1.59718204e-06 1.98118561e-06 1.08368897e-06
 4.68809981e-06 4.10732064e-06 2.18343230e-06 1.06411696e-06
 1.12464135e-06 6.67496409e-07 9.60781206e-07 3.14319277e-06
 2.73097505e-06 8.26013998e-07 1.33823531e-06 2.56647845e-06
 6.99611162e-07 4.30806775e-06 1.35207185e-06 1.20649401e-06
 7.64814789e-07 1.10338820e-06 2.60993048e-06 1.57705429e-06
 1.18502342e-06 4.00854972e-07 4.02406941e-07 2.08609828e-06
 4.65276356e-06 9.11113219e-07 2.14896194e-06 1.17809277e-06
 4.02754441e-06 1.10067483e-06 9.93811940e-07 9.60433824e-07
 9.76227907e-07 7.13212808e-07 1.76201315e-06 9.55114255e-07
 2.52322382e-06 8.82385422e-07 1.94379417e-06 9.44411187e-07
 8.08175415e-07 9.74985714e-07 8.10728226e-07 6.28970877e-07
 1.63106659e-06 8.56181239e-07 1.04919947e-06 1.30298790e-06
 1.62769194e-06 2.75918372e-06 1.91602636e-06 1.03126642e-06
 1.07052567e-05 3.01020064e-06 4.99621102e-06 1.42863244e-06
 9.36543356e-07 1.16449435e-06 1.03018069e-06 1.74648156e-06
 9.84200979e-07 1.93589261e-06 1.29656471e-06 2.54334498e-06
 1.31241420e-06 1.50877069e-06 9.35078670e-07 2.06282458e-06
 1.16381948e-06 9.03073114e-07 9.77065358e-07 1.11860677e-06
 1.09035804e-06 1.68863706e-06 5.94136729e-07 1.08342615e-06
 1.45227467e-06 9.83968468e-07 1.20928491e-06 3.40427428e-06
 8.00747633e-07 8.56903605e-07 1.44698082e-06 9.36485918e-07
 1.26411740e-06 1.24038283e-06 1.81675982e-06 1.42360752e-06
 8.38871535e-07 9.33247753e-07 1.18336655e-06 1.38539599e-06
 7.62618351e-07 1.41470603e-06 2.11462632e-06 2.07759661e-06
 1.17658530e-06 9.52995088e-07 8.49375742e-06 1.05255511e-06
 1.36552651e-06 1.63412597e-06 1.70036311e-06 1.77832111e-06
 2.33231411e-06 4.24400739e-06 1.22264934e-06 1.33497388e-06
 1.47469437e-06 1.43955056e-06 2.57841190e-06 6.96530013e-07
 1.10102546e-06 1.09286352e-06 1.03493520e-06 7.56090186e-07
 6.89359485e-07 1.18760827e-06 1.98284931e-06 2.58734933e-06
 1.19763196e-06 1.46798891e-06 1.72295808e-06 1.07174255e-06
 1.11658474e-06 1.34686032e-06 4.05040733e-06 3.15627685e-06
 6.74595443e-07 7.34191597e-07 1.21095654e-06 2.50802269e-06
 8.86297340e-07 8.02064448e-07 8.37595259e-07 4.33264584e-06
 9.60589023e-07 1.06044305e-06 1.95203879e-06 1.58816831e-06
 7.26094304e-07 5.48143093e-07 7.96981004e-07 1.77691572e-06
 1.27365508e-06 2.14328773e-06 2.84967501e-06 8.54184747e-07
 2.51797533e-06 2.21729460e-06 1.51840828e-06 1.04121001e-06
 9.08547011e-07 1.02805903e-06 9.31599183e-07 1.44745883e-06
 1.09101937e-06 1.53377587e-06 1.04165737e-06 1.59836540e-06
 1.22064718e-06 1.41867145e-06 1.02741160e-06 1.15611927e-06
 9.90588558e-07 1.95781578e-06 5.15029334e-07 6.94810062e-07
 1.18999361e-06 6.47100015e-07 1.89979142e-06 1.13710067e-06
 1.24420905e-06 7.40860593e-07 7.21981547e-07 5.35236974e-06
 9.85303571e-07 1.54636537e-06 1.62275229e-06 1.31126367e-06
 1.34721388e-06 6.53521182e-07 1.13458432e-06 2.01310334e-06
 1.12627713e-06 1.18987573e-06 8.05721270e-07 6.40786215e-07
 2.16307536e-06 8.29532504e-07 1.36651433e-06 1.51115712e-06
 4.52123397e-07 5.90656440e-07 3.27650134e-06 9.04961524e-07
 1.28242424e-06 7.70610806e-07 1.27212232e-06 2.01451532e-06
 8.59928411e-07 5.56828983e-07 1.71442152e-06 1.66233199e-06
 7.60304691e-07 1.86426473e-06 1.16127928e-06 1.36074280e-06
 1.69211918e-06 2.10600321e-06 8.11256072e-07 1.28814023e-06
 1.70892510e-06 1.77189191e-06 8.31933750e-07 1.22838567e-06
 1.61871489e-06 1.23686740e-06 3.35477775e-07 1.50759714e-06
 8.97697629e-07 1.11452790e-06 9.53830349e-07 6.39407324e-07
 3.05208922e-06 1.34225475e-06 9.54735649e-07 8.71667020e-07
 1.24239307e-06 2.20348951e-06 8.67936767e-07 2.41312181e-06
 2.59478736e-06 1.85210251e-06 6.99334278e-07 1.37234401e-06
 9.28372149e-07 7.51575813e-07 2.21687660e-06 1.39600302e-06
 1.30759310e-06 2.55884287e-06 1.93544712e-06 1.99123685e-06
 1.34282236e-06 2.05718395e-06 1.23304538e-06 1.61444357e-06
 1.07151756e-06 1.41243057e-06 7.26845522e-07 1.27926906e-06
 2.91006634e-06 9.16163834e-07 5.28211944e-07 2.34275755e-06
 1.08349727e-06 1.13792510e-06 1.15593579e-06 1.77317037e-06
 7.28371791e-07 1.35682696e-06 1.47054971e-06 6.32625220e-07
 1.69699353e-06 2.26959756e-06 2.93953077e-06 9.24515888e-07
 9.30417610e-07 4.53614415e-07 9.52963155e-07 3.53391443e-06
 2.04054614e-06 1.43244941e-06 1.86677641e-06 1.07497393e-06
 8.80933072e-07 1.56428898e-06 1.22731857e-06 2.29428300e-06
 9.93263499e-07 6.68215789e-07 7.46774487e-07 7.03381443e-07
 3.57601868e-06 6.31054366e-07 6.91300512e-07 1.78149747e-06
 1.11738450e-06 1.05475569e-06 1.85153689e-06 1.35990798e-06
 1.02064110e-06 1.06765376e-06 1.49493181e-06 1.68000762e-06
 1.12027022e-06 1.48907392e-06 2.27612427e-06 2.93688931e-06
 6.96745170e-07 1.58356808e-06 2.43053536e-06 1.38175904e-06
 1.15458575e-06 1.13584647e-06 1.05769432e-06 1.69187074e-06
 5.74317390e-07 1.54331469e-06 1.56853924e-06 1.23440109e-06
 8.21553028e-07 3.05597970e-06 1.46328333e-06 8.92270102e-07
 1.14500459e-06 5.89441841e-07 9.06652254e-07 9.85014302e-07
 4.85338704e-07 7.73294928e-07 1.29337674e-06 1.03834528e-06
 5.76497783e-07 3.92526241e-06 2.29602330e-06 9.95332165e-07
 1.61650922e-06 6.54575585e-07 1.14913043e-06 8.21194073e-07
 1.16143356e-06 1.00092760e-06 6.60210920e-07 9.73332283e-07
 1.80328522e-06 1.43882176e-06 1.54738042e-06 1.40795402e-06
 1.25077304e-06 9.79005611e-07 2.54147259e-06 8.38877118e-07
 1.44899346e-06 4.21055452e-07 2.24463881e-06 2.03850370e-06
 6.05978672e-06 1.01274758e-06 1.72917700e-06 1.03408247e-06
 1.73303678e-06 8.38995713e-07 2.35199776e-06 1.28597949e-06
 1.26031262e-06 1.03891197e-06 8.68546198e-07 1.29968347e-06
 9.00849421e-07 1.33736696e-06 2.13498221e-06 1.29523680e-06
 1.16922688e-06 2.85916678e-06 9.41162548e-07 8.51046577e-07
 5.81014256e-07 1.83215910e-06 1.45786212e-06 3.31927324e-06
 9.05543779e-07 1.33422579e-06 7.88616733e-07 9.41421190e-07
 5.79405371e-07 1.83829062e-06 2.40830658e-06 1.20642955e-06
 1.08491501e-06 1.32748431e-06 1.15660086e-06 2.28143388e-06
 3.16853348e-06 1.88963742e-06 4.77620636e-07 1.03259502e-06
 1.20683879e-06 1.46868182e-06 1.37425174e-06 1.98060035e-06
 8.09770623e-07 1.11775149e-06 1.46983016e-06 2.66083379e-06
 2.65062921e-06 6.91375536e-07 7.14799228e-07 1.03583839e-06
 9.51199704e-07 5.57383128e-06 1.30768283e-06 1.13425687e-06
 1.41094029e-06 1.53544568e-06 7.92010231e-07 8.89165664e-07
 1.03936843e-06 9.22792409e-07 1.68986274e-06 8.97757409e-07
 5.65326290e-07 1.00820598e-06 1.29990153e-06 1.96807908e-06
 6.70177631e-07 2.64612531e-06 1.23307168e-06 1.68908246e-06
 8.25692724e-07 1.70411865e-06 1.11965482e-06 2.16524834e-06
 8.42642689e-07 6.63006736e-07 2.65345774e-06 1.18214399e-06
 3.56553227e-07 1.67807706e-06 7.95605888e-07 1.67591378e-06
 4.17358807e-06 7.25598340e-07 9.71234472e-07 1.30663302e-06
 5.49803012e-07 3.15211078e-06 2.37274666e-06 3.35942448e-06
 2.13895212e-06 7.61642672e-07 6.06775476e-06 1.10059908e-06
 1.00467752e-06 1.73699937e-06 7.06122984e-07 6.99977824e-07
 1.02152017e-06 1.52599555e-06 1.43392973e-06 1.67375315e-06
 6.73174314e-07 2.53188173e-06 9.45398227e-07 1.06057250e-06
 3.05180724e-06 1.54225252e-06 1.57114439e-06 8.79174646e-07
 1.80466090e-06 2.77678726e-06 1.15353775e-06 1.22723566e-06
 8.16329853e-07 6.75301771e-07 1.43479450e-06 8.40861852e-07
 1.02243111e-06 1.36092796e-06 1.05676805e-06 9.81350414e-07
 7.56587931e-07 1.41788046e-06 1.31160451e-06 6.48229059e-07
 1.35989684e-06 9.61549680e-07 6.79032520e-07 1.00791223e-06
 2.68731525e-06 3.38758608e-06 1.47068484e-06 1.57683897e-06
 8.49848332e-07 2.70647058e-06 1.07860687e-06 2.98325457e-06
 1.49076738e-06 3.35289539e-06 1.09626732e-06 9.95141855e-07
 7.90032506e-07 9.86789864e-07 1.85915689e-06 9.09721838e-07
 1.02453875e-06 6.76343499e-07 1.18628448e-06 3.35846352e-06
 2.18298944e-06 8.35987398e-07 8.26567479e-07 6.56353880e-07
 1.46576043e-06 1.77210984e-06 1.36083839e-06 4.39362809e-07
 1.08459176e-06 5.12038870e-07 1.11315589e-06 1.32746348e-06
 9.91855169e-07 1.01145590e-06 1.22745598e-06 1.29160013e-06
 3.11954216e-06 9.35779841e-07 5.36981101e-06 8.34037567e-07
 1.98768986e-06 1.06778488e-06 1.10267356e-06 1.36343888e-06
 9.82721273e-07 1.26451221e-06 6.50540196e-07 1.75947482e-06
 7.99275568e-07 4.72077332e-07 2.67895727e-06 1.04643718e-06
 1.39790067e-06 8.84637311e-07 1.10964488e-06 3.93251264e-06
 7.27989324e-07 1.22028558e-06 4.44509990e-07 6.05724451e-07
 1.11285532e-06 2.08561832e-06 1.79124673e-06 1.67068454e-06
 3.95954387e-07 8.58667538e-07 1.05158312e-06 1.43494386e-06
 1.21884760e-06 8.02654662e-07 1.78346463e-06 1.33482871e-06
 4.06128949e-06 1.46031967e-06 1.08363228e-06 4.51284303e-06
 8.47038623e-07 5.46932065e-07 1.37443205e-06 4.92973843e-07
 1.72682723e-06 1.02214790e-06 1.62958214e-06 1.50224656e-06
 1.27845953e-06 1.00975087e-06 1.42067351e-06 9.17781052e-07
 1.06263457e-06 1.81492532e-06 1.98720540e-06 6.79990870e-06
 8.20849051e-07 1.31464492e-06 1.24845575e-06 1.60648075e-06
 1.21400081e-06 1.04697070e-06 1.67568743e-06 9.01735582e-07
 1.96620196e-06 1.78721233e-06 6.65307233e-06 2.09318835e-06
 2.37899262e-06 1.27698879e-06 1.17899610e-06 1.53722940e-06
 7.11899568e-07 3.99371051e-06 8.21855418e-07 1.08223264e-06
 1.28552508e-06 2.53627355e-06 7.49630329e-07 1.28867204e-06
 8.43672457e-07 5.74249285e-07 1.04180678e-06 9.79032522e-07
 1.01502907e-06 8.93261945e-07 1.68099900e-06 1.37899679e-06
 9.87273204e-07 2.38221472e-06 9.36221389e-07 1.39586422e-06
 1.39913830e-06 1.67239899e-06 7.94401669e-07 6.39384906e-07
 1.20373729e-06 3.32208551e-06 9.53582316e-07 1.85523895e-06
 1.35158153e-06 8.22337431e-07 1.62781230e-06 1.23709043e-06
 1.07391832e-06 1.73551386e-06 5.69368381e-07 8.14928240e-07
 1.32894902e-06 5.96238900e-07 1.75574647e-06 1.81531376e-06
 8.56089388e-07 5.27923471e-07 6.97160647e-07 1.17516040e-06
 7.21849380e-07 8.71664745e-07 1.36282808e-06 1.30504515e-06
 1.21799644e-06 1.57860533e-06 1.04526841e-06 9.61269294e-07
 2.06834285e-06 7.95588702e-07 2.86070955e-06 1.09802500e-06
 1.03780097e-06 1.92279845e-06 8.68797136e-07 7.56894294e-07
 5.85890162e-07 1.76442879e-06 9.91261081e-07 5.18011887e-07
 5.91750169e-07 1.05673598e-06 1.01348772e-06 4.46013394e-06
 1.61238542e-06 1.67413333e-06 7.99819407e-07 1.32040404e-06
 1.48290722e-06 9.14385115e-07 8.45370286e-07 1.17628157e-06
 2.49008372e-06 7.74251407e-07 7.44621887e-07 1.21974789e-06
 1.54537161e-06 1.24595075e-06 1.93603679e-06 4.36215970e-07
 4.94166843e-07 1.52029670e-06 7.17904220e-07 1.28657991e-06
 1.68513323e-06 8.07744204e-07 1.37771645e-06 1.03076750e-06
 9.62126076e-07 1.37792734e-06 3.37623511e-06 1.25928260e-06
 1.51281109e-05 7.29126733e-07 2.67746246e-06 1.21027454e-06
 1.18695937e-06 6.04507656e-07 1.38914205e-06 6.71918088e-07
 1.84950713e-06 2.13976674e-06 7.84905788e-07 1.73735694e-06
 1.36872748e-06 1.16042174e-06 1.53992471e-06 7.37755257e-07
 1.69506980e-06 1.69281207e-06 1.06148146e-06 1.88808039e-06
 2.13439594e-06 1.80017764e-06 1.08782862e-06 1.62455756e-06
 1.93430843e-06 1.56017634e-06 6.88150388e-07 5.79909304e-07
 1.55427653e-06 1.49051082e-06 1.75708228e-06 1.53721114e-06
 1.12607818e-06 9.93795783e-07 1.54084906e-06 1.54849571e-06
 9.42858001e-07 8.58811675e-07 1.72667853e-06 8.30820585e-07
 6.08144555e-07 1.24274464e-06 1.80564297e-06 1.11015914e-06
 1.43666902e-06 1.13838508e-06 7.71552765e-07 7.96834668e-07
 1.48556647e-06 1.37624687e-06 3.23064615e-06 1.06043004e-06
 2.01121542e-06 1.15860960e-06 1.19302185e-06 1.28392207e-06
 1.77491562e-06 7.71247109e-07 1.96885947e-06 9.59616054e-07
 2.95072877e-06 2.23596517e-06 5.23722873e-06 1.36630012e-06
 6.95339585e-07 1.49541722e-06 1.03230110e-06 8.46523706e-07
 1.14393186e-06 2.49316730e-06 9.70422669e-07 2.32741780e-06
 1.68781645e-06 2.61345405e-06 1.99702443e-06 1.27112094e-06
 1.06787504e-06 1.06583692e-06 4.95278677e-07 1.36314713e-06
 8.52777023e-07 1.82555724e-06 9.57600660e-07 9.61720092e-07
 6.39011199e-07 1.29728970e-06 1.68392194e-06 2.31328168e-06
 1.64898952e-06 2.24786677e-06 1.37637496e-06 1.71336491e-06
 9.11414848e-07 1.86893359e-06 1.44730013e-06 1.41953882e-06
 3.66229436e-06 2.01542886e-06 5.17978224e-07 2.55004177e-06
 2.28510893e-06 9.12331170e-07 1.19783276e-06 5.83219257e-07
 1.01586762e-06 1.64345864e-06 1.27351630e-06 1.16043615e-06
 9.39668666e-07 6.23620714e-07 1.35269099e-06 9.70555536e-07
 7.88931007e-07 7.23163783e-07 1.30676469e-06 6.12461960e-07
 8.96313251e-07 8.70112314e-07 2.56391130e-06 2.27297879e-06
 9.65801544e-07 5.34490268e-07 1.72177991e-06 1.13633831e-06
 2.49387991e-06 2.68897660e-06 1.43481921e-06 4.65291268e-07
 1.22773257e-06 8.72201093e-07 9.07926552e-07 2.17815758e-06]",0.0010100446160149718,5.287998785010846e-06,0.0,0.013
C0162671,MELAS Syndrome,11,"[0.00066526 0.0008171  0.00065718 0.00090124 0.00100996 0.00084229
 0.00129489 0.00071552 0.00061626 0.00102269 0.00091863 0.00061283
 0.00056676 0.00121464 0.00088959 0.00097791 0.00076079 0.00068372
 0.00052442 0.00045834 0.00081887 0.00056076 0.00078608 0.00114532
 0.00081547 0.00096829 0.00072174 0.00065797 0.00084887 0.00090471
 0.00056517 0.00100831 0.00117801 0.00090234 0.00069901 0.00113682
 0.0006114  0.0005369  0.00084405 0.00071441 0.00056026 0.00053415
 0.00056364 0.00123257 0.00040372 0.00078399 0.0007541  0.00059793
 0.00042633 0.00089543 0.00075491 0.00072192 0.00099486 0.00063795
 0.00055465 0.00073803 0.00049916 0.00072791 0.00097349 0.00083963
 0.00094787 0.00071239 0.00053027 0.00061281 0.00062719 0.00082182
 0.00033892 0.00060954 0.00097826 0.00066446 0.00117028 0.00044303
 0.00033391 0.00040975 0.00042924 0.00095464 0.00031369 0.00084616
 0.00099012 0.00063952 0.00091572 0.00078766 0.00067969 0.00090414
 0.00097393 0.00070229 0.0006617  0.00052545 0.00050094 0.00039273
 0.00065487 0.00074516 0.00047474 0.00072457 0.00079652 0.00071411
 0.00053239 0.00073672 0.0010906  0.00052298 0.00034619 0.00095847
 0.00067142 0.00108662 0.00048845 0.00059217 0.00073782 0.00082853
 0.00091301 0.00083884 0.00065533 0.00036942 0.00051883 0.00062894
 0.00058763 0.00046763 0.00056548 0.00101801 0.00147031 0.00048016
 0.00089665 0.00063716 0.00077808 0.00061284 0.00045202 0.0004477
 0.00067092 0.00051786 0.00048014 0.00070779 0.00067455 0.00081778
 0.00068107 0.00089792 0.00021328 0.00071943 0.00073453 0.00095096
 0.00051653 0.00080227 0.00045416 0.00128089 0.00088109 0.0008853
 0.00033755 0.00055115 0.00036761 0.00053011 0.00049188 0.00100878
 0.00070609 0.00057516 0.00042136 0.00083326 0.00045463 0.00045682
 0.00087294 0.00061164 0.00073899 0.00085529 0.00052119 0.00079395
 0.00081414 0.00082392 0.00084984 0.00071874 0.0006959  0.00078236
 0.00047903 0.00055033 0.00105204 0.0008992  0.00050187 0.00050271
 0.00092242 0.00094496 0.0008287  0.00096677 0.00139252 0.00046148
 0.00181463 0.00069225 0.00068893 0.00070735 0.00065869 0.00053435
 0.0003715  0.00061819 0.00070946 0.00059208 0.00050919 0.00070311
 0.00073114 0.00087229 0.00078307 0.00061204 0.00055002 0.00091838
 0.00069649 0.00071098 0.00081003 0.00078129 0.00042071 0.00076855
 0.00063256 0.00046378 0.000788   0.00046137 0.00081055 0.00062094
 0.00077674 0.00047758 0.00133064 0.00071404 0.00092591 0.0006896
 0.00056591 0.00090843 0.00078731 0.00048953 0.00039125 0.00094353
 0.00086842 0.00128383 0.00078457 0.00071037 0.00057646 0.00070344
 0.00090023 0.00088443 0.00036479 0.00054691 0.00100191 0.0003604
 0.00062105 0.00109604 0.00090123 0.00089406 0.00050841 0.00065327
 0.00054442 0.00038267 0.00061767 0.00066626 0.00076593 0.00027312
 0.00065536 0.00053439 0.0007269  0.00083667 0.00042997 0.0007282
 0.000705   0.00130584 0.00084333 0.00044821 0.00089855 0.00107899
 0.00046225 0.00076099 0.00084514 0.00112464 0.0008198  0.00051436
 0.00056288 0.00062374 0.00059801 0.00074057 0.00108871 0.00075129
 0.00049345 0.00078651 0.00051572 0.00060401 0.00042609 0.00114914
 0.00058853 0.00043265 0.00107072 0.00073786 0.00049523 0.00089571
 0.00066763 0.00073923 0.0003314  0.00076633 0.00037219 0.00053326
 0.0006923  0.00055683 0.00065298 0.00060768 0.00065257 0.00061483
 0.00092872 0.00066586 0.00082608 0.00105979 0.00185029 0.00050976
 0.00049747 0.00082654 0.00087198 0.00069366 0.00074973 0.00058591
 0.00084721 0.00091668 0.00074667 0.00060832 0.00088586 0.00126831
 0.00028971 0.0006948  0.00061739 0.00063136 0.00084469 0.00055645
 0.00085295 0.00084892 0.0004709  0.0013768  0.00112924 0.00110149
 0.00022067 0.00056369 0.00116188 0.00067688 0.00086497 0.00065642
 0.00062539 0.00082576 0.00073116 0.00102305 0.00070668 0.00126664
 0.00050685 0.0006627  0.00069891 0.00060021 0.00055002 0.0007363
 0.00052564 0.0010088  0.00084354 0.00055189 0.000721   0.00073918
 0.00077388 0.00079197 0.00085079 0.00077809 0.00076114 0.00094003
 0.00093214 0.00076924 0.00099387 0.0005487  0.00109725 0.00083729
 0.00090241 0.00053734 0.000945   0.00084719 0.00073439 0.00139827
 0.00088965 0.00053504 0.00057469 0.00078725 0.00085285 0.00086067
 0.00053374 0.00065185 0.0010117  0.00081113 0.00050983 0.00085279
 0.00086817 0.00135302 0.00040909 0.00127142 0.00121883 0.00079947
 0.00066316 0.00048866 0.00058915 0.00065033 0.00056255 0.00067152
 0.0007786  0.00073028 0.00059559 0.00068906 0.00094904 0.00087537
 0.00053096 0.00035124 0.00064588 0.00037882 0.00051761 0.00109755
 0.00051036 0.00118435 0.00063859 0.00051604 0.00056736 0.00081684
 0.00072667 0.00073933 0.00056141 0.00049396 0.00080799 0.00045558
 0.00080947 0.0006486  0.00061374 0.00078565 0.00087775 0.00094318
 0.00050514 0.00061428 0.00037589 0.00045704 0.00097539 0.00090793
 0.00129746 0.00086643 0.00124043 0.00066207 0.000718   0.0004931
 0.0002235  0.00082257 0.00071282 0.00073179 0.0005518  0.00112125
 0.00051163 0.00061481 0.00067069 0.00049458 0.00084956 0.00053517
 0.00042482 0.00048962 0.00084018 0.000612   0.00082214 0.00060493
 0.00054788 0.00061863 0.00086212 0.00099845 0.00072987 0.00077534
 0.00116664 0.00076582 0.00059135 0.00077373 0.00077311 0.00113531
 0.0006492  0.00068901 0.00074432 0.00065854 0.0006534  0.00091296
 0.00046523 0.00047632 0.0006825  0.0009948  0.00072628 0.00044103
 0.00074421 0.00047431 0.00072091 0.00067164 0.00091422 0.00090639
 0.00121162 0.00074455 0.00099383 0.00044529 0.00101787 0.00073513
 0.00062122 0.00079232 0.00027001 0.00061159 0.00049836 0.00051881
 0.0009201  0.00074415 0.00046782 0.00064177 0.00068923 0.00027089
 0.00100983 0.00087467 0.00074688 0.00055414 0.00059044 0.00080413
 0.00069535 0.00048055 0.00238055 0.00059836 0.00080525 0.00048639
 0.00079    0.00048942 0.00060911 0.00075591 0.00054876 0.00062405
 0.00093453 0.00102802 0.00083822 0.00049298 0.00053265 0.00077986
 0.00035469 0.00134073 0.00103165 0.00057895 0.00065856 0.00065336
 0.00099583 0.00041867 0.00056727 0.00065546 0.00066538 0.0009116
 0.00092391 0.000584   0.00150441 0.00029904 0.00046028 0.00074827
 0.00157996 0.00049431 0.0009242  0.00078816 0.00032052 0.00052134
 0.00072466 0.00065611 0.00138834 0.00058537 0.00093743 0.00035859
 0.00076181 0.0008422  0.00077007 0.00056494 0.0004385  0.00070667
 0.00047585 0.0008148  0.00057486 0.0008224  0.00054356 0.00077874
 0.0009354  0.00070257 0.00204865 0.00044752 0.00062627 0.000763
 0.00099331 0.00115559 0.00041671 0.00082313 0.00027572 0.00073218
 0.00095437 0.00075034 0.00081614 0.00042638 0.00087331 0.00065335
 0.00067317 0.00070905 0.0005596  0.00074056 0.00073612 0.00080732
 0.00040438 0.00048753 0.00042035 0.00070261 0.00062654 0.00070372
 0.00083392 0.00051041 0.00064053 0.0005946  0.00076016 0.00098864
 0.00101723 0.00140448 0.0008302  0.00054562 0.00070437 0.00055319
 0.00032645 0.00068651 0.00071989 0.00063821 0.00071335 0.00236257
 0.00044442 0.00106591 0.00110813 0.00056266 0.00069539 0.00085155
 0.00089721 0.00088575 0.00098633 0.00066173 0.0014847  0.00061894
 0.00049125 0.0009196  0.00040153 0.00072006 0.00131332 0.0004734
 0.00084348 0.00127032 0.00072156 0.00084269 0.00087129 0.00041108
 0.00102836 0.00055298 0.00069683 0.00035779 0.00082009 0.00125999
 0.00055313 0.00066654 0.00089861 0.00061133 0.00050449 0.00142277
 0.00074841 0.00052753 0.00050475 0.0009533  0.00067624 0.00071431
 0.00108305 0.00085817 0.00058706 0.00059389 0.00086664 0.00087337
 0.00069086 0.0005846  0.00061384 0.00113629 0.00107534 0.00057377
 0.00067724 0.00058051 0.00065621 0.00099451 0.00060809 0.0010963
 0.00077108 0.0004492  0.0006271  0.00092619 0.00075332 0.00013052
 0.00059937 0.00096642 0.00059793 0.00080356 0.00091482 0.00056545
 0.00055004 0.00080375 0.00069673 0.00044025 0.0005357  0.00108223
 0.00076338 0.00043799 0.00091484 0.00069873 0.00094558 0.00055431
 0.00056115 0.00123445 0.00078065 0.00076935 0.00092531 0.00060175
 0.0006713  0.00076027 0.00075374 0.00115409 0.00060681 0.000779
 0.00062311 0.00069421 0.00074084 0.00081772 0.00066034 0.00054793
 0.00032474 0.00061967 0.00068284 0.00061446 0.00057396 0.00060078
 0.00055099 0.00108277 0.00026197 0.00080675 0.00067717 0.00055138
 0.00070695 0.00081971 0.00043383 0.00069275 0.00084885 0.00081866
 0.00088107 0.00099034 0.00089566 0.00104189 0.00071549 0.00084488
 0.00075027 0.00069646 0.00061202 0.00078861 0.00086428 0.00069238
 0.0004746  0.00078322 0.0006934  0.0005538  0.00090662 0.00040594
 0.00085817 0.00077022 0.0006357  0.00083801 0.00064559 0.00107772
 0.00072874 0.00101213 0.00048269 0.00042675 0.00098136 0.00054302
 0.00080322 0.00083839 0.0006605  0.00077402 0.00061393 0.00036558
 0.00070152 0.00095824 0.00087919 0.00068518 0.00067082 0.00089938
 0.00063522 0.00088899 0.00071536 0.00063825 0.00053803 0.00063524
 0.00086223 0.00070728 0.0005241  0.0008507  0.00044179 0.00045001
 0.0006965  0.00067092 0.00074109 0.00067387 0.00057461 0.00050468
 0.00079936 0.00084781 0.00085596 0.00055358 0.00145165 0.00142371
 0.00070531 0.00079688 0.00087388 0.00106957 0.00120869 0.00068588
 0.00034549 0.00071937 0.00075445 0.00072337 0.00070751 0.00099999
 0.00155123 0.00068264 0.00185827 0.00032146 0.00054338 0.00083819
 0.00100897 0.00086511 0.00067975 0.00048539 0.00100809 0.00066378
 0.00060442 0.0002874  0.00042598 0.00053942 0.00056343 0.00074096
 0.0010511  0.0005981  0.00083279 0.00062589 0.00050011 0.00178814
 0.00074019 0.00091024 0.00100106 0.00078181 0.0005948  0.00033108
 0.00081453 0.00084055 0.0006566  0.00124886 0.00046773 0.00058531
 0.0012109  0.00108868 0.00060836 0.00060747 0.00043065 0.00067889
 0.00046338 0.0006315  0.00070361 0.00046468 0.0006515  0.00072347
 0.00076222 0.00091873 0.00096303 0.00063839 0.00055515 0.00050805
 0.00050451 0.0014867  0.00071898 0.00084048 0.00080196 0.00070681
 0.00082436 0.00073375 0.001505   0.00132544 0.00078483 0.0006589
 0.00085803 0.00159088 0.00080992 0.00083775 0.00057964 0.00052503
 0.00065827 0.00071307 0.00044571 0.00037541 0.00088237 0.00046493
 0.00077275 0.00079655 0.00050255 0.0009165  0.00042495 0.00068317
 0.00059486 0.00159444 0.00070478 0.00100448 0.00069618 0.00047911
 0.00060016 0.00068951 0.00031185 0.00072528 0.00112924 0.00063118
 0.00067255 0.00093566 0.00058529 0.00073349 0.000866   0.00125589
 0.00076531 0.00079458 0.00124202 0.00128809 0.00047896 0.00108178
 0.00113692 0.00038689 0.00111128 0.00080442 0.00050284 0.00051176
 0.00058134 0.00075745 0.00062131 0.00110022 0.00054485 0.00064773
 0.00066956 0.00086344 0.00063416 0.0005505  0.00066398 0.00102052
 0.00072739 0.00059755 0.00096141 0.00047972 0.00064716 0.00063917
 0.00042593 0.00140993 0.00060671 0.00041304 0.00094299 0.00082481
 0.00046005 0.00074513 0.00076344 0.00086336 0.00050097 0.00079959
 0.00076238 0.00065195 0.00066081 0.00074104 0.00115481 0.00077236
 0.00140901 0.00084836 0.00054889 0.00046803 0.00088814 0.00077425
 0.0009439  0.00058198 0.00055188 0.00098563 0.00041168 0.00096897
 0.00036097 0.00061959 0.00041441 0.0007891  0.0004163  0.000462
 0.00066001 0.00073685 0.00097638 0.00041425 0.00108711 0.00072065
 0.00073563 0.00048727 0.00094049 0.00076542 0.00095652 0.00032933
 0.00101849 0.00101976 0.00033397 0.00091698 0.00109907 0.00056473
 0.0008064  0.00115823 0.00068332 0.00068762]","[0.00000000e+00 0.00000000e+00 0.00000000e+00 2.64562863e-06
 2.95639320e-06 0.00000000e+00 1.98370191e-06 0.00000000e+00
 0.00000000e+00 2.25167556e-05 3.43705600e-06 0.00000000e+00
 0.00000000e+00 0.00000000e+00 0.00000000e+00 0.00000000e+00
 0.00000000e+00 0.00000000e+00 0.00000000e+00 0.00000000e+00
 0.00000000e+00 0.00000000e+00 4.43026759e-06 0.00000000e+00
 1.06103047e-06 1.87681347e-06 1.08768953e-06 0.00000000e+00
 0.00000000e+00 1.34321943e-05 0.00000000e+00 0.00000000e+00
 0.00000000e+00 1.16909839e-05 0.00000000e+00 1.69669823e-05
 0.00000000e+00 0.00000000e+00 9.70064539e-06 7.09440237e-07
 0.00000000e+00 0.00000000e+00 0.00000000e+00 0.00000000e+00
 0.00000000e+00 0.00000000e+00 0.00000000e+00 0.00000000e+00
 0.00000000e+00 0.00000000e+00 0.00000000e+00 0.00000000e+00
 4.38411897e-06 0.00000000e+00 0.00000000e+00 0.00000000e+00
 0.00000000e+00 0.00000000e+00 0.00000000e+00 0.00000000e+00
 0.00000000e+00 0.00000000e+00 0.00000000e+00 1.59876703e-06
 0.00000000e+00 0.00000000e+00 0.00000000e+00 1.54454917e-06
 0.00000000e+00 1.63640946e-06 1.64475848e-06 0.00000000e+00
 0.00000000e+00 0.00000000e+00 0.00000000e+00 0.00000000e+00
 0.00000000e+00 0.00000000e+00 6.91565802e-07 0.00000000e+00
 0.00000000e+00 0.00000000e+00 0.00000000e+00 0.00000000e+00
 0.00000000e+00 4.12622962e-06 0.00000000e+00 0.00000000e+00
 0.00000000e+00 0.00000000e+00 2.02020202e-05 0.00000000e+00
 0.00000000e+00 0.00000000e+00 0.00000000e+00 1.62989621e-06
 6.47500648e-07 0.00000000e+00 3.10227583e-06 0.00000000e+00
 0.00000000e+00 4.36140333e-06 0.00000000e+00 5.14992993e-06
 0.00000000e+00 0.00000000e+00 0.00000000e+00 0.00000000e+00
 0.00000000e+00 0.00000000e+00 0.00000000e+00 0.00000000e+00
 0.00000000e+00 0.00000000e+00 0.00000000e+00 1.65427614e-06
 0.00000000e+00 0.00000000e+00 5.50854108e-06 0.00000000e+00
 0.00000000e+00 1.92620330e-06 0.00000000e+00 0.00000000e+00
 0.00000000e+00 0.00000000e+00 0.00000000e+00 9.74569819e-06
 0.00000000e+00 0.00000000e+00 0.00000000e+00 0.00000000e+00
 1.05218855e-05 0.00000000e+00 0.00000000e+00 0.00000000e+00
 0.00000000e+00 3.18979266e-05 0.00000000e+00 3.27953156e-05
 0.00000000e+00 3.22372663e-06 0.00000000e+00 0.00000000e+00
 0.00000000e+00 0.00000000e+00 0.00000000e+00 0.00000000e+00
 0.00000000e+00 0.00000000e+00 0.00000000e+00 0.00000000e+00
 1.74395893e-06 0.00000000e+00 0.00000000e+00 0.00000000e+00
 9.71001996e-07 0.00000000e+00 0.00000000e+00 0.00000000e+00
 0.00000000e+00 0.00000000e+00 0.00000000e+00 2.69073090e-05
 0.00000000e+00 4.43026759e-06 0.00000000e+00 0.00000000e+00
 0.00000000e+00 0.00000000e+00 1.71785886e-05 0.00000000e+00
 0.00000000e+00 6.69687779e-06 0.00000000e+00 0.00000000e+00
 0.00000000e+00 0.00000000e+00 5.58684187e-06 0.00000000e+00
 1.64457996e-06 0.00000000e+00 0.00000000e+00 0.00000000e+00
 0.00000000e+00 0.00000000e+00 7.21500722e-06 0.00000000e+00
 0.00000000e+00 2.64562863e-06 0.00000000e+00 0.00000000e+00
 0.00000000e+00 0.00000000e+00 0.00000000e+00 6.98516212e-07
 0.00000000e+00 0.00000000e+00 0.00000000e+00 0.00000000e+00
 0.00000000e+00 0.00000000e+00 0.00000000e+00 0.00000000e+00
 0.00000000e+00 0.00000000e+00 0.00000000e+00 2.04971796e-06
 0.00000000e+00 0.00000000e+00 0.00000000e+00 0.00000000e+00
 9.01875902e-06 0.00000000e+00 0.00000000e+00 0.00000000e+00
 0.00000000e+00 0.00000000e+00 0.00000000e+00 0.00000000e+00
 4.14882671e-06 0.00000000e+00 0.00000000e+00 1.97903803e-06
 1.58621390e-06 1.92620330e-06 7.48222970e-06 3.40101350e-06
 1.44231463e-06 0.00000000e+00 0.00000000e+00 0.00000000e+00
 0.00000000e+00 9.71001996e-07 0.00000000e+00 4.59136823e-06
 0.00000000e+00 4.43026759e-06 0.00000000e+00 0.00000000e+00
 0.00000000e+00 0.00000000e+00 0.00000000e+00 0.00000000e+00
 0.00000000e+00 0.00000000e+00 0.00000000e+00 0.00000000e+00
 2.82046075e-06 0.00000000e+00 0.00000000e+00 0.00000000e+00
 0.00000000e+00 9.32975071e-06 2.91375291e-06 0.00000000e+00
 9.62367578e-07 0.00000000e+00 0.00000000e+00 0.00000000e+00
 3.25419140e-06 8.86053518e-06 2.75983883e-06 0.00000000e+00
 0.00000000e+00 0.00000000e+00 0.00000000e+00 0.00000000e+00
 1.32234771e-05 0.00000000e+00 0.00000000e+00 0.00000000e+00
 0.00000000e+00 0.00000000e+00 0.00000000e+00 0.00000000e+00
 0.00000000e+00 0.00000000e+00 0.00000000e+00 0.00000000e+00
 0.00000000e+00 9.76257420e-07 0.00000000e+00 0.00000000e+00
 0.00000000e+00 0.00000000e+00 0.00000000e+00 0.00000000e+00
 0.00000000e+00 6.70985127e-07 0.00000000e+00 0.00000000e+00
 0.00000000e+00 0.00000000e+00 0.00000000e+00 0.00000000e+00
 1.40162027e-05 7.97899349e-06 1.11728598e-06 0.00000000e+00
 0.00000000e+00 0.00000000e+00 0.00000000e+00 0.00000000e+00
 9.60780923e-06 0.00000000e+00 2.73295728e-06 1.58687842e-06
 1.69669823e-05 0.00000000e+00 0.00000000e+00 0.00000000e+00
 0.00000000e+00 4.64200832e-06 0.00000000e+00 1.17892275e-06
 0.00000000e+00 0.00000000e+00 2.39549647e-06 1.61875162e-06
 0.00000000e+00 1.41563130e-05 1.26950274e-06 2.02020202e-05
 0.00000000e+00 3.75781626e-06 0.00000000e+00 0.00000000e+00
 1.14351058e-05 0.00000000e+00 0.00000000e+00 0.00000000e+00
 6.57275514e-07 0.00000000e+00 6.14915388e-06 0.00000000e+00
 0.00000000e+00 0.00000000e+00 0.00000000e+00 0.00000000e+00
 0.00000000e+00 3.93545848e-06 0.00000000e+00 2.02443327e-05
 3.20328016e-06 1.57254957e-06 1.03071532e-05 1.45463855e-06
 0.00000000e+00 0.00000000e+00 1.10192837e-05 1.10853930e-06
 2.59933353e-06 2.57678829e-06 0.00000000e+00 0.00000000e+00
 0.00000000e+00 0.00000000e+00 2.28283034e-05 0.00000000e+00
 0.00000000e+00 0.00000000e+00 0.00000000e+00 6.79105157e-07
 0.00000000e+00 0.00000000e+00 1.71474821e-06 0.00000000e+00
 0.00000000e+00 0.00000000e+00 6.74041867e-06 0.00000000e+00
 0.00000000e+00 0.00000000e+00 0.00000000e+00 0.00000000e+00
 0.00000000e+00 0.00000000e+00 0.00000000e+00 3.44352617e-06
 0.00000000e+00 1.44990576e-05 8.91265597e-06 0.00000000e+00
 5.53783449e-06 0.00000000e+00 0.00000000e+00 6.75803530e-06
 0.00000000e+00 5.86132114e-06 0.00000000e+00 0.00000000e+00
 5.88179936e-06 0.00000000e+00 0.00000000e+00 0.00000000e+00
 0.00000000e+00 0.00000000e+00 0.00000000e+00 0.00000000e+00
 0.00000000e+00 0.00000000e+00 2.50025003e-06 0.00000000e+00
 1.19566881e-06 0.00000000e+00 0.00000000e+00 0.00000000e+00
 0.00000000e+00 0.00000000e+00 6.01250601e-06 0.00000000e+00
 0.00000000e+00 0.00000000e+00 0.00000000e+00 6.17647676e-07
 0.00000000e+00 1.85453062e-05 1.31157835e-05 0.00000000e+00
 9.14946567e-06 0.00000000e+00 0.00000000e+00 0.00000000e+00
 0.00000000e+00 0.00000000e+00 1.69026273e-06 0.00000000e+00
 0.00000000e+00 9.62367578e-07 2.68851895e-06 0.00000000e+00
 0.00000000e+00 6.61233968e-07 0.00000000e+00 0.00000000e+00
 0.00000000e+00 0.00000000e+00 0.00000000e+00 0.00000000e+00
 0.00000000e+00 0.00000000e+00 0.00000000e+00 9.01339390e-07
 0.00000000e+00 0.00000000e+00 0.00000000e+00 0.00000000e+00
 0.00000000e+00 0.00000000e+00 0.00000000e+00 0.00000000e+00
 0.00000000e+00 0.00000000e+00 0.00000000e+00 0.00000000e+00
 1.29031134e-05 0.00000000e+00 0.00000000e+00 0.00000000e+00
 1.69669823e-05 1.11162987e-05 0.00000000e+00 1.06080761e-06
 9.51728339e-07 0.00000000e+00 1.56024252e-06 1.59288427e-06
 0.00000000e+00 1.07123269e-06 7.31957254e-06 0.00000000e+00
 0.00000000e+00 0.00000000e+00 0.00000000e+00 0.00000000e+00
 4.25126688e-06 0.00000000e+00 0.00000000e+00 0.00000000e+00
 0.00000000e+00 0.00000000e+00 0.00000000e+00 0.00000000e+00
 0.00000000e+00 0.00000000e+00 0.00000000e+00 0.00000000e+00
 0.00000000e+00 0.00000000e+00 0.00000000e+00 0.00000000e+00
 0.00000000e+00 0.00000000e+00 0.00000000e+00 0.00000000e+00
 0.00000000e+00 0.00000000e+00 0.00000000e+00 0.00000000e+00
 0.00000000e+00 0.00000000e+00 0.00000000e+00 0.00000000e+00
 3.38203463e-06 0.00000000e+00 0.00000000e+00 0.00000000e+00
 0.00000000e+00 0.00000000e+00 9.45846504e-07 0.00000000e+00
 0.00000000e+00 1.66979611e-05 0.00000000e+00 0.00000000e+00
 0.00000000e+00 0.00000000e+00 0.00000000e+00 0.00000000e+00
 0.00000000e+00 2.65257618e-06 3.17442178e-06 0.00000000e+00
 0.00000000e+00 0.00000000e+00 0.00000000e+00 3.35804857e-06
 6.54041058e-07 0.00000000e+00 0.00000000e+00 0.00000000e+00
 0.00000000e+00 0.00000000e+00 6.57275514e-07 0.00000000e+00
 0.00000000e+00 0.00000000e+00 0.00000000e+00 0.00000000e+00
 1.52123646e-06 0.00000000e+00 0.00000000e+00 6.67085596e-07
 0.00000000e+00 0.00000000e+00 0.00000000e+00 0.00000000e+00
 9.29411757e-06 1.72215448e-06 0.00000000e+00 0.00000000e+00
 0.00000000e+00 6.00583286e-07 1.70625171e-06 0.00000000e+00
 2.79187676e-06 3.01163092e-06 0.00000000e+00 0.00000000e+00
 0.00000000e+00 7.99130546e-06 0.00000000e+00 0.00000000e+00
 0.00000000e+00 0.00000000e+00 0.00000000e+00 0.00000000e+00
 0.00000000e+00 0.00000000e+00 0.00000000e+00 0.00000000e+00
 0.00000000e+00 0.00000000e+00 0.00000000e+00 0.00000000e+00
 0.00000000e+00 0.00000000e+00 0.00000000e+00 0.00000000e+00
 0.00000000e+00 0.00000000e+00 1.36647864e-06 1.69669823e-05
 0.00000000e+00 0.00000000e+00 1.46817007e-05 0.00000000e+00
 0.00000000e+00 0.00000000e+00 0.00000000e+00 0.00000000e+00
 0.00000000e+00 0.00000000e+00 0.00000000e+00 0.00000000e+00
 1.70050675e-06 9.17661871e-07 9.30625585e-07 2.91375291e-06
 8.98601116e-06 1.62500163e-06 8.78348704e-06 0.00000000e+00
 0.00000000e+00 0.00000000e+00 0.00000000e+00 0.00000000e+00
 0.00000000e+00 0.00000000e+00 4.87681043e-06 0.00000000e+00
 0.00000000e+00 1.06034505e-05 0.00000000e+00 0.00000000e+00
 0.00000000e+00 0.00000000e+00 3.14607873e-06 1.63640946e-06
 0.00000000e+00 1.58223842e-06 1.64457996e-06 0.00000000e+00
 0.00000000e+00 7.30193501e-06 0.00000000e+00 0.00000000e+00
 3.96743401e-06 0.00000000e+00 0.00000000e+00 1.42609833e-05
 2.45966155e-06 0.00000000e+00 0.00000000e+00 0.00000000e+00
 0.00000000e+00 0.00000000e+00 0.00000000e+00 0.00000000e+00
 0.00000000e+00 7.66001777e-06 0.00000000e+00 4.18781513e-06
 0.00000000e+00 0.00000000e+00 3.14086135e-06 1.46931189e-05
 5.02537816e-06 0.00000000e+00 0.00000000e+00 0.00000000e+00
 0.00000000e+00 3.80309115e-06 9.01875902e-06 4.57270713e-06
 0.00000000e+00 0.00000000e+00 0.00000000e+00 0.00000000e+00
 0.00000000e+00 0.00000000e+00 0.00000000e+00 2.12105748e-05
 6.94768670e-07 0.00000000e+00 0.00000000e+00 0.00000000e+00
 0.00000000e+00 6.79379210e-07 0.00000000e+00 0.00000000e+00
 0.00000000e+00 0.00000000e+00 0.00000000e+00 2.07469741e-06
 0.00000000e+00 0.00000000e+00 0.00000000e+00 0.00000000e+00
 0.00000000e+00 0.00000000e+00 0.00000000e+00 0.00000000e+00
 0.00000000e+00 5.96986413e-06 0.00000000e+00 0.00000000e+00
 1.90945371e-06 0.00000000e+00 3.17442178e-06 1.52123646e-06
 0.00000000e+00 2.83948935e-06 0.00000000e+00 0.00000000e+00
 0.00000000e+00 2.37335764e-06 0.00000000e+00 3.94552359e-06
 0.00000000e+00 1.97903803e-06 0.00000000e+00 0.00000000e+00
 0.00000000e+00 2.79961477e-06 9.60780923e-06 8.33932722e-06
 1.70913876e-06 1.87681347e-06 0.00000000e+00 1.64654588e-06
 0.00000000e+00 0.00000000e+00 0.00000000e+00 0.00000000e+00
 0.00000000e+00 0.00000000e+00 0.00000000e+00 5.25911668e-06
 0.00000000e+00 0.00000000e+00 0.00000000e+00 0.00000000e+00
 0.00000000e+00 3.17242780e-06 0.00000000e+00 0.00000000e+00
 0.00000000e+00 5.73921028e-06 0.00000000e+00 1.14784206e-05
 0.00000000e+00 0.00000000e+00 0.00000000e+00 1.60673543e-06
 0.00000000e+00 0.00000000e+00 0.00000000e+00 0.00000000e+00
 0.00000000e+00 0.00000000e+00 0.00000000e+00 0.00000000e+00
 0.00000000e+00 0.00000000e+00 0.00000000e+00 0.00000000e+00
 0.00000000e+00 0.00000000e+00 0.00000000e+00 0.00000000e+00
 4.05663056e-06 0.00000000e+00 0.00000000e+00 0.00000000e+00
 0.00000000e+00 1.26262626e-05 0.00000000e+00 0.00000000e+00
 0.00000000e+00 0.00000000e+00 0.00000000e+00 1.05328469e-05
 0.00000000e+00 0.00000000e+00 0.00000000e+00 1.61547235e-06
 0.00000000e+00 6.13744690e-07 0.00000000e+00 2.89229504e-05
 0.00000000e+00 8.86053518e-06 0.00000000e+00 0.00000000e+00
 0.00000000e+00 9.14946567e-06 0.00000000e+00 0.00000000e+00
 0.00000000e+00 1.47675586e-05 0.00000000e+00 0.00000000e+00
 0.00000000e+00 0.00000000e+00 0.00000000e+00 0.00000000e+00
 0.00000000e+00 0.00000000e+00 0.00000000e+00 0.00000000e+00
 1.94324935e-06 0.00000000e+00 0.00000000e+00 0.00000000e+00
 1.66135035e-06 1.61875162e-06 0.00000000e+00 0.00000000e+00
 8.06875873e-07 0.00000000e+00 0.00000000e+00 0.00000000e+00
 2.58337854e-06 5.67983024e-07 0.00000000e+00 4.57473284e-06
 6.37153707e-06 1.75303889e-06 5.73921028e-06 0.00000000e+00
 4.35388366e-06 0.00000000e+00 0.00000000e+00 0.00000000e+00
 0.00000000e+00 5.46000546e-06 0.00000000e+00 0.00000000e+00
 0.00000000e+00 0.00000000e+00 0.00000000e+00 0.00000000e+00
 0.00000000e+00 0.00000000e+00 0.00000000e+00 0.00000000e+00
 5.63672439e-06 0.00000000e+00 0.00000000e+00 0.00000000e+00
 5.26094276e-06 4.19477164e-06 4.33892186e-06 0.00000000e+00
 0.00000000e+00 0.00000000e+00 0.00000000e+00 0.00000000e+00
 0.00000000e+00 0.00000000e+00 0.00000000e+00 0.00000000e+00
 0.00000000e+00 0.00000000e+00 0.00000000e+00 4.89095861e-06
 0.00000000e+00 0.00000000e+00 0.00000000e+00 0.00000000e+00
 0.00000000e+00 0.00000000e+00 0.00000000e+00 0.00000000e+00
 0.00000000e+00 7.55460468e-07 0.00000000e+00 1.39465346e-06
 0.00000000e+00 7.42721331e-06 0.00000000e+00 0.00000000e+00
 0.00000000e+00 0.00000000e+00 0.00000000e+00 0.00000000e+00
 1.57828283e-06 0.00000000e+00 0.00000000e+00 0.00000000e+00
 9.81315748e-07 4.08616913e-06 3.25979242e-06 0.00000000e+00
 0.00000000e+00 0.00000000e+00 1.40944327e-05 0.00000000e+00
 1.77709537e-06 0.00000000e+00 0.00000000e+00 0.00000000e+00
 0.00000000e+00 0.00000000e+00 0.00000000e+00 0.00000000e+00
 0.00000000e+00 0.00000000e+00 0.00000000e+00 5.97080515e-07
 0.00000000e+00 1.74315637e-06 0.00000000e+00 5.76925851e-06
 0.00000000e+00 0.00000000e+00 0.00000000e+00 0.00000000e+00
 0.00000000e+00 0.00000000e+00 0.00000000e+00 0.00000000e+00
 1.62082961e-06 0.00000000e+00 0.00000000e+00 1.60503338e-06
 0.00000000e+00 0.00000000e+00 4.39939464e-06 1.44630729e-06
 0.00000000e+00 0.00000000e+00 5.21131633e-06 5.06433458e-06
 0.00000000e+00 1.92620330e-06 0.00000000e+00 0.00000000e+00
 0.00000000e+00 0.00000000e+00 0.00000000e+00 2.65257618e-06
 0.00000000e+00 0.00000000e+00 0.00000000e+00 6.73280979e-07
 6.87611307e-07 0.00000000e+00 0.00000000e+00 1.05218855e-05
 0.00000000e+00 0.00000000e+00 9.62367578e-07 5.07506254e-06
 0.00000000e+00 0.00000000e+00 0.00000000e+00 0.00000000e+00
 0.00000000e+00 1.41377151e-05 0.00000000e+00 0.00000000e+00
 0.00000000e+00 7.66001777e-06 0.00000000e+00 0.00000000e+00
 0.00000000e+00 0.00000000e+00 0.00000000e+00 6.52239137e-07
 0.00000000e+00 9.19276493e-07 8.90112303e-06 0.00000000e+00
 1.42736836e-06 0.00000000e+00 3.50946036e-05 2.82783038e-06
 0.00000000e+00 0.00000000e+00 0.00000000e+00 0.00000000e+00
 0.00000000e+00 0.00000000e+00 4.25126688e-06 1.58223842e-06
 0.00000000e+00 3.20666987e-06 0.00000000e+00 8.81937112e-06
 0.00000000e+00 1.44231463e-06 0.00000000e+00 0.00000000e+00
 0.00000000e+00 0.00000000e+00 0.00000000e+00 3.40101350e-06
 0.00000000e+00 0.00000000e+00 1.60673543e-06 0.00000000e+00
 6.29215745e-06 0.00000000e+00 0.00000000e+00 1.24253856e-06
 0.00000000e+00 0.00000000e+00 3.50729517e-06 0.00000000e+00
 4.67206758e-06 0.00000000e+00 4.39174352e-06 6.07981829e-07
 1.18398962e-06 4.62260829e-06 0.00000000e+00 0.00000000e+00]",0.015593665488640038,5.0465919453946545e-05,0.0,0.0
C0023470,Myeloid Leukemia,17,"[0.00098918 0.00073775 0.00099601 0.00099489 0.00080897 0.00100904
 0.0010339  0.001062   0.00100601 0.00069454 0.00091012 0.0011521
 0.00101761 0.00093521 0.00089469 0.00096155 0.00127888 0.00092661
 0.0008937  0.00083991 0.00125551 0.00105984 0.00107286 0.00091881
 0.00080136 0.00122754 0.00081926 0.00077521 0.00106248 0.00153643
 0.00109657 0.00097891 0.00115459 0.0015568  0.00079839 0.00092276
 0.00131892 0.00119761 0.00133705 0.0009451  0.00115583 0.00139063
 0.00105155 0.00104285 0.00096842 0.00108989 0.00139604 0.0010806
 0.00103074 0.00103665 0.00107552 0.00105303 0.00096812 0.00087704
 0.0009427  0.00110369 0.00090736 0.00108949 0.00100505 0.00106392
 0.00086514 0.00151993 0.00100372 0.00101589 0.00118595 0.00094117
 0.00134386 0.00101121 0.00134478 0.00164321 0.00088383 0.00118014
 0.00112836 0.00077682 0.00140544 0.00058988 0.00099577 0.00146925
 0.00106132 0.00204114 0.00116993 0.00072536 0.00112201 0.00105141
 0.00097669 0.00100126 0.00133596 0.00172933 0.00107584 0.00111425
 0.00093762 0.00188896 0.00111469 0.00114425 0.00100042 0.00117014
 0.00122278 0.00079817 0.0010368  0.0015167  0.0008676  0.00096447
 0.00121935 0.0011616  0.00066337 0.00137587 0.00113783 0.00121007
 0.00102721 0.00102177 0.00116139 0.00099019 0.00096495 0.00089072
 0.00098422 0.00092809 0.00097199 0.00169311 0.00163563 0.00142052
 0.00128063 0.00116726 0.00112657 0.00108114 0.00141457 0.00111965
 0.00109853 0.00151806 0.00134973 0.00095549 0.00139027 0.00102011
 0.00096    0.00151313 0.00099738 0.00115272 0.00112042 0.00112062
 0.0009787  0.00104984 0.00145439 0.00132308 0.00101721 0.0007545
 0.00127059 0.00099407 0.00119327 0.00090997 0.00084576 0.00085033
 0.00107185 0.00079979 0.00118542 0.00155522 0.00120465 0.00106503
 0.00098311 0.00109195 0.00115969 0.00120222 0.0008311  0.00091031
 0.00119778 0.0011036  0.00209002 0.00118995 0.00111595 0.00111026
 0.00095684 0.00090274 0.00101046 0.00102305 0.00117116 0.00095226
 0.00089234 0.00123155 0.00145258 0.00121002 0.00141348 0.00125101
 0.00126359 0.00080516 0.00096887 0.00113808 0.00084157 0.00204803
 0.00140482 0.00104204 0.00088884 0.00118198 0.00094047 0.00142342
 0.00137591 0.00135376 0.00095058 0.00164853 0.00106166 0.00093263
 0.00122543 0.00133053 0.00141681 0.00128044 0.00076454 0.00137466
 0.00127515 0.00097164 0.00109563 0.00108479 0.00106734 0.00126853
 0.00083811 0.00116826 0.0013453  0.00144003 0.000984   0.00127668
 0.00132011 0.00101974 0.00099339 0.00135428 0.00130845 0.0011142
 0.00100681 0.00135881 0.00086516 0.00117632 0.00101112 0.00134979
 0.0011896  0.00116633 0.00099645 0.00162316 0.00112371 0.00078567
 0.00124128 0.00117934 0.00072672 0.00124956 0.0012519  0.00104624
 0.00085305 0.00092105 0.0009746  0.00073306 0.00087083 0.00128202
 0.00079132 0.00116931 0.0013444  0.00114418 0.00103957 0.00111714
 0.00125232 0.00093812 0.00117967 0.00085886 0.00117151 0.00079604
 0.00099896 0.00079812 0.00080307 0.00109279 0.0011474  0.00103756
 0.00085411 0.00082202 0.00113356 0.00120893 0.00128004 0.00096344
 0.00114782 0.00106229 0.00112252 0.00137973 0.00133415 0.00120184
 0.00083499 0.00126281 0.00112353 0.00159914 0.00107162 0.00113218
 0.00119668 0.0010636  0.00100279 0.00091484 0.00091086 0.00085649
 0.00113805 0.00097185 0.00106584 0.00115495 0.00125392 0.00133072
 0.00106468 0.00099584 0.00095484 0.00149717 0.00110772 0.00111528
 0.0009498  0.00088917 0.00081201 0.00110828 0.00090466 0.00122861
 0.00086181 0.00106829 0.00084809 0.00129742 0.00104155 0.00143647
 0.00098135 0.00074189 0.00103524 0.00157984 0.00094867 0.00139573
 0.00146347 0.00104149 0.00117335 0.00143501 0.00113903 0.00092855
 0.00117356 0.00123688 0.00090928 0.0010352  0.00091007 0.0009873
 0.00099797 0.00116254 0.00114539 0.00117437 0.0009049  0.00082837
 0.00120789 0.00131399 0.00125359 0.00129533 0.00122935 0.00125356
 0.00113419 0.00105283 0.00107786 0.00121223 0.00084396 0.00116301
 0.00088183 0.00114743 0.00108822 0.00108036 0.00120626 0.00103716
 0.00128766 0.00126088 0.00116077 0.00165495 0.00152742 0.00091257
 0.00080336 0.00088847 0.00123808 0.00124888 0.00095175 0.00119453
 0.00108958 0.00110824 0.00113398 0.00083625 0.00132064 0.00108983
 0.00118534 0.00180593 0.00118087 0.00085086 0.00152959 0.00094616
 0.00135626 0.00168089 0.00091554 0.0012721  0.00079539 0.00130687
 0.00182289 0.00161946 0.00115169 0.00109155 0.00143151 0.00087512
 0.0008543  0.00058007 0.00094013 0.00070194 0.00097572 0.00068503
 0.00109018 0.0007156  0.00102083 0.00113586 0.00087404 0.00088357
 0.00113888 0.00130812 0.00122007 0.00121212 0.00118824 0.00130333
 0.00112406 0.00094369 0.00095574 0.00091059 0.00086662 0.00078328
 0.00084233 0.00094489 0.00127763 0.00109871 0.00107293 0.00111667
 0.00102674 0.00134824 0.00159297 0.00102813 0.00101739 0.00145508
 0.00103153 0.00086421 0.00091224 0.00122231 0.00084989 0.00149232
 0.00127318 0.00092472 0.00099379 0.000971   0.00102897 0.00075241
 0.00147558 0.00114922 0.00107838 0.00094498 0.00148693 0.00110726
 0.00111249 0.00104318 0.00098493 0.00093256 0.0011409  0.00090155
 0.0007564  0.00096522 0.00164109 0.00100045 0.0009553  0.00098063
 0.00132696 0.00103991 0.00092711 0.00120064 0.00100914 0.00091847
 0.00106274 0.0017737  0.00142376 0.00103608 0.00098793 0.00062518
 0.00101935 0.00108756 0.00096354 0.00136182 0.00130902 0.00065689
 0.00087491 0.000941   0.0015367  0.00090569 0.00100315 0.0007777
 0.0011288  0.00100749 0.00092561 0.00110794 0.0007587  0.00095831
 0.00117433 0.00071643 0.00092116 0.00096882 0.00106397 0.0013641
 0.00118742 0.00080694 0.00089632 0.00142897 0.00095074 0.00093151
 0.00136312 0.00120018 0.00053884 0.00108936 0.00108664 0.00125929
 0.00081247 0.00119582 0.00103127 0.00076809 0.00095106 0.00154922
 0.00097419 0.00102098 0.00097182 0.00083007 0.001109   0.0010558
 0.00092332 0.00092044 0.00124212 0.00098912 0.00106542 0.00098365
 0.00080429 0.00114648 0.0008645  0.00108245 0.00132399 0.00101597
 0.00124239 0.00091803 0.00101702 0.00077035 0.00136521 0.00127292
 0.00081166 0.00120998 0.00103814 0.00141196 0.00083306 0.00145587
 0.00111466 0.00132029 0.00120224 0.00084499 0.00122115 0.00083476
 0.00138381 0.00093474 0.00102338 0.00108053 0.00096799 0.00125538
 0.00095496 0.00111821 0.00120735 0.00136842 0.00114762 0.00136082
 0.00079705 0.00089348 0.00101515 0.00131062 0.00065716 0.00189346
 0.00107456 0.00095651 0.00179366 0.00169383 0.00125309 0.00072334
 0.00161944 0.00117826 0.0009222  0.00087761 0.00088416 0.0010899
 0.00086854 0.00108829 0.001439   0.00114137 0.00091834 0.00101178
 0.00082889 0.00087276 0.00091626 0.00122065 0.00173964 0.00120236
 0.00132953 0.00099171 0.00098329 0.0011169  0.00094172 0.00093811
 0.0009466  0.00137721 0.00111454 0.00132667 0.00131294 0.00096179
 0.0016115  0.00090715 0.00084681 0.00123485 0.00127119 0.0012537
 0.00103216 0.00108176 0.00092123 0.00088565 0.00119127 0.00119295
 0.00133414 0.00117623 0.00085767 0.00080744 0.00104067 0.00116486
 0.00086936 0.00084154 0.00099251 0.00124937 0.00104482 0.00108691
 0.0014958  0.00112684 0.00082987 0.00084081 0.00084949 0.00094675
 0.00089676 0.00113981 0.00108263 0.00089268 0.00092649 0.00100641
 0.0008378  0.00108532 0.00125676 0.00131981 0.00096199 0.00093931
 0.001071   0.00148499 0.00135049 0.00127611 0.00122077 0.00099478
 0.00123459 0.00082014 0.00097221 0.00098642 0.0011883  0.0008664
 0.00155191 0.00100016 0.00112008 0.00077708 0.00068341 0.00084955
 0.00100507 0.00084155 0.0014727  0.00109059 0.00134761 0.00147029
 0.0009429  0.00104148 0.0010009  0.00109764 0.00129145 0.00142642
 0.00133624 0.00095371 0.00136721 0.00094645 0.00135416 0.00077108
 0.0010919  0.00122506 0.00072649 0.00175101 0.00107917 0.00118787
 0.00086424 0.00113206 0.00092048 0.00118517 0.00108129 0.00116955
 0.00063716 0.00084892 0.00083891 0.0017452  0.00086358 0.00071561
 0.00095394 0.00121487 0.00072255 0.00149187 0.00118583 0.00136379
 0.00095543 0.0007698  0.00124053 0.00103063 0.00094196 0.00144286
 0.00086497 0.00086447 0.00091051 0.00111038 0.00086262 0.00150442
 0.00135166 0.00091864 0.00158731 0.00142473 0.00134154 0.00107939
 0.00114685 0.00055936 0.00122591 0.0007613  0.0009252  0.00098567
 0.00135238 0.00066938 0.00138925 0.00086423 0.00095316 0.0009029
 0.00145987 0.00131076 0.00105752 0.00112733 0.00079045 0.0012972
 0.00129975 0.00093244 0.00090415 0.00131633 0.00142942 0.00104503
 0.00121146 0.00111654 0.00130207 0.00098821 0.00109783 0.00102397
 0.0009625  0.00127518 0.00083971 0.00098416 0.00112395 0.0011421
 0.00105433 0.00124845 0.00168209 0.00088641 0.00136333 0.00114589
 0.00116871 0.00102485 0.00138684 0.00117316 0.00087218 0.0010569
 0.00121159 0.00130518 0.00072605 0.00113348 0.00133204 0.00093691
 0.00170301 0.00140047 0.00133964 0.00120031 0.00106999 0.00110323
 0.00085892 0.00121257 0.00125288 0.00080667 0.00109645 0.00103238
 0.00079785 0.00104472 0.00142004 0.00123447 0.00126393 0.00100916
 0.00157784 0.00094774 0.00141878 0.00137535 0.00135847 0.00126116
 0.00089573 0.00097307 0.00090066 0.00093345 0.00074275 0.00095586
 0.00079296 0.00079608 0.0007996  0.00089334 0.00135521 0.00097745
 0.00097163 0.00151222 0.00124692 0.00101395 0.0008859  0.00117313
 0.00120643 0.00104968 0.00102962 0.00074944 0.00120474 0.00110518
 0.00100971 0.00120198 0.0010772  0.00117682 0.00118036 0.00218627
 0.00103636 0.00120546 0.00092708 0.00106839 0.00083846 0.00145304
 0.00118049 0.00122326 0.00126853 0.00099428 0.00134424 0.00178881
 0.00140203 0.00125368 0.00123326 0.00125498 0.00133853 0.00108582
 0.00094194 0.0010289  0.00092158 0.00130595 0.00080882 0.00105083
 0.00115397 0.00113139 0.00088329 0.00122278 0.0016211  0.00112688
 0.00098391 0.00113564 0.00135678 0.0010485  0.00082708 0.00085043
 0.000912   0.00202779 0.00125496 0.00095268 0.00129789 0.00065653
 0.00109127 0.00114576 0.00106382 0.00140101 0.00114678 0.0011775
 0.00163882 0.00141741 0.00107701 0.00136965 0.00136918 0.00124824
 0.00086037 0.00170879 0.00088969 0.00134497 0.00149672 0.00105459
 0.00140476 0.00117638 0.0011003  0.00097795 0.0011103  0.00090664
 0.0010692  0.00154219 0.00090551 0.00125253 0.00087318 0.00078083
 0.00091743 0.00118571 0.0006916  0.00085455 0.00081817 0.00099247
 0.00082639 0.00155217 0.00077106 0.0010059  0.00115372 0.00097548
 0.00103297 0.00120616 0.0011126  0.00119761 0.00104419 0.00108983
 0.0012922  0.00157612 0.00130919 0.00104936 0.00112    0.00086879
 0.00092204 0.00092256 0.00085025 0.00117932 0.00095847 0.0008587
 0.00118435 0.00199249 0.00108731 0.00109033 0.0010135  0.00105673
 0.00111074 0.00140004 0.00116753 0.00091352 0.00081054 0.00142255
 0.00154744 0.00131339 0.00125173 0.00139395 0.00156446 0.00119118
 0.00131256 0.00094232 0.00084334 0.00080178 0.00124131 0.00110332
 0.00137653 0.00083173 0.0009848  0.00115544 0.00144437 0.0009244
 0.0008835  0.00146084 0.00076125 0.00120027 0.00110414 0.00110113
 0.00112587 0.00105347 0.00221535 0.00096442 0.00104723 0.00116984
 0.00082716 0.0010257  0.00084082 0.00088787 0.00122342 0.00078273
 0.00093277 0.00106036 0.00101548 0.00118569 0.00132221 0.00133554
 0.00112549 0.00184126 0.00077966 0.00140468 0.00140541 0.00094296
 0.00110524 0.00096904 0.00099731 0.00098143 0.0011857  0.00091315
 0.00136019 0.00070382 0.00108407 0.00076014]","[1.40411678e-06 3.68394694e-07 2.52933800e-06 6.52712067e-07
 0.00000000e+00 1.66741867e-07 2.21278058e-05 3.76840713e-07
 2.28583906e-07 9.99380384e-06 1.95910386e-06 3.00835299e-07
 4.52582192e-07 0.00000000e+00 2.42647301e-07 2.15054873e-07
 7.19385530e-07 1.23171033e-07 0.00000000e+00 3.01106404e-06
 3.74918127e-07 1.27555576e-07 1.12036116e-06 1.29843807e-07
 0.00000000e+00 7.71396879e-07 4.87529281e-06 0.00000000e+00
 1.81655023e-07 1.87362675e-06 1.20278758e-06 8.58790674e-07
 1.70508504e-06 1.58094275e-06 0.00000000e+00 1.83387983e-06
 4.10755889e-07 2.37041588e-07 1.24640876e-06 1.44792816e-06
 1.68087178e-06 6.58147722e-07 6.88306045e-08 1.27982888e-06
 1.08390509e-05 1.62862927e-06 5.72840261e-07 0.00000000e+00
 3.37619346e-06 1.34301721e-06 5.24987153e-06 1.21015899e-07
 5.75878133e-07 4.00560625e-07 1.65718755e-06 2.94095444e-06
 2.14965049e-06 1.67566920e-07 1.59141654e-06 4.40522207e-07
 2.12620290e-06 2.07095935e-07 3.53925798e-07 1.91134578e-06
 3.12323013e-06 2.06588519e-07 1.01942925e-06 0.00000000e+00
 2.07322620e-06 6.86361678e-08 3.57949993e-06 1.27034941e-07
 1.09584490e-07 2.44660560e-07 2.22838335e-06 0.00000000e+00
 4.44603079e-07 7.06482378e-07 0.00000000e+00 1.98768160e-06
 6.81630222e-08 1.59397808e-07 1.61353714e-07 1.12747071e-06
 0.00000000e+00 6.10215167e-07 4.42129661e-07 1.87598958e-07
 3.66986838e-06 3.70749771e-07 1.75740037e-07 1.19904849e-06
 9.34561272e-08 6.27014743e-07 1.65651554e-07 9.42885995e-07
 1.72229774e-07 1.01657956e-05 4.04477239e-07 4.09616815e-06
 2.77598427e-07 1.58550996e-07 1.23071993e-06 4.98546736e-08
 0.00000000e+00 6.36751792e-07 4.76103417e-07 3.72345600e-07
 2.52973251e-06 6.09924199e-08 2.06233362e-07 3.63512109e-07
 2.24072124e-06 8.19041067e-07 2.27226662e-07 1.51260072e-06
 5.50545203e-07 3.76023650e-06 5.72391513e-07 2.75300202e-06
 2.58524389e-06 4.15550705e-08 8.48517690e-07 6.46809684e-07
 7.90332470e-07 3.75323079e-06 6.95431814e-07 8.65710142e-07
 9.27112669e-07 8.53737819e-07 7.19300964e-07 2.01340222e-06
 6.88400290e-08 1.08834138e-06 8.01563369e-07 1.39631066e-06
 1.59920424e-07 3.48368354e-07 2.08416700e-06 2.32954059e-06
 4.58810568e-06 7.90674288e-07 7.51258358e-08 0.00000000e+00
 1.75105264e-06 2.27405271e-06 3.58068170e-06 1.22754634e-07
 3.82219164e-07 3.15807292e-07 7.51677389e-07 1.22671691e-06
 3.25991564e-07 1.18532653e-06 1.67915623e-07 0.00000000e+00
 1.01973691e-06 6.01447307e-07 2.25460365e-06 1.41337982e-06
 1.31344152e-07 3.02580013e-06 1.23739479e-06 7.19105260e-08
 1.91222691e-07 0.00000000e+00 3.82456922e-06 2.39457875e-07
 1.33961299e-06 0.00000000e+00 6.71656160e-07 0.00000000e+00
 2.48823510e-06 1.79107806e-06 9.28667006e-07 9.48255769e-08
 6.72796380e-08 5.62434231e-07 2.73545546e-06 6.13254866e-08
 5.18959289e-07 7.26216412e-08 2.07812138e-06 5.13999254e-07
 1.40870865e-06 5.32418054e-07 6.34984929e-07 5.63057071e-06
 1.87453687e-07 1.51295086e-07 6.41582169e-07 6.59717781e-07
 7.25733540e-07 1.59002280e-07 0.00000000e+00 3.39300907e-07
 8.74125725e-07 1.83079768e-07 1.91080257e-06 4.44963631e-06
 5.60816209e-07 2.70254173e-06 9.81801193e-07 4.26605341e-07
 1.75308999e-05 1.06228060e-06 0.00000000e+00 8.50791142e-08
 3.05132946e-07 0.00000000e+00 3.97563729e-07 9.10205616e-07
 1.60787236e-06 7.14153634e-07 8.33241677e-07 7.09445523e-07
 1.27517400e-06 4.06657250e-07 1.06866379e-07 1.50564053e-06
 3.97438054e-07 1.65049185e-06 1.21557330e-06 1.24698510e-07
 5.57697444e-07 9.17601547e-07 6.84925185e-07 9.85304911e-07
 3.01985400e-06 9.13479764e-08 0.00000000e+00 2.72852864e-06
 0.00000000e+00 0.00000000e+00 8.37104910e-08 1.42991992e-06
 2.24834803e-07 6.40026215e-08 1.08842461e-06 1.03851593e-06
 3.13024316e-06 0.00000000e+00 4.93819577e-07 1.09851553e-07
 4.38889854e-07 8.98017053e-08 4.06686315e-06 3.13024316e-07
 1.68848271e-07 3.58979937e-07 5.80359566e-07 2.31547871e-07
 0.00000000e+00 0.00000000e+00 1.90622789e-07 5.22227207e-07
 1.10764226e-06 9.10806537e-07 1.52572886e-06 1.31555467e-06
 3.56671710e-07 6.28450848e-07 3.74638755e-07 4.98554342e-07
 1.27855002e-06 0.00000000e+00 7.51611476e-07 1.92827665e-06
 1.84429012e-06 6.33467342e-05 2.37842006e-07 1.52044751e-07
 1.64973517e-07 6.30669920e-08 4.67925396e-07 1.45693313e-07
 1.20631562e-06 8.45785790e-07 4.97468801e-07 5.73328747e-08
 5.67963674e-07 7.62405248e-08 1.92521152e-06 0.00000000e+00
 4.29452338e-07 3.40946673e-07 1.54444758e-07 1.41998636e-05
 0.00000000e+00 3.32536027e-07 4.95316412e-08 0.00000000e+00
 3.24857136e-05 1.63125458e-07 4.81575870e-07 0.00000000e+00
 3.85944230e-06 5.34812840e-07 7.39240008e-06 6.32464144e-08
 1.25046830e-07 1.15657090e-06 0.00000000e+00 6.04788351e-07
 1.33253435e-07 2.29831483e-07 1.95318642e-07 1.89738511e-06
 1.16219419e-07 1.38767706e-06 3.46117849e-05 3.85674626e-06
 1.45360058e-06 2.39096712e-07 2.86218486e-06 1.05136187e-06
 2.93071756e-07 1.57710394e-07 1.20568008e-06 9.64646956e-07
 2.14504356e-07 2.14096169e-06 2.48885997e-07 1.30760798e-07
 0.00000000e+00 4.80903137e-07 4.10962507e-07 5.76789484e-08
 1.73551453e-07 3.32202087e-07 1.73735984e-06 4.90843760e-06
 4.02335963e-07 9.56176975e-08 0.00000000e+00 9.55673658e-08
 3.74418773e-07 7.96969603e-07 1.48626575e-06 4.56526206e-07
 1.61983033e-06 6.23384298e-06 2.50419453e-06 5.64328990e-07
 2.01322432e-06 2.30378674e-06 1.50980543e-06 2.16865123e-07
 1.22457561e-06 5.51624133e-07 5.53218760e-08 1.80482658e-06
 3.95183972e-07 3.68467264e-07 5.33982656e-07 5.84599925e-07
 0.00000000e+00 3.97362127e-07 1.90175881e-06 1.34155593e-06
 2.28529640e-07 5.91906297e-08 0.00000000e+00 1.30127337e-06
 2.00944158e-06 1.27898481e-05 0.00000000e+00 1.32454103e-07
 1.20493846e-07 0.00000000e+00 1.01277537e-06 1.78016977e-07
 1.21445385e-07 5.69514580e-07 1.34329337e-06 1.26901750e-07
 1.57749047e-07 0.00000000e+00 1.50468735e-06 4.22207617e-06
 0.00000000e+00 1.63658206e-06 1.47007371e-06 2.16438251e-06
 4.09828018e-07 3.61644816e-07 5.20062174e-07 1.26079238e-06
 5.76545262e-08 6.32008935e-06 1.45217466e-07 6.16133834e-08
 1.68539136e-07 2.71652025e-07 4.88378008e-07 4.30640460e-06
 1.65802834e-07 3.65633266e-06 8.50481160e-07 8.27993433e-07
 0.00000000e+00 8.33260838e-07 5.64413316e-07 4.73195591e-07
 1.09190422e-06 1.58312891e-07 4.42090355e-07 1.32755633e-06
 9.99694022e-07 1.67044720e-06 4.20558224e-07 0.00000000e+00
 0.00000000e+00 0.00000000e+00 0.00000000e+00 6.09878668e-07
 9.42641493e-07 9.47238799e-06 1.53180835e-06 1.03630057e-06
 1.23081494e-06 2.75613819e-07 2.20907501e-06 1.25877698e-07
 9.28503763e-07 2.55794966e-07 4.19454994e-07 1.55951986e-07
 6.48098893e-08 1.92942495e-07 0.00000000e+00 1.05193907e-06
 1.40594298e-07 1.26960911e-06 1.13623288e-06 3.35337203e-07
 1.72029626e-06 0.00000000e+00 1.84702070e-07 0.00000000e+00
 1.16526078e-07 3.02968883e-07 1.84085276e-07 2.51511370e-06
 4.70753941e-07 1.17892275e-07 7.14373684e-08 5.76870937e-07
 3.23849391e-07 1.89392863e-06 0.00000000e+00 1.37510571e-06
 5.91701662e-07 3.43220486e-07 0.00000000e+00 1.81604549e-07
 2.85279794e-07 0.00000000e+00 1.46802653e-07 2.13593062e-06
 1.57269547e-06 1.01712794e-06 0.00000000e+00 3.31605668e-07
 1.69598762e-06 5.01299871e-07 1.03725070e-06 1.26545484e-07
 9.46092951e-07 5.17248157e-07 6.31043194e-06 2.72502307e-07
 1.14184971e-06 0.00000000e+00 0.00000000e+00 5.16675708e-07
 6.09242634e-07 0.00000000e+00 1.95687057e-07 0.00000000e+00
 3.27275030e-06 7.08469294e-07 3.69124060e-07 6.77911557e-07
 1.84490578e-07 0.00000000e+00 1.20551077e-06 3.03280301e-07
 1.22985619e-07 0.00000000e+00 9.67450930e-07 1.06865113e-06
 1.06492824e-06 2.74167246e-07 0.00000000e+00 7.29372102e-07
 5.92259373e-07 8.39238447e-07 1.81480450e-06 1.57415891e-05
 1.28921991e-06 1.22212934e-07 3.84784394e-07 1.27330319e-06
 1.91602595e-07 8.73323109e-06 4.71052177e-07 1.36758196e-07
 3.47471968e-06 1.21546915e-06 8.35102319e-07 0.00000000e+00
 1.49872923e-06 1.10369013e-06 2.78640162e-07 1.77994219e-06
 2.16630132e-07 1.13213859e-06 5.04328850e-07 1.48663392e-06
 3.75996976e-06 1.19925646e-06 1.56261451e-07 4.34982365e-06
 5.55038087e-07 0.00000000e+00 3.22475707e-06 2.56492942e-06
 1.13629468e-06 1.51096032e-07 9.48929275e-07 0.00000000e+00
 3.38561585e-06 1.21838815e-06 0.00000000e+00 1.77994219e-07
 5.22541391e-07 1.30525683e-07 6.17532550e-06 4.44985547e-07
 1.67932881e-07 1.70052532e-06 9.94498143e-07 0.00000000e+00
 2.95958041e-07 0.00000000e+00 7.00800707e-08 1.72232122e-06
 1.80840051e-06 3.65605154e-06 2.06676819e-07 1.03569476e-06
 0.00000000e+00 2.22670414e-06 1.29209768e-06 0.00000000e+00
 8.92724920e-07 1.04700575e-06 1.01557682e-07 0.00000000e+00
 1.89601639e-07 9.10028167e-07 0.00000000e+00 0.00000000e+00
 3.43220486e-07 0.00000000e+00 2.76349787e-07 2.33454302e-06
 9.69338525e-07 0.00000000e+00 1.11274395e-06 8.56387279e-07
 4.05959485e-07 1.13031747e-07 9.69419398e-07 1.60180196e-06
 4.17365754e-07 2.12061507e-07 2.00295930e-07 0.00000000e+00
 1.37396420e-07 1.66220282e-07 0.00000000e+00 1.67743243e-07
 3.36660913e-07 1.81372730e-07 1.33789703e-06 6.26732995e-08
 1.01293262e-07 2.14408894e-06 0.00000000e+00 7.23035058e-08
 0.00000000e+00 4.77021299e-07 1.68950451e-06 1.39334982e-06
 6.08476257e-08 3.46105716e-07 3.07486822e-06 5.30472179e-07
 1.05129376e-06 2.21694915e-06 9.69897980e-07 9.80381785e-07
 4.28840407e-07 1.13190689e-06 9.71743638e-07 2.98759232e-07
 3.20451874e-06 5.73529985e-07 4.19391769e-07 1.78680328e-07
 9.51762658e-07 4.55308096e-07 6.51331930e-06 3.05175636e-07
 4.55720800e-07 7.61428238e-08 4.69888653e-06 5.81593605e-07
 0.00000000e+00 1.27315114e-05 1.14753402e-06 1.95855003e-06
 2.73142876e-06 5.54951411e-07 7.51258358e-06 1.25729988e-07
 4.65270002e-06 1.50044713e-06 1.73638160e-06 4.35729847e-07
 7.28146082e-07 0.00000000e+00 4.70223496e-06 1.34864657e-06
 1.26232896e-06 1.02912104e-07 1.18143735e-07 3.91104607e-07
 1.24434601e-06 9.37779458e-06 6.09128398e-06 1.11789380e-06
 1.83787640e-06 6.49816538e-07 2.75729814e-06 4.09764719e-06
 1.01817275e-06 6.62606216e-07 0.00000000e+00 6.81830247e-07
 6.45694509e-07 0.00000000e+00 1.19853184e-06 1.67932881e-07
 4.90380936e-06 1.22089657e-07 5.48465000e-08 2.59363004e-07
 1.62788237e-07 2.72028026e-07 9.78552690e-07 3.68131698e-07
 4.79678017e-07 2.89589695e-06 3.16172685e-07 2.18893724e-07
 0.00000000e+00 0.00000000e+00 1.04725969e-07 1.55185500e-07
 1.00303285e-06 0.00000000e+00 7.22623619e-07 0.00000000e+00
 9.99584403e-07 0.00000000e+00 4.26099818e-06 8.04163087e-07
 4.72352946e-07 2.35050601e-06 1.24128123e-06 1.92852017e-07
 2.60948921e-06 2.12475979e-05 1.99673259e-07 0.00000000e+00
 2.18218768e-06 0.00000000e+00 0.00000000e+00 1.54543358e-07
 1.25209726e-06 6.12004944e-06 0.00000000e+00 7.90511334e-07
 5.00028098e-06 0.00000000e+00 4.53255736e-07 1.53913758e-07
 8.20247236e-07 0.00000000e+00 4.33418283e-06 0.00000000e+00
 1.33423376e-07 8.71143343e-07 2.89338425e-07 2.94709029e-07
 4.79427153e-07 0.00000000e+00 1.73427714e-06 1.92516914e-06
 3.68616982e-07 1.42578895e-06 1.58524077e-07 0.00000000e+00
 1.07816212e-06 1.51645616e-06 3.27124510e-07 0.00000000e+00
 1.05401511e-06 0.00000000e+00 2.30098494e-07 8.15973497e-08
 1.12848298e-07 1.57671507e-06 4.95206177e-07 3.75629179e-07
 1.82741156e-06 1.61612871e-07 3.82219164e-07 2.20511056e-06
 1.04476316e-06 5.98386376e-07 1.14298790e-07 5.01456279e-07
 1.36310965e-07 1.47714921e-06 4.96583045e-07 1.45243282e-07
 5.12289306e-07 1.01162256e-06 2.62363524e-06 1.65903841e-07
 9.56497815e-07 7.12535727e-08 1.89118943e-06 5.57199293e-07
 0.00000000e+00 1.50875986e-06 1.72908670e-06 1.05622943e-06
 3.26128822e-07 1.56036077e-06 9.08666562e-08 3.78861691e-07
 2.79134240e-07 2.77641040e-07 8.05850892e-06 9.52245238e-07
 5.69969972e-07 9.90893386e-07 6.90468064e-07 4.39315331e-07
 3.07314905e-06 4.35860445e-07 9.71743638e-07 4.44440889e-07
 6.22244893e-06 4.27348263e-06 8.44655946e-07 3.64621730e-07
 2.26169767e-06 7.43481710e-07 6.12321780e-07 1.67187266e-06
 2.58504654e-06 7.35544111e-07 1.11439859e-06 1.87944206e-07
 7.95127459e-06 2.37215035e-06 5.01838737e-07 2.19541861e-06
 5.72675695e-07 6.61452682e-07 0.00000000e+00 1.27855002e-06
 3.49524567e-07 5.63958591e-07 3.62755445e-06 2.18410951e-07
 7.11976875e-06 0.00000000e+00 1.79132599e-06 2.18877641e-06
 0.00000000e+00 2.89886168e-07 0.00000000e+00 1.43389881e-06
 0.00000000e+00 8.35989288e-07 0.00000000e+00 0.00000000e+00
 6.88400290e-08 1.18913247e-07 1.88269884e-06 4.06843929e-07
 1.14459284e-06 3.65392587e-07 0.00000000e+00 1.50290610e-07
 8.29249662e-07 0.00000000e+00 8.15973497e-07 3.68106033e-07
 3.89295135e-07 4.51252949e-07 5.53862224e-07 4.33705887e-06
 0.00000000e+00 4.28286601e-07 7.32845557e-07 1.17565703e-07
 0.00000000e+00 3.67456441e-07 1.76419568e-07 1.37579367e-06
 0.00000000e+00 0.00000000e+00 0.00000000e+00 1.35997385e-06
 0.00000000e+00 3.48154956e-07 2.45817505e-07 3.91960882e-07
 1.99881392e-07 6.13684069e-07 5.43227099e-07 1.07302680e-06
 9.39283978e-07 5.52703853e-07 5.53097039e-07 1.28909010e-06
 9.47829622e-07 5.83046183e-07 1.87691280e-06 0.00000000e+00
 2.33618605e-07 1.09582652e-07 4.53885258e-07 2.37917642e-06
 2.91120561e-07 1.20877138e-07 0.00000000e+00 6.55214139e-06
 5.37761043e-07 7.98664212e-07 1.87489138e-06 0.00000000e+00
 6.10493902e-07 2.71883551e-07 1.86880188e-07 4.89327522e-07
 1.19778396e-07 5.51914954e-07 2.14546603e-07 0.00000000e+00
 9.11490854e-07 0.00000000e+00 1.31497367e-06 0.00000000e+00
 1.59818753e-07 2.22386264e-07 7.38284874e-07 1.08817203e-06
 8.19787466e-07 6.36205686e-07 5.29171210e-07 8.13879385e-06
 8.32180763e-08 1.00540336e-06 1.57930354e-07 6.43319677e-07
 6.31809964e-08 4.68928844e-07 8.89935064e-07 9.88776965e-07
 1.11966761e-07 7.13587172e-07 6.55858257e-07 1.22856160e-06
 6.76704577e-07 1.32119420e-06 9.91632021e-07 3.17356154e-06
 2.36476131e-06 4.36894901e-07 1.97957044e-07 0.00000000e+00
 2.31279112e-07 6.56882553e-07 3.64612383e-07 1.08135673e-06
 0.00000000e+00 1.59370113e-06 0.00000000e+00 6.62260498e-06
 4.40190444e-07 0.00000000e+00 7.75394555e-07 2.47573777e-06
 1.70215837e-07 2.88808260e-07 4.01470990e-06 2.07168246e-06
 9.29908707e-07 1.64724727e-07 9.99661229e-07 9.80853242e-07
 1.54842084e-06 2.15414087e-07 1.56103618e-06 3.86628081e-07
 1.28357182e-06 0.00000000e+00 5.62716118e-07 6.47059471e-08
 0.00000000e+00 1.49324792e-06 0.00000000e+00 1.29101406e-06
 2.01983268e-07 2.40248029e-06 6.95965128e-08 1.24884949e-07
 3.86788242e-07 1.23365464e-06 5.13638541e-08 4.35355041e-07
 0.00000000e+00 2.64798767e-07 1.31096081e-06 5.55756251e-07
 4.31387216e-07 2.91914191e-07 8.67694630e-07 3.90446791e-06
 0.00000000e+00 4.81290795e-07 0.00000000e+00 4.40118922e-07
 6.46177280e-07 1.03086974e-06 3.25448608e-07 7.40670205e-07
 6.07003496e-06 4.19753483e-07 2.54059746e-06 7.31947989e-07
 4.22273402e-07 2.02788690e-06 9.34379698e-07 3.61341647e-07
 1.27767558e-06 0.00000000e+00 2.04810380e-07 1.97273838e-06
 7.62299311e-07 1.29471035e-06 3.22136717e-06 2.90538216e-07
 0.00000000e+00 3.91702488e-07 0.00000000e+00 5.17689684e-07
 7.88471016e-07 0.00000000e+00 1.40354988e-06 1.03551249e-07
 2.28962695e-07 2.08387604e-06 1.76943093e-06 1.27218573e-06
 3.13054302e-07 4.07120254e-07 1.30614463e-07 2.28354964e-06
 7.92027822e-07 3.04706187e-07 2.13820649e-07 3.79952779e-07
 1.97836992e-05 1.99465567e-06 3.12004474e-07 0.00000000e+00
 8.25409077e-07 0.00000000e+00 8.49265555e-07 0.00000000e+00]",0.003673065962168803,3.733743069036745e-06,0.0,0.063
