Disease ID,Disease Name,Fold Recall-at-100,Recall-at-25,Ranks,Mean Average Precision,AUROC,Recall-at-100
C0014859,Esophageal Neoplasms,0.442857142857,0.0595238095238,3743.38461538,0.0162542467189,0.826902147421,0.102380952381
C0020456,Hyperglycemia,0.3,0.0,5077.65,0.00274858067458,0.765247016762,0.1
C0028326,Noonan Syndrome,0.7,0.4,2728.17647059,0.0925567078064,0.886961467038,0.6
C0020459,Hyperinsulinism,0.4,0.0,4574.5625,0.00320977389229,0.786761292419,0.1
C0023891,"Liver Cirrhosis, Alcoholic",0.55,0.0,4480.625,0.00271689612089,0.800684740727,0.05
C0013604,Edema,0.6,0.0,2540.8,0.00471606613463,0.890128645737,0.166666666667
C0019829,Hodgkin Disease,0.3,0.0,7561.8,0.000629789867842,0.673023628261,0.0
C1140680,Malignant neoplasm of ovary,0.3,0.0,3561.66666667,0.00277548514096,0.804304943142,0.05
C0005944,Metabolic Bone Disorder,0.3,0.0,4537.9,0.00167997314636,0.787582958184,0.0
C0341106,Eosinophilic esophagitis,0.0,0.0,11025.75,0.000134092528599,0.49467759157,0.0
C0005941,"Bone Diseases, Developmental",0.0,0.0,8174.66666667,0.000300067445932,0.624707425812,0.0
C0042514,"Tachycardia, Ventricular",0.2,0.0,6598.3,0.000720934208642,0.677491066042,0.0
C0013421,Dystonia,0.1,0.0,6975.15384615,0.000397457946112,0.650930653546,0.0
C1168401,Squamous cell carcinoma of the head and neck,0.383333333333,0.0833333333333,3644.54166667,0.0107535724744,0.81853743866,0.166666666667
C1333990,Hereditary Nonpolyposis Colorectal Cancer,0.65,0.35,1253.61538462,0.0296495921387,0.943341533606,0.35
C0034065,Pulmonary Embolism,0.35,0.0,5953.18181818,0.00283541059327,0.662624152975,0.1
C1840235,SOLITARY MEDIAN MAXILLARY CENTRAL INCISOR,0.3,0.0,6090.64285714,0.00154063009365,0.717960590447,0.0
C0037769,West Syndrome,0.1,0.0,6982.8,0.000916663962051,0.652043682109,0.0
C2937358,Cerebral Hemorrhage,0.816666666667,0.15,1640.78571429,0.037601731364,0.922518463468,0.533333333333
C0035828,Romano-Ward Syndrome,0.6,0.35,1500.42857143,0.0679293936394,0.889284222253,0.35
C0026640,Mouth Neoplasms,0.56,0.075,2145.33333333,0.0358349079841,0.900167325122,0.22
C0026691,Mucocutaneous Lymph Node Syndrome,0.0,0.0,8707.18181818,0.000236746281591,0.568769145085,0.0
C0023890,Liver Cirrhosis,0.506666666667,0.0766666666667,3420.44444444,0.0222039270436,0.84274977135,0.193333333333
C0752347,Lewy Body Disease,0.5,0.15,3232.36842105,0.0146836192469,0.857458909834,0.35
C0028754,Obesity,0.154923076923,0.00784615384615,6787.78682171,0.0045899132782,0.681937963863,0.0273846153846
C0018621,Hay fever,0.1,0.0,10541.7,0.000225270778871,0.495846289507,0.0
C0023892,Biliary cirrhosis,0.241666666667,0.05,6905.625,0.00827987595437,0.672781649245,0.116666666667
C1961102,Precursor Cell Lymphoblastic Leukemia Lymphoma,0.395,0.045,4093.20930233,0.0104633352592,0.813658083109,0.12
C0878544,Cardiomyopathies,0.411111111111,0.0444444444444,3790.84444444,0.019454610548,0.823754030735,0.0777777777778
C0018801,Heart failure,0.425,0.0125,3905.1625,0.00733378495243,0.817674721795,0.125
C1832200,Peroxisome biogenesis disorders,1.0,1.0,1.63636363636,0.914285714286,0.999972152604,1.0
C0265965,Dyskeratosis Congenita,0.75,0.45,2426.58333333,0.070522594063,0.888990485031,0.55
C0041948,Uremia,0.6,0.0,1772.88235294,0.0054464271955,0.923991411328,0.2
C0020542,Pulmonary Hypertension,0.133333333333,0.0,6751.35483871,0.000998914045737,0.69146535972,0.0
C0011581,Depressive disorder,0.216666666667,0.0333333333333,5646.5,0.00324860552928,0.739533866146,0.0666666666667
C0040053,Thrombosis,0.75,0.3,1264.925,0.106773025608,0.940457545197,0.4
C0027765,nervous system disorder,0.313333333333,0.0,4995.8627451,0.00278024734237,0.766176570879,0.0566666666667
C0024299,Lymphoma,0.3,0.0,4875.26315789,0.00207872560078,0.780404401523,0.05
C3160718,"PARKINSON DISEASE, LATE-ONSET",0.25,0.0,3289.0,0.0026207216637,0.807669096142,0.1
C0017661,IGA Glomerulonephritis,0.170210409745,0.00232558139535,5593.0,0.0059011843267,0.736304938826,0.0209302325581
C0334634,"Malignant lymphoma, lymphocytic, intermediate differentiation, diffuse",0.55,0.0,4001.46153846,0.00369782351052,0.847776643149,0.15
C0020672,"Hypothermia, natural",0.4,0.15,4789.83333333,0.0153422817445,0.782643304711,0.25
C0086543,Cataract,0.316666666667,0.183333333333,5580.04761905,0.080246659525,0.739915335562,0.216666666667
C0524909,"Hepatitis B, Chronic",0.2,0.0,7843.73333333,0.00128797620325,0.619941277504,0.0
C0011609,Drug Eruptions,0.25,0.0,4674.22222222,0.00119482024644,0.744130414597,0.0
C0242488,Acute Lung Injury,0.35,0.05,2603.0625,0.00370228656464,0.879167633815,0.05
C0346647,Malignant neoplasm of pancreas,0.0,0.0,6739.76923077,0.000272936568927,0.654001113999,0.0
C0038356,Stomach Neoplasms,0.308620689655,0.0176108374384,4543.0141844,0.0115892775504,0.787222653152,0.0636699507389
C0029463,Osteosarcoma,0.325,0.0583333333333,4161.94285714,0.0134410846436,0.804827811851,0.141666666667
C0042900,Vitiligo,0.166666666667,0.0,6204.0,0.000903556537415,0.70952065719,0.0
C0038358,Gastric ulcer,0.35,0.0,4044.38888889,0.00119653793612,0.806704118111,0.0
C0021390,Inflammatory Bowel Diseases,0.1375,0.0,8897.8875,0.001429762793,0.586733191321,0.025
C0040336,Tobacco Use Disorder,0.2,0.2,6746.45454545,0.0326767266349,0.660600575513,0.2
C0010278,Craniosynostosis,0.35,0.0,5703.90909091,0.00169864865292,0.708827624617,0.0
C0079773,"Lymphoma, T-Cell, Cutaneous",0.716666666667,0.1,918.238095238,0.0320556363848,0.957047888806,0.15
C0162809,Kallmann Syndrome,0.15,0.0,9189.35,0.000827634089085,0.586546408506,0.0
C0079772,T-Cell Lymphoma,0.75,0.0,2634.18181818,0.0101435455459,0.874716884805,0.3
C0424295,Hyperactive behavior,0.666666666667,0.1,2432.46666667,0.0117681509726,0.877666806027,0.233333333333
C0037268,Skin Abnormalities,0.1,0.0,8375.4,0.000354542885755,0.627036246345,0.0
C0677886,Epithelial ovarian cancer,0.1,0.0,7857.15789474,0.000571765671844,0.61463808153,0.0
C0282527,Infantile Refsum Disease (disorder),1.0,0.9,8.0,0.331559903511,0.999656516896,1.0
C0282525,"Adrenoleukodystrophy, Neonatal",1.0,0.9,8.0,0.331559903511,0.999656516896,1.0
C0019569,Hirschsprung Disease,0.7,0.2,3207.8,0.0339705229571,0.811952940084,0.3
C1720887,Female Urogenital Diseases,0.4,0.0,4404.16666667,0.0032969363436,0.808303542411,0.15
C0005684,Malignant neoplasm of urinary bladder,0.15,0.05,6400.125,0.00750285589304,0.702706466738,0.15
C0009324,Ulcerative Colitis,0.248611111111,0.0375,6410.9382716,0.00551651594413,0.700643386157,0.0986111111111
C0005283,beta Thalassemia,0.4,0.1,7258.0,0.0111052645496,0.635984127721,0.3
C0023487,Acute Promyelocytic Leukemia,0.483333333333,0.0333333333333,3830.51724138,0.0135055003661,0.813330701102,0.116666666667
C0023794,Lipoidosis,0.25,0.1,7562.05263158,0.00493945749701,0.640168539326,0.1
C0376358,Malignant neoplasm of prostate,0.142857142857,0.0142857142857,6794.82539683,0.00526709827374,0.681733440561,0.047619047619
C0034069,Pulmonary Fibrosis,0.69,0.16,2003.04166667,0.0303566293881,0.910090659724,0.39
C0455988,"Hydrops Fetalis, Non-Immune",0.4,0.3,6232.66666667,0.0240944688408,0.698402181481,0.4
C0035228,Respiratory Hypersensitivity,0.35,0.05,5692.5,0.0047305027933,0.706338502252,0.15
C0024809,Marijuana Abuse,0.3,0.1,6078.2,0.00754229790902,0.70650670627,0.2
C0023893,"Liver Cirrhosis, Experimental",0.309090909091,0.0272727272727,5140.65420561,0.00691810584874,0.758026022462,0.0545454545455
C0011881,Diabetic Nephropathy,0.366666666667,0.0,3983.54054054,0.00320043662537,0.819246243804,0.05
C0011849,Diabetes Mellitus,0.483333333333,0.0,3092.07142857,0.003962208688,0.863962562126,0.0666666666667
C1142166,Brugada Syndrome (disorder),0.2,0.1,5148.33333333,0.101843810014,0.727469594281,0.15
C1319853,"Asthma, Aspirin-Induced",0.25,0.05,8673.76923077,0.00557617251309,0.519171230969,0.1
C0023895,Liver diseases,0.278571428571,0.0,5302.27692308,0.00237132263997,0.75631209398,0.0166666666667
C0022661,"Kidney Failure, Chronic",0.39,0.05,4384.68181818,0.00736181100465,0.802831078883,0.095
C0037274,Dermatologic disorders,0.0785714285714,0.0,8103.328125,0.000819199799403,0.624891271355,0.0
C1262477,Weight decreased,0.4,0.0,3653.27777778,0.00260366701945,0.835879103022,0.1
C0017668,Focal glomerulosclerosis,0.566666666667,0.166666666667,1406.95454545,0.0336466358848,0.939562727343,0.266666666667
C0023264,Leigh Disease,0.716666666667,0.233333333333,1829.87096774,0.0629983726063,0.917308526123,0.525
C0007570,Celiac Disease,0.183333333333,0.075,7425.42105263,0.00885141823296,0.653993951082,0.1
C0017601,Glaucoma,0.05,0.0,8387.9047619,0.000358411442952,0.601258745047,0.0
C0003130,Anoxia,0.466666666667,0.0,2969.46875,0.00306486224626,0.858059233449,0.0583333333333
C0039231,Tachycardia,0.4,0.05,4081.29411765,0.00940710109492,0.78397632312,0.15
C0346153,"Breast Cancer, Familial",0.9,0.5,976.083333333,0.0903087253989,0.947284752843,0.7
C0022116,Ischemia,0.433333333333,0.116666666667,3258.37037037,0.0455419751517,0.84970661093,0.116666666667
C0032580,Adenomatous Polyposis Coli,0.333333333333,0.0,6313.11111111,0.000671921650898,0.703127900501,0.0
C0040128,Thyroid Diseases,0.2,0.05,5074.41666667,0.00416019454248,0.775409607798,0.1
C0030319,Panic Disorder,0.0,0.0,7420.375,0.000210156209784,0.567305907467,0.0
C0021400,Influenza,0.28,0.04,6869.84,0.00573769212823,0.680882038406,0.14
C0009404,Colorectal Neoplasms,0.193506493506,0.0238095238095,6188.58215962,0.0107360689158,0.711250513136,0.0285714285714
C0162666,Mitochondrial Encephalomyopathies,0.45,0.1,3645.72727273,0.00780494352463,0.829926668523,0.35
C0019151,Hepatic Encephalopathy,0.7,0.15,1794.92307692,0.0851392038389,0.910956646862,0.3
C0026769,Multiple Sclerosis,0.138888888889,0.0,7023.69318182,0.00204058770015,0.673973325881,0.0347222222222
C0600467,Neurogenic Inflammation,0.3,0.1,6481.58333333,0.00916811937666,0.70336737062,0.1
C0018099,Gout,0.0,0.0,10941.8,0.000153233242656,0.500821460064,0.0
C0027707,"Nephritis, Interstitial",1.0,0.4,243.3,0.1434481189,0.988752494547,0.6
C0024141,"Lupus Erythematosus, Systemic",0.198214285714,0.0,5932.05405405,0.00213078556699,0.72086001556,0.0267857142857
C2931673,"Ceroid lipofuscinosis, neuronal 1, infantile",0.4,0.0,2961.5,0.00342025250232,0.862602682508,0.2
C0152013,Adenocarcinoma of lung (disorder),0.575,0.02,2816.32608696,0.00759632094012,0.868426154061,0.07
C0175702,Williams Syndrome,0.3,0.0,4453.9,0.00550709385216,0.793340140159,0.2
C0268362,Osteogenesis imperfecta type III (disorder),0.9,0.3,770.909090909,0.169008258435,0.961387264457,0.45
C3160731,Pulmonary function (finding),0.0333333333333,0.0,10857.5333333,0.000239126095335,0.490401201592,0.0
C0265275,Jeune thoracic dystrophy,0.666666666667,0.666666666667,3085.0,0.202577602909,0.849034713198,0.666666666667
C0268363,Osteogenesis imperfecta type IV (disorder),0.5,0.1,2509.9,0.0104084738353,0.870097925465,0.2
C0241910,"Hepatitis, Autoimmune",0.55,0.05,3135.23529412,0.00909191982477,0.795927344475,0.15
C0033578,Prostatic Neoplasms,0.218038852914,0.0191951896392,5477.42735043,0.0151459160855,0.741314360017,0.0490749306198
C0013990,Pathological accumulation of air in tissues,0.5,0.1,3007.7,0.00977795653493,0.86045853251,0.3
C2936907,NADH:Q(1) Oxidoreductase deficiency,0.9,0.35,1337.8,0.0653772743487,0.94554139388,0.85
C0848558,Hypospadias,0.05,0.0,8383.85714286,0.000516823141613,0.57898157174,0.0
C0035258,Restless Legs Syndrome,0.0,0.0,7715.16666667,0.000140197944489,0.52724544878,0.0
C0026764,Multiple Myeloma,0.233333333333,0.0333333333333,7325.25641026,0.00291385315554,0.656937408991,0.0583333333333
C0015695,Fatty Liver,0.435,0.0,3348.25,0.00412765645503,0.842613673346,0.06
C0400966,Non-alcoholic Fatty Liver Disease,0.225,0.0,6205.075,0.00125082175722,0.710557930938,0.025
C0023290,"Leishmaniasis, Visceral",0.45,0.15,3891.41666667,0.0540573764093,0.753323276862,0.15
C0393706,Early infantile epileptic encephalopathy with suppression bursts,0.2,0.0,6565.27777778,0.000739004030087,0.715688982775,0.0
C1527336,Sjogren's Syndrome,0.45,0.0,5108.66666667,0.00461127464427,0.778908099327,0.2
C0022521,Kartagener Syndrome,0.0666666666667,0.0,8824.0,0.00168376619961,0.582711419681,0.0666666666667
C0005586,Bipolar Disorder,0.180952380952,0.0333333333333,7258.03174603,0.00489241847335,0.663905541746,0.0833333333333
C0008074,"Child Development Disorders, Pervasive",0.31,0.06,5510.82692308,0.0309276042837,0.741776873595,0.153333333333
C0242350,Erectile dysfunction,0.6,0.2,1704.2,0.0371689379329,0.92095187265,0.3
C0265215,Meckel-Gruber syndrome,1.0,0.45,80.5714285714,0.0639353078097,0.995755001625,0.75
C1261473,Sarcoma,0.25,0.1,2930.53846154,0.00626353601344,0.861822317118,0.1
C0005612,Birth Weight,0.0,0.0,10335.4,7.88650063037e-05,0.430885970205,0.0
C0004352,Autistic Disorder,0.197101449275,0.0,5541.98283262,0.00393663710304,0.740398172672,0.0213768115942
C0023904,"Liver Neoplasms, Experimental",0.326666666667,0.0566666666667,4439.9245283,0.0139148632543,0.795495101687,0.0733333333333
C0752166,Bardet-Biedl Syndrome,0.85,0.616666666667,1071.95238095,0.428071426752,0.94807531575,0.716666666667
C1961099,Precursor T-Cell Lymphoblastic Leukemia-Lymphoma,0.6,0.0,2816.11111111,0.0038877763672,0.874745809926,0.1
C0027404,Narcolepsy,0.3,0.0,5962.66666667,0.00279485870891,0.597100608199,0.1
C1956346,Coronary Artery Disease,0.17619047619,0.0142857142857,6914.12698413,0.00414824839253,0.680020614834,0.0142857142857
C0015967,Fever,0.2,0.0,7582.55,0.00101284672463,0.619854204392,0.0
C0001418,Adenocarcinoma,0.432727272727,0.0572727272727,3893.04716981,0.0290230740077,0.817046143219,0.113636363636
C0080178,Spina Bifida,0.5,0.2,3750.45454545,0.0210518846322,0.846038707881,0.2
C0887833,"Carcinoma, Pancreatic Ductal",0.55,0.05,2842.7,0.0163175826317,0.868077030227,0.35
C0022548,Keloid,0.433333333333,0.0916666666667,2214.78787879,0.0107602543369,0.892691104503,0.158333333333
C0740392,"Infarction, Middle Cerebral Artery",0.566666666667,0.0666666666667,2845.04,0.0108149204163,0.871646077156,0.233333333333
C0029172,Oral Submucous Fibrosis,0.6,0.35,2671.26666667,0.0273847445231,0.838028038251,0.45
C0020538,Hypertensive disease,0.376023391813,0.0266081871345,3964.94708995,0.0115177485519,0.815100489117,0.0845029239766
C0020443,Hypercholesterolemia,0.35,0.05,4045.0952381,0.00590036253961,0.813555983779,0.1
C0349639,Juvenile Myelomonocytic Leukemia,0.6,0.05,1898.89473684,0.00994121248204,0.915721051165,0.2
C0023343,Leprosy,0.15,0.0,7761.88888889,0.000512496208402,0.618449092344,0.0
C0019284,Diaphragmatic Hernia,0.4,0.075,3711.45,0.0236749679439,0.82762118325,0.2
C0027051,Myocardial Infarction,0.343055555556,0.0111111111111,3886.43023256,0.00682034062819,0.821335755205,0.0833333333333
C0042109,Urticaria,0.3,0.1,4090.0625,0.00926047697888,0.820950745091,0.1
C0024305,"Lymphoma, Non-Hodgkin",0.483333333333,0.05,3990.54545455,0.00864922045285,0.814796068416,0.2
C0242383,Age related macular degeneration,0.225,0.0333333333333,6625.69444444,0.00247108551597,0.68531105277,0.0333333333333
C0007134,Renal Cell Carcinoma,0.248717948718,0.0166666666667,5517.85123967,0.00654078946943,0.742979519237,0.0820512820513
C0007193,"Cardiomyopathy, Dilated",0.535,0.09,3273.19148936,0.0177202324479,0.846314737331,0.2
C0009319,Colitis,0.25,0.0,5175.5,0.00162873672452,0.767480920757,0.0333333333333
C0149925,Small cell carcinoma of lung,0.3,0.05,5429.075,0.0132743590941,0.74919017521,0.125
C0085110,Severe Combined Immunodeficiency,0.75,0.0,542.181818182,0.0114124892633,0.977928617841,0.55
C0014544,Epilepsy,0.271428571429,0.0,5476.73015873,0.00306733927453,0.74678537089,0.0285714285714
C0162557,"Liver Failure, Acute",0.416666666667,0.0,4781.18181818,0.00366187143499,0.779857209194,0.0833333333333
C0007194,Hypertrophic Cardiomyopathy,0.383333333333,0.0,4238.9047619,0.00358106399406,0.813530832095,0.0833333333333
C0282612,Prostatic Intraepithelial Neoplasias,0.7,0.2,1004.90909091,0.0774558561554,0.951060521675,0.3
C0009241,Cognition Disorders,0.1,0.0,9040.91304348,0.000740952900973,0.586193925885,0.0
C0025202,melanoma,0.182368421053,0.0210526315789,7091.77604167,0.007980826557,0.668912892458,0.0365789473684
C3809874,"LEUKEMIA, ACUTE LYMPHOBLASTIC, SUSCEPTIBILITY TO, 3",0.583333333333,0.0,2097.0,0.00502114837407,0.913911589896,0.1
C0311375,Arsenic Poisoning,0.173333333333,0.0166666666667,6319.15254237,0.00303802978284,0.707027087791,0.0166666666667
C0455806,Infant length,0.3,0.0,8554.81818182,0.000786756514562,0.597357978279,0.0
C0032285,Pneumonia,0.715,0.145,2299.34042553,0.0483604471153,0.893115643887,0.275
C0023470,Myeloid Leukemia,0.45,0.25,2673.47058824,0.0290509285747,0.878160399257,0.35
C0018799,Heart Diseases,0.24,0.0,5239.38095238,0.00276695362092,0.758444108761,0.07
C0027708,Nephroblastoma,0.1,0.0,7136.4375,0.000501955653579,0.652340884824,0.0
C1838951,LEIGH SYNDROME DUE TO MITOCHONDRIAL COMPLEX I DEFICIENCY,0.8,0.35,1970.28571429,0.0687861981689,0.928996657847,0.8
C0008312,Primary biliary cirrhosis,0.3,0.1,6592.73684211,0.0155439861535,0.706937737952,0.15
C0018671,Head and Neck Neoplasms,0.35,0.0,4660.73913043,0.00343486141335,0.778454227423,0.0833333333333
C0031511,Pheochromocytoma,0.45,0.25,3479.5625,0.0702793154383,0.805895733717,0.3
C1336708,Testicular Germ Cell Tumor,0.15,0.0,8102.28571429,0.000659560106309,0.619218982169,0.0
C0034951,Refractive Errors,0.0,0.0,9918.44444444,0.000180752800914,0.52201936023,0.0
C0023976,Long QT Syndrome,0.9,0.2,1042.4375,0.0655919888354,0.960733020751,0.6
C0006413,Burkitt Lymphoma,0.45,0.0,2667.8,0.00624580565619,0.85633645901,0.2
C0024232,Lymphatic Metastasis,0.15,0.0,6332.71428571,0.000580684252978,0.707656779464,0.0
C1861172,Venous Thromboembolism,0.266666666667,0.0333333333333,6913.12903226,0.0112632675316,0.68456537056,0.1
C0006118,Brain Neoplasms,0.4,0.0,4456.91304348,0.00347493453928,0.799372310455,0.05
C0002895,"Anemia, Sickle Cell",0.2,0.0,7079.4,0.000479331316298,0.671490230659,0.0
C0238288,"Muscular Dystrophy, Facioscapulohumeral",0.4,0.0,4715.75,0.0028093338312,0.811009514969,0.0
C0149721,Left Ventricular Hypertrophy,0.583333333333,0.1,2467.375,0.0205004378718,0.89521664422,0.316666666667
C0004153,Atherosclerosis,0.5,0.0333333333333,2772.33333333,0.00727763230846,0.870851819126,0.07
C0001430,Adenoma,0.316666666667,0.0333333333333,5707.90625,0.00298618522799,0.73739527681,0.0333333333333
C0004096,Asthma,0.180909090909,0.0290909090909,7549.79047619,0.0046704516629,0.64982589036,0.0490909090909
C0018772,"Hearing Loss, Partial",0.0,0.0,14332.7727273,0.000122128331864,0.381990558006,0.0
C1862939,AMYOTROPHIC LATERAL SCLEROSIS 1,0.25,0.0,5600.0212766,0.00330771868147,0.739493258949,0.065
C0007137,Squamous cell carcinoma,0.504166666667,0.0736111111111,3133.8313253,0.0189961140546,0.854078543303,0.172222222222
C0037286,Skin Neoplasms,0.49,0.065,3389.57446809,0.0139141188749,0.841082984658,0.165
C0036572,Seizures,0.172222222222,0.0,5705.69148936,0.0024117951354,0.734904642097,0.0322222222222
C0993582,"Arthritis, Experimental",0.491666666667,0.125,3556.25641026,0.0381332626978,0.831914366267,0.2
C0567312,Menopause present (finding),0.0,0.0,10648.3529412,0.000207006162486,0.538957753018,0.0
C0014553,Absence Epilepsy,0.444444444444,0.0,5101.77777778,0.00292703468244,0.726545902688,0.111111111111
C0027672,"Neoplastic Syndromes, Hereditary",0.64,0.185,1450.41666667,0.107295233323,0.932913896508,0.285
C0017178,Gastrointestinal Diseases,0.35,0.1,6675.5,0.00958408046576,0.686747505222,0.2
C1959629,Seizure Adverse Event,0.0,0.0,11266.5789474,0.000138789686774,0.457376497354,0.0
C0005910,Body Weight,0.0,0.0,9307.07142857,0.00013903799545,0.522132479228,0.0
C0035304,Retinal Degeneration,0.35,0.05,4220.93333333,0.00459983587212,0.835616470151,0.05
C0017636,Glioblastoma,0.440476190476,0.05,3939.54098361,0.00828506655823,0.815330371542,0.114285714286
C0004936,Mental disorders,0.5,0.0,4481.81818182,0.00442221307601,0.740197716514,0.05
C0268583,Methylmalonic acidemia,0.6,0.2,2534.4,0.0156514192436,0.882422146935,0.4
C0011616,Contact Dermatitis,0.271428571429,0.0285714285714,5799.04285714,0.00419615503408,0.72992108185,0.0571428571429
C0020615,Hypoglycemia,0.9,0.0,676.8,0.0108878917942,0.968636005012,0.4
C0036421,Systemic Scleroderma,0.1,0.0,7368.26086957,0.000763581621601,0.660120429708,0.0
C2609414,Acute kidney injury,0.352380952381,0.0285714285714,5074.49230769,0.0132816203488,0.762194792304,0.104761904762
C1876165,Copper-Overload Cirrhosis,0.4,0.0,2297.18181818,0.00171494815279,0.896546922863,0.0
C0018800,Cardiomegaly,0.469047619048,0.0595238095238,3416.66666667,0.012909925175,0.843598316903,0.166666666667
C0017638,Glioma,0.469047619048,0.0738095238095,4215.68656716,0.0470410982216,0.806023621175,0.107142857143
C0677776,Hereditary Breast and Ovarian Cancer Syndrome,0.95,0.75,106.857142857,0.318304120227,0.996240077984,0.85
C1269683,Major Depressive Disorder,0.133333333333,0.0,7346.93548387,0.000896495480827,0.631718232215,0.0
C0497327,Dementia,0.2,0.0,5402.5,0.000709394825411,0.757564858217,0.0
C1449861,"Micronuclei, Chromosome-Defective",0.55,0.0,4437.22222222,0.00293584311882,0.80540182924,0.0
C0030305,Pancreatitis,0.2,0.05,7038.1,0.010416871201,0.662716487905,0.15
C0021368,Inflammation,0.431818181818,0.0363636363636,3015.3853211,0.0102058131635,0.859749160761,0.101818181818
C0020619,Hypogonadism,0.9,0.25,1563.46153846,0.0334044902357,0.942705625696,0.55
C0011882,Diabetic Neuropathies,0.4,0.0,2771.0,0.00356083079807,0.875828536948,0.2
C0027626,Neoplasm Invasiveness,0.389743589744,0.0641025641026,3128.72222222,0.0244441748176,0.854025889886,0.135256410256
C0027947,Neutropenia,0.1,0.0,5480.0,0.000824952646231,0.696935341626,0.0
C0042373,Vascular Diseases,0.0,0.0,8255.93333333,0.000250321321782,0.615289898802,0.0
C0021361,Female infertility,0.683333333333,0.166666666667,2949.07407407,0.0239216249196,0.865236878774,0.383333333333
C0040411,Tongue Neoplasms,0.111111111111,0.0,6009.11111111,0.000523522524863,0.710988903327,0.0
C0026650,Movement Disorders,0.333333333333,0.05,6801.66666667,0.00619437745066,0.682523836057,0.233333333333
C0025500,Mesothelioma,0.315,0.05,4730.85365854,0.0116990165312,0.780148029373,0.075
C0751778,"Myoclonic Epilepsies, Progressive",0.35,0.05,3733.25,0.0105614827815,0.834871199814,0.15
C0036095,Salivary Gland Neoplasms,0.17,0.0,6008.20454545,0.000990748457198,0.724233021894,0.0
C1861063,"TOBACCO ADDICTION, SUSCEPTIBILITY TO (finding)",0.3,0.0,7170.4,0.0058233590629,0.57330022741,0.2
C0007621,Neoplastic Cell Transformation,0.434722222222,0.0597222222222,3087.57317073,0.0254837290657,0.85419486483,0.168055555556
C1838979,MITOCHONDRIAL COMPLEX I DEFICIENCY,0.9,0.55,1703.85185185,0.10998718696,0.934678742839,0.866666666667
C0043459,Zellweger Syndrome,1.0,0.75,11.2,0.330619232189,0.99947544332,1.0
C3875321,Inflammatory dermatosis,0.05,0.0,7073.23529412,0.000581301124035,0.66003558209,0.0
C0206762,"Limb Deformities, Congenital",0.45,0.0,3396.2,0.00309683830906,0.823143162195,0.1
C0027726,Nephrotic Syndrome,0.6,0.0333333333333,3332.80952381,0.00672673752053,0.825884565379,0.183333333333
C0338480,Common Migraine,0.0,0.0,10491.6363636,0.000171383053842,0.48923234011,0.0
C0021655,Insulin Resistance,0.48,0.105,3718.14583333,0.0169887138989,0.830872193035,0.145
C0033941,"Psychoses, Substance-Induced",0.45,0.0,5533.05882353,0.00177375683825,0.774442896936,0.0
C0033860,Psoriasis,0.330952380952,0.0761904761905,6052.234375,0.028988338825,0.721884367668,0.121428571429
C0026636,Mouth Diseases,0.25,0.1,5974.66666667,0.00860042873861,0.730107913669,0.1
C0236969,Substance-Related Disorders,0.115454545455,0.0,9270.58095238,0.00103481624063,0.568312723543,0.0
C0002878,"Anemia, Hemolytic",0.55,0.1,2852.0,0.00752414296554,0.873663262938,0.25
C0023903,Liver neoplasms,0.235454545455,0.0281818181818,6615.55660377,0.0168618961079,0.691333101657,0.0763636363636
C0429087,Electrocardiogram: P-R interval,0.0,0.0,11034.4444444,0.000125302701712,0.423849596766,0.0
C0003873,Rheumatoid Arthritis,0.204329004329,0.00454545454545,6317.1563981,0.00366344199185,0.705326464035,0.0188311688312
C0003872,"Arthritis, Psoriatic",0.25,0.0,5338.66666667,0.00282464176671,0.755301271934,0.1
C0002871,Anemia,0.533333333333,0.0,4341.57692308,0.00364574262611,0.808055826483,0.0666666666667
C0008625,Chromosome Aberrations,0.3,0.15,3385.2,0.0144175656773,0.831681134528,0.2
C0206698,Cholangiocarcinoma,0.4,0.166666666667,4950.04166667,0.0372686014728,0.771403582099,0.2
C0206754,Neuroendocrine Tumors,0.6,0.2,1330.9,0.0252166632001,0.938279110781,0.4
C0024530,Malaria,0.25,0.0,5535.3,0.00136351734646,0.732203881692,0.0
C0860207,Drug-Induced Liver Injury,0.386363636364,0.025,4675.04201681,0.00785308838348,0.78196260817,0.0931818181818
C0598608,Hyperhomocysteinemia,0.65,0.0,3186.0,0.00258598546653,0.866798941799,0.15
C0019693,HIV Infections,0.553333333333,0.06,2124.62626263,0.0148848702332,0.899601961454,0.17
C0038013,Ankylosing spondylitis,0.3,0.2,7053.5,0.0608820443456,0.628625307524,0.2
C0020445,"Hypercholesterolemia, Familial",0.75,0.2,1590.75,0.0422186283785,0.926528480572,0.6
C0010606,Adenoid Cystic Carcinoma,0.324444444444,0.0411111111111,5155.28282828,0.018358271665,0.761703922909,0.0811111111111
C0038587,Substance Withdrawal Syndrome,0.483333333333,0.0366666666667,3918.01923077,0.00890921745245,0.811568627451,0.176666666667
C3495559,Juvenile arthritis,0.139102564103,0.025,6534.29508197,0.00409269041405,0.694550773657,0.05
C0027659,"Neoplasms, Experimental",0.458333333333,0.0333333333333,3155.78787879,0.00737057248883,0.857797497367,0.15
C0016059,Fibrosis,0.5,0.075,3093.2,0.0201549236395,0.854461007575,0.15
C0024668,"Mammary Neoplasms, Experimental",0.34375,0.04625,3950.58940397,0.0156948476863,0.815513641035,0.0795833333333
C0027658,"Neoplasms, Germ Cell and Embryonal",0.35,0.1,6035.53846154,0.00807473374849,0.741569578537,0.2
C0005695,Bladder Neoplasm,0.264545454545,0.0763636363636,5433.32075472,0.0390447801723,0.745619445586,0.104545454545
C0002171,Alopecia Areata,0.444444444444,0.111111111111,5200.55555556,0.00854780530512,0.751686158035,0.111111111111
C0243026,Sepsis,0.533333333333,0.05,3509.0,0.00771789489507,0.841258048539,0.2
C0002170,Alopecia,0.2,0.0,5851.92857143,0.000705835361064,0.747222995869,0.0
C0428977,Bradycardia,0.583333333333,0.316666666667,3680.75,0.0275177181122,0.818942630691,0.4
C0018824,Heart valve disease,0.533333333333,0.0,2557.79166667,0.00285672397987,0.869086208765,0.05
C0009447,Common Variable Immunodeficiency,0.8,0.5,2162.16666667,0.0355931099888,0.891940125319,0.65
C0017658,Glomerulonephritis,0.683333333333,0.166666666667,953.321428571,0.0288923896016,0.956998312354,0.25
C2931456,"Prostate cancer, familial",0.2,0.0,7408.23076923,0.00116390875405,0.635499443,0.0
C0001973,"Alcoholic Intoxication, Chronic",0.358333333333,0.0,5127.15789474,0.00388823880514,0.752660826866,0.075
C0273115,Lung Injury,0.55,0.15,3194.2,0.0185599058457,0.851755119097,0.25
C0041755,Adverse reaction to drug,0.3,0.0366666666667,4732.22641509,0.00700775465894,0.777540922619,0.0533333333333
C0025958,Microcephaly,0.383333333333,0.05,3345.26086957,0.00421259958805,0.846486176899,0.1
C0006663,Calcinosis,0.458333333333,0.0,3475.59459459,0.00447331142095,0.837933511462,0.15
C0015625,Fanconi Anemia,0.95,0.55,317.894736842,0.247168230606,0.986033986443,0.65
C0038454,Cerebrovascular accident,0.391666666667,0.0583333333333,3916.13513514,0.00646831108731,0.823103121128,0.141666666667
C0032273,Pneumoconiosis,0.15,0.0,10277.0714286,0.000297861287429,0.475228612542,0.0
C0027819,Neuroblastoma,0.455,0.045,3963.47727273,0.0117251111419,0.82005729094,0.11
C0040034,Thrombocytopenia,0.466666666667,0.133333333333,3722.63636364,0.0153893455958,0.819918349973,0.133333333333
C0007273,Carotid Artery Diseases,0.1,0.0,6342.54545455,0.000652876532292,0.688501345957,0.0
C0038644,Sudden infant death syndrome,0.25,0.0,6493.5,0.00459957584425,0.636467857972,0.2
C0079744,Diffuse Large B-Cell Lymphoma,0.483333333333,0.0,2467.19444444,0.00338420636841,0.886623917724,0.05
C1112705,Nuclear non-senile cataract,0.6,0.4,2344.25,0.134313062303,0.868066836853,0.4
C0018781,Noise-induced hearing loss,0.2,0.0,6263.6,0.00342905840549,0.72225315516,0.2
C0020557,Hypertriglyceridemia,0.2,0.0,6626.78571429,0.00216798580608,0.673327763078,0.1
C1384666,hearing impairment,0.0666666666667,0.0,10911.1142857,0.000377640908,0.500181984326,0.0
C0033975,Psychotic Disorders,0.45,0.0,6345.94117647,0.00295019819092,0.743848653668,0.1
C0677050,Manganese Poisoning,0.3,0.0,4365.18181818,0.00363726574675,0.759827810266,0.2
C0003469,Anxiety Disorders,0.325,0.025,4595.79411765,0.00421882216964,0.780282140036,0.075
C1261502,Finding of Mean Corpuscular Hemoglobin,0.15,0.0,7558.26666667,0.00101133566459,0.649353588339,0.0
C0027720,Nephrosis,0.45,0.05,2444.93333333,0.00807447077821,0.890342122366,0.2
C0019158,Hepatitis,0.1,0.0,5475.16666667,0.00114436213849,0.764479548726,0.05
C0026603,Motion Sickness,0.2,0.0,7541.42857143,0.00117348748885,0.621075291278,0.0
C0003504,Aortic Valve Insufficiency,0.9,0.45,382.545454545,0.07669054509,0.980599647266,0.7
C0917796,"Optic Atrophy, Hereditary, Leber",0.7,0.35,2132.57142857,0.0894750855375,0.915814881864,0.7
C0001624,Adrenal Gland Neoplasms,0.9,0.3,633.0,0.0347168517087,0.970627958786,0.4
C0003864,Arthritis,0.0,0.0,10300.7777778,0.00012595714589,0.471567353505,0.0
C0271650,Impaired glucose tolerance,0.35,0.0,3760.54545455,0.00413154487068,0.812030075188,0.1
C0020649,Hypotension,0.643333333333,0.17,2103.20754717,0.0610738419829,0.899373294891,0.263333333333
C0002395,Alzheimer's Disease,0.24380952381,0.0209523809524,6973.11111111,0.00809030555816,0.675576974824,0.0485714285714
C1955869,Malformations of Cortical Development,0.3,0.0,4081.45454545,0.00102928798077,0.831934001671,0.0
C0018843,Heat Stroke,0.9,0.5,426.833333333,0.128624497458,0.987398468322,0.75
C0018923,Hemangiosarcoma,0.9,0.15,2167.16666667,0.0267874062613,0.901747992014,0.55
C0013182,Drug Allergy,0.35,0.116666666667,7520.77142857,0.0170606076885,0.664590690147,0.183333333333
C1527249,Colorectal Cancer,0.1,0.0,8368.5,0.00130083716872,0.619198909997,0.0333333333333
C0014549,Tonic-Clonic Epilepsy,0.4,0.1,4479.0,0.0110047398822,0.725374762148,0.3
C0025149,Medulloblastoma,0.555,0.025,2767.04545455,0.006548052758,0.872681285734,0.115
C0008924,Cleft Lip,0.583333333333,0.316666666667,2890.64,0.0574234975092,0.858322496749,0.45
C0008925,Cleft Palate,0.55,0.175,2525.275,0.0440373118166,0.882754914719,0.275
C0151786,Muscle Weakness,0.143333333333,0.0111111111111,7837.47252747,0.00275964804028,0.635145190844,0.0444444444444
C0027643,"Neoplasm Recurrence, Local",0.4,0.0666666666667,3809.20833333,0.0111739064581,0.835275313859,0.183333333333
C0004114,Astrocytoma,0.783333333333,0.233333333333,1070.16666667,0.0391991170172,0.954753169554,0.45
C0013386,"Dyskinesia, Drug-Induced",0.3,0.0,5076.73333333,0.00234528641702,0.715708847832,0.1
C0024667,Animal Mammary Neoplasms,0.357142857143,0.0659340659341,3966.84671533,0.0132904211584,0.81489867742,0.102197802198
C1260899,"Anemia, Diamond-Blackfan",0.85,0.2,379.133333333,0.0317649447053,0.980350013926,0.85
C0242656,Disease Progression,0.340384615385,0.024358974359,3669.50806452,0.0087573545934,0.830076867447,0.0570512820513
C0018273,Growth Disorders,0.15,0.0,7026.78125,0.00132957506204,0.6724970964,0.025
C1565489,Renal Insufficiency,0.5,0.1,1927.0,0.0112874821465,0.910607045064,0.2
C0025286,Meningioma,0.5,0.0,4449.91666667,0.00272475101257,0.792439080993,0.0
C0006625,Cachexia,0.4,0.0,4566.3,0.00376998071892,0.788118995684,0.2
C0035229,Respiratory Insufficiency,0.0,0.0,9037.72727273,0.000179029647597,0.571830038058,0.0
C0007222,Cardiovascular Diseases,0.28,0.02,6260.04,0.00317342295859,0.703989863765,0.04
C0014556,"Epilepsy, Temporal Lobe",0.683333333333,0.1,2838.47826087,0.0703726000244,0.875195040401,0.25
C0019196,Hepatitis C,0.4,0.0,3601.13333333,0.00348553444439,0.7975884319,0.1
C0029422,Osteochondrodysplasias,0.4,0.05,4741.8,0.0124937791326,0.779738417974,0.25
C2931822,Nasopharyngeal carcinoma,0.35,0.05,5128.3,0.0042108271512,0.761955007661,0.1
C0020429,Hyperalgesia,0.559523809524,0.0571428571429,3437.72463768,0.0122927214345,0.83904072705,0.142857142857
C0023434,Chronic Lymphocytic Leukemia,0.24,0.02,5975.87755102,0.00363940485034,0.718621443184,0.02
C0339527,Leber Congenital Amaurosis,0.15,0.0,5307.47619048,0.000664818781381,0.756477526003,0.0
C1720824,Sudden Cardiac Arrest,0.1,0.0,8913.06666667,0.000506426356819,0.57536788599,0.0
C0023418,leukemia,0.5,0.0666666666667,2445.4375,0.0280059792927,0.885263646922,0.158333333333
C3714756,Intellectual Disability,0.100641025641,0.0,6807.13385827,0.00162356005832,0.682026664034,0.00769230769231
C0018213,Graves Disease,0.1,0.0,6975.8,0.00116404218648,0.667042289481,0.0
C0334588,Giant Cell Glioblastoma,0.5,0.3,3687.08333333,0.0213641243799,0.858160826178,0.35
C0035126,Reperfusion Injury,0.555555555556,0.0361111111111,2104.29411765,0.0126607981555,0.903170149238,0.152777777778
C0235032,Neurotoxicity Syndromes,0.2,0.0,5928.38461538,0.00120337417063,0.723415850015,0.0
C3495498,"Cardiomyopathy, Familial Hypertrophic, 1 (disorder)",0.7,0.4,1286.1,0.0378552742084,0.940360607045,0.7
C0004238,Atrial Fibrillation,0.366666666667,0.0,4448.84615385,0.00269583065863,0.805583422352,0.0833333333333
C0019189,"Hepatitis, Chronic",0.466666666667,0.1,2580.90909091,0.0123848972743,0.882601191858,0.15
C0004943,Behcet Syndrome,0.333333333333,0.0333333333333,4446.45833333,0.0054124900985,0.803239601232,0.0666666666667
C0007370,Catalepsy,0.7,0.25,997.866666667,0.0688354742595,0.95569352892,0.35
C0011854,"Diabetes Mellitus, Insulin-Dependent",0.353571428571,0.0428571428571,5734.33802817,0.0316860302527,0.731917045651,0.0571428571429
C1136249,"Mental Retardation, X-Linked",0.15,0.0,6860.0,0.000461889767971,0.695142532151,0.0
C0085129,Bronchial Hyperreactivity,0.1,0.0,6967.07692308,0.000755196745141,0.566492991088,0.0
C0011853,"Diabetes Mellitus, Experimental",0.432727272727,0.0290909090909,2870.39622642,0.0200684527334,0.867574641572,0.105454545455
C0242422,Parkinsonian Disorders,0.55,0.0833333333333,3432.68181818,0.0194351079871,0.838073678508,0.183333333333
C0027540,Necrosis,0.356666666667,0.02,3934.07843137,0.0069055346345,0.820413992994,0.1
C0085207,Gestational Diabetes,0.0,0.0,8994.58333333,0.000147645952085,0.553329078673,0.0
C0030567,Parkinson Disease,0.241111111111,0.0,5903.16666667,0.00304218592843,0.724189770592,0.0511111111111
C0086445,Idiopathic Membranous Glomerulonephritis,0.0,0.0,10756.5,0.000208143935131,0.509974003064,0.0
C0268237,Cytochrome-c Oxidase Deficiency,0.6,0.2,3173.30769231,0.0766035207506,0.835408930561,0.35
C0020517,Hypersensitivity,0.609523809524,0.0952380952381,2941.80952381,0.0429593602265,0.859396143774,0.221428571429
C0027092,Myopia,0.166666666667,0.0,8839.89655172,0.000893885652586,0.586153691317,0.0
C0022336,Creutzfeldt-Jakob disease,0.1,0.0,8179.92307692,0.00048485416574,0.588385397326,0.0
C0020452,Hyperemia,0.2,0.1,4829.23076923,0.00807985622519,0.74462031192,0.1
C0018798,Congenital Heart Defects,0.233333333333,0.0,4353.54285714,0.00310912060654,0.802600827061,0.0833333333333
C0040427,Tooth Abnormalities,0.1,0.0,7637.0,0.000466669250584,0.643669652388,0.0
C0020179,Huntington Disease,0.0,0.0,9138.75,0.000194686507281,0.54963448596,0.0
C0003811,Cardiac Arrhythmia,0.15,0.05,6494.7,0.00459152280363,0.682754097599,0.05
C0018995,Hemochromatosis,0.5,0.5,4210.0,0.0873777431111,0.741197493618,0.5
C0030297,Pancreatic Neoplasm,0.5125,0.0375,4112.2125,0.0232216380008,0.808313253713,0.1375
C0020507,Hyperplasia,0.333333333333,0.0,4733.69230769,0.00327594926093,0.76840214884,0.1
C0030354,Papilloma,0.55,0.0,4099.81818182,0.00358649592837,0.799092639005,0.1
C0030193,Pain,0.43,0.065,4153.17777778,0.00868921059148,0.81005415582,0.11
C0011860,"Diabetes Mellitus, Non-Insulin-Dependent",0.226666666667,0.0133333333333,6245.11688312,0.00597252687926,0.70871418921,0.0454166666667
C0000768,Congenital Abnormality,0.4,0.2,5696.36363636,0.013604517058,0.727367028683,0.3
C0035309,Retinal Diseases,0.266666666667,0.0333333333333,4342.28571429,0.00611873096433,0.796014425458,0.0333333333333
C1834752,"MYCOBACTERIUM TUBERCULOSIS, SUSCEPTIBILITY TO (finding)",0.4,0.3,4399.0,0.0366161230422,0.732185455052,0.3
C0022658,Kidney Diseases,0.181944444444,0.0,7075.13253012,0.00168272727596,0.668281151367,0.0
C0206062,"Lung Diseases, Interstitial",0.0,0.0,8698.6,0.00021220727324,0.605459103147,0.0
C0007117,Basal cell carcinoma,0.216666666667,0.05,7409.18181818,0.0046386024227,0.649901323427,0.1
C2239176,Liver carcinoma,0.35974025974,0.0417748917749,3719.57603687,0.0215271308823,0.825919502631,0.101298701299
C0162871,"Aortic Aneurysm, Abdominal",0.4,0.0,3212.18181818,0.00217345489915,0.83661468486,0.05
C0023485,Precursor B-Cell Lymphoblastic Leukemia-Lymphoma,0.65,0.0,1677.45454545,0.00357157536753,0.924092639005,0.1
C0206726,gliosarcoma,0.4,0.1,3840.73333333,0.0109591910064,0.822490947916,0.25
C0948089,Acute Coronary Syndrome,0.575,0.158333333333,1809.38709677,0.0298829763495,0.914789092261,0.258333333333
C0029927,Ovarian Cysts,0.158333333333,0.0,8771.0,0.000561606436813,0.587999976772,0.0
C0036346,"Schizophrenia, Childhood",0.1,0.0,10008.8,0.000224996948471,0.54110806796,0.0
C0206686,Adrenocortical carcinoma,0.65,0.05,2288.58823529,0.0173224160406,0.907848189415,0.2
C0036341,Schizophrenia,0.147282608696,0.016847826087,7242.3487395,0.00815981681243,0.66153231519,0.0251811594203
C0036920,Sezary Syndrome,0.75,0.133333333333,2188.11538462,0.0277939556485,0.908892604462,0.2
C0333641,Atrophic,0.3,0.0,5592.2,0.000690434317418,0.740511440108,0.0
C0235833,Congenital diaphragmatic hernia,0.55,0.0,5095.45454545,0.00499921117075,0.768729694607,0.1
C0002736,Amyotrophic Lateral Sclerosis,0.178571428571,0.0166666666667,6471.23076923,0.00437394757908,0.702305509027,0.0809523809524
C1800706,Idiopathic Pulmonary Fibrosis,0.15,0.05,7128.75,0.0115709101918,0.681124367485,0.15
C0431362,Lobar Holoprosencephaly,0.3,0.0,6090.64285714,0.00154063009365,0.717960590447,0.0
C0431363,Alobar Holoprosencephaly,0.3,0.0,6090.64285714,0.00154063009365,0.717960590447,0.0
C0002622,Amnesia,0.5,0.1,3869.23529412,0.0121686145104,0.836607474466,0.1
C0011615,"Dermatitis, Atopic",0.4,0.125,5458.2,0.0317973567983,0.7442864944,0.225
C0021051,Immunologic Deficiency Syndromes,0.5,0.15,3076.52941176,0.0588413919347,0.826131615599,0.35
C0033805,Pseudohypoaldosteronism,0.666666666667,0.555555555556,1389.11111111,0.32436712206,0.935580512757,0.666666666667
C0004134,Ataxia,0.2,0.2,7256.4,0.0179422238889,0.648302153932,0.2
C0279628,Adenocarcinoma Of Esophagus,0.2,0.0,4458.5,0.00454877168075,0.814531402312,0.1
C0035334,Retinitis Pigmentosa,0.319047619048,0.1,6226.28985507,0.0453612123792,0.712894516984,0.171428571429
C0279626,Squamous cell carcinoma of esophagus,0.473611111111,0.0375,3449.04878049,0.0144642274591,0.839406480404,0.0875
C0919267,ovarian neoplasm,0.354444444444,0.0633333333333,4781.2371134,0.0169689188858,0.780258284146,0.123333333333
C0004364,Autoimmune Diseases,0.366666666667,0.0333333333333,4557.84848485,0.00374565347609,0.787442312457,0.0583333333333
C0087012,"Ataxia, Spinocerebellar",0.35,0.15,3679.6,0.0108328859094,0.844376102497,0.3
C0011884,Diabetic Retinopathy,0.15,0.0,5975.0,0.000585319363212,0.764952880553,0.0
C0011991,Diarrhea,0.2,0.1,5649.8,0.0119301806516,0.611690722606,0.1
C0010068,Coronary heart disease,0.156666666667,0.0,7885.14035088,0.0011975041349,0.639313410853,0.0
C0151744,Myocardial Ischemia,0.233455882353,0.0,4414.96428571,0.00508787336745,0.793858958563,0.0360294117647
C1960469,Left ventricular noncompaction,0.45,0.05,2933.75,0.00756346085979,0.843297748898,0.1
C0085580,Essential Hypertension,0.4,0.0,4825.30769231,0.000920518986266,0.794138739324,0.0
C0019209,Hepatomegaly,0.333333333333,0.0,4916.33333333,0.00350023282921,0.748512365159,0.111111111111
C0026848,Myopathy,0.316666666667,0.0,5886.88,0.00120790638302,0.731972954982,0.0333333333333
C0019080,Hemorrhage,0.3,0.05,3758.4375,0.00450843926819,0.822298175572,0.15
C0032927,Precancerous Conditions,0.311904761905,0.0,5601.94202899,0.00340388793101,0.743008944084,0.0595238095238
C0019202,Hepatolenticular Degeneration,0.5,0.216666666667,2844.58333333,0.0678097470662,0.876842520782,0.266666666667
C0015393,Eye Abnormalities,0.3,0.0,7227.42857143,0.00126911562462,0.690264819199,0.0
C0024301,"Lymphoma, Follicular",0.383333333333,0.0,5722.71428571,0.00196865908091,0.729286620852,0.0833333333333
C0026846,Muscular Atrophy,0.35,0.0,3322.23076923,0.00265452472125,0.826090790939,0.05
C0004782,Basal Ganglia Diseases,0.25,0.0,8366.25,0.00275410370351,0.516539800418,0.1
C0019163,Hepatitis B,0.35,0.1,6594.875,0.0117203883779,0.670286894759,0.3
C0024115,Lung diseases,0.345,0.0,5747.88888889,0.00196565508829,0.73253509669,0.04
C0038220,Status Epilepticus,0.511904761905,0.1,2403.3880597,0.0268931196152,0.886389461322,0.214285714286
C0010346,Crohn Disease,0.186111111111,0.0111111111111,7808.13793103,0.00230747212385,0.63432117813,0.0458333333333
C0024117,Chronic Obstructive Airway Disease,0.14,0.0,6851.06521739,0.00160129951866,0.685141787922,0.05
C0031117,Peripheral Neuropathy,0.132936507937,0.0179894179894,6685.86021505,0.00503350075221,0.686849702179,0.0216931216931
C0018784,Sensorineural Hearing Loss (disorder),0.555555555556,0.111111111111,4289.66666667,0.0100406726841,0.800971474537,0.222222222222
C0043094,Weight Gain,0.202777777778,0.0444444444444,6275.07954545,0.00503078651644,0.708631017074,0.0680555555556
C0008073,Developmental Disabilities,0.15,0.0,5264.42105263,0.000700540507329,0.738961370601,0.0
C0011053,Deafness,0.1,0.0,9252.06666667,0.00031847709986,0.543109971219,0.0
C0403553,Renal dysplasia and retinal aplasia (disorder),0.8,0.3,2273.9,0.0478036076481,0.905163131758,0.6
C1561643,Chronic Kidney Diseases,0.0833333333333,0.0,8006.33333333,0.00054395592211,0.59400151684,0.0
C0007873,Uterine Cervical Neoplasm,0.583333333333,0.0,4802.0,0.0046584904881,0.783069047177,0.1
C1263846,Attention deficit hyperactivity disorder,0.241666666667,0.0,8274.25714286,0.00166244150361,0.593545945234,0.0666666666667
C0039685,Tetralogy of Fallot,0.55,0.3,3343.0,0.0289944634043,0.75562621855,0.45
C0949658,"Cardiomyopathy, Hypertrophic, Familial",0.683333333333,0.133333333333,2629.54545455,0.0137542103198,0.870445398963,0.283333333333
C0524851,Neurodegenerative Disorders,0.333333333333,0.1,5807.97297297,0.0289741476083,0.714416434325,0.15
C0004763,Barrett Esophagus,0.25,0.0,5951.57142857,0.00162566319447,0.688325674233,0.0
C0376634,Craniofacial Abnormalities,0.236666666667,0.0214285714286,5130.55862069,0.00677617277622,0.761591475185,0.0828571428571
C0006142,Malignant neoplasm of breast,0.164285714286,0.0333333333333,7268.64516129,0.0082457794627,0.661638753198,0.0809523809524
C0520459,Necrotizing Enterocolitis,0.6,0.0,3506.94117647,0.00414366192035,0.854071494893,0.2
C0263454,Chloracne,0.408333333333,0.0333333333333,4361.12121212,0.00478101723073,0.786660433315,0.0833333333333
C0023473,"Myeloid Leukemia, Chronic",0.583333333333,0.216666666667,2882.54545455,0.0353868943167,0.86199520161,0.266666666667
C0020473,Hyperlipidemia,0.55,0.05,2454.47058824,0.0102061245399,0.890574512535,0.35
C0017639,Gliosis,0.7,0.45,2573.6875,0.107290000648,0.903973817372,0.5
C3463824,MYELODYSPLASTIC SYNDROME,0.25,0.0,3718.05555556,0.00139372979339,0.822997817912,0.0
C0027746,Nerve Degeneration,0.45,0.0535714285714,4022.02702703,0.0111862831003,0.815671693898,0.133928571429
C0040038,Thromboembolism,0.95,0.6,116.166666667,0.0963530462891,0.9963355767,0.9
C0032460,Polycystic Ovary Syndrome,0.09,0.0,7506.71034483,0.00161914684091,0.648692244224,0.0138095238095
C0022665,Kidney Neoplasm,0.45,0.0333333333333,3240.51851852,0.0110192322886,0.842159777055,0.133333333333
C0013080,Down Syndrome,0.114444444444,0.01,8631.02083333,0.00226986026214,0.595784989827,0.0311111111111
C0007787,Transient Ischemic Attack,0.6,0.3,2054.2,0.0254383764416,0.888603981993,0.3
C0007786,Brain Ischemia,0.633333333333,0.0833333333333,2762.18333333,0.0325089838654,0.871671240948,0.25
C0007785,Cerebral Infarction,0.5,0.0,3419.7,0.00620075261405,0.819211491159,0.3
C0546837,Malignant neoplasm of esophagus,0.25,0.0,6106.66666667,0.00311467594059,0.741940201495,0.2
C0025261,Memory Disorders,0.308333333333,0.0916666666667,4801.52777778,0.0139836049219,0.772740191751,0.191666666667
C0029408,Degenerative polyarthritis,0.405555555556,0.0322222222222,3917.11702128,0.0096919187742,0.816404872468,0.0866666666667
C0029401,Osteitis Deformans,0.375,0.0,4686.25,0.00106416661631,0.781155738085,0.0
C0007959,Charcot-Marie-Tooth Disease,0.266666666667,0.0,5303.03448276,0.00175331625292,0.75754985755,0.0
C0853897,Diabetic Cardiomyopathies,0.4,0.0,3245.2,0.00364910354915,0.848169118671,0.2
C0392557,Nuclear cataract,0.6,0.4,2344.25,0.134313062303,0.868066836853,0.4
C0236736,Cocaine-Related Disorders,0.431944444444,0.0472222222222,4435.18604651,0.0102359437511,0.793506325069,0.0944444444444
C0162671,MELAS Syndrome,1.0,0.1,62.6,0.0213269672073,0.997141133336,1.0
C0007138,"Carcinoma, Transitional Cell",0.416666666667,0.1,3353.83870968,0.0315821480828,0.840561414104,0.158333333333
C0162670,Mitochondrial Myopathies,0.333333333333,0.166666666667,4811.83333333,0.0234788592375,0.778521491655,0.333333333333
C0524620,Metabolic Syndrome X,0.315,0.025,6042.34146341,0.00581638695876,0.720245398773,0.05
C0349788,Arrhythmogenic Right Ventricular Dysplasia,0.7,0.2,2131.4,0.0179500368646,0.901127767207,0.3
C0238463,Papillary thyroid carcinoma,0.35,0.0333333333333,2702.38461538,0.007719158264,0.882059201461,0.0833333333333
C0236733,Amphetamine-Related Disorders,0.166071428571,0.0,7359.24657534,0.00130940136233,0.656006587959,0.0
C0009375,Colonic Neoplasms,0.294871794872,0.0564102564103,4300.328,0.0249089634257,0.799649951307,0.119871794872
C0006111,Brain Diseases,0.1,0.0,7990.63636364,0.00119791387587,0.63525268942,0.05
C0029456,Osteoporosis,0.361904761905,0.0761904761905,4520.31746032,0.0112837395923,0.787686763083,0.157142857143
C0242339,Dyslipidemias,0.5,0.0,5299.625,0.00412203506586,0.755021818857,0.2
C0005138,Berylliosis,0.0,0.0,6622.88888889,0.000285109692984,0.673344265,0.0
C0020437,Hypercalcemia,0.6,0.1,2585.1,0.00940860469705,0.863704924119,0.2
C0002514,"Amino Acid Metabolism, Inborn Errors",0.1,0.0,6990.92307692,0.000437507012756,0.702580764946,0.0
C0036202,Sarcoidosis,0.5,0.125,3270.125,0.00980049344824,0.848290523922,0.25
C0009952,Febrile Convulsions,0.15,0.1,10159.0909091,0.0073239021744,0.487501160308,0.15
C0003123,Anorexia,0.9,0.4,1660.86666667,0.207866999538,0.932501624733,0.75
C0149931,Migraine Disorders,0.1,0.0,7984.11538462,0.000541167435099,0.63424132646,0.0
C0027055,Myocardial Reperfusion Injury,0.525,0.075,1889.14285714,0.0419212335244,0.913224452498,0.183333333333
C0920269,Microsatellite Instability,0.65,0.0,1712.91666667,0.00550189559931,0.912504061267,0.15
C0040028,"Thrombocythemia, Essential",0.4,0.1,3609.0,0.0170306353871,0.808642376421,0.25
C0015934,Fetal Growth Retardation,0.2,0.0,5469.5,0.00400241911157,0.746205968348,0.1
C0040136,Thyroid Neoplasm,0.491666666667,0.0,3838.66666667,0.00562934904153,0.826504522084,0.133333333333
C0339535,"Night blindness, congenital stationary",0.45,0.0,6650.81818182,0.00293425283106,0.710472941613,0.15
C0023493,Adult T-Cell Lymphoma/Leukemia,0.65,0.0,2668.70967742,0.00598049424399,0.880355151909,0.133333333333
C0038325,Stevens-Johnson Syndrome,0.733333333333,0.133333333333,2015.1,0.0229045869681,0.906484879454,0.333333333333
C0023467,"Leukemia, Myelocytic, Acute",0.239393939394,0.0,3954.46902655,0.00414414661661,0.816653948551,0.0530303030303
C0023452,"Leukemia, Lymphocytic, Acute, L1",0.0,0.0,11898.7272727,0.000111646319909,0.456117144714,0.0
C1272641,Systemic arterial pressure,0.04,0.0,7349.96,0.0012643517462,0.657391081973,0.02
C0042487,Venous Thrombosis,0.85,0.55,1285.35,0.104894849021,0.93235130241,0.75
C0023186,Learning Disorders,0.183333333333,0.0,7506.40740741,0.00221343573569,0.636379083449,0.0333333333333
C0265221,Walker-Warburg congenital muscular dystrophy,0.85,0.0,993.230769231,0.0107209516737,0.964731479762,0.3
C0021364,Male infertility,0.34,0.05,5729.93023256,0.00827252922462,0.738208027331,0.095
C0024796,Marfan Syndrome,0.7,0.4,1849.3,0.0387410202235,0.914217756532,0.5
C0009363,Congenital ocular coloboma (disorder),0.25,0.0,8041.0,0.000914345930921,0.651336737062,0.0
C0024121,Lung Neoplasms,0.377777777778,0.0696078431373,4025.40116279,0.0265442179069,0.811990140301,0.104248366013
C0007131,Non-Small Cell Lung Carcinoma,0.331818181818,0.044696969697,4571.92792793,0.014895587424,0.786977616791,0.0712121212121
C0270853,"Myoclonic Epilepsy, Juvenile",0.0,0.0,4603.71428571,0.000333935075914,0.678438846536,0.0
C0014170,Endometrial Neoplasms,0.44,0.1,2697.14,0.0322914105829,0.874731947738,0.12
C0027627,Neoplasm Metastasis,0.35989010989,0.0505494505495,3163.05035971,0.0234738842617,0.852876932107,0.108241758242
C0242698,"Ventricular Dysfunction, Left",0.2,0.0,6091.33333333,0.000917467522454,0.736100408504,0.0
C1458155,Mammary Neoplasms,0.326463414634,0.0393292682927,4424.72481572,0.0257305033063,0.791755678083,0.0712804878049
C0242379,Malignant neoplasm of lung,0.0,0.0,7587.3125,0.000403625331845,0.6413072745,0.0
C0270850,Idiopathic generalized epilepsy,0.333333333333,0.0,4781.66666667,0.000708832093845,0.681693038219,0.0
C0751617,Semilobar Holoprosencephaly,0.3,0.0,6090.64285714,0.00154063009365,0.717960590447,0.0
C0027796,Neuralgia,0.3,0.0,6676.2,0.000617309920744,0.681730635355,0.0
C0027794,Neural Tube Defects,0.0666666666667,0.0,8691.61538462,0.000414111641721,0.589839456288,0.0
C0001925,Albuminuria,0.35,0.0,5802.15,0.00272833505525,0.72369991178,0.0
C0033687,Proteinuria,0.333333333333,0.025,3885.52631579,0.00349291157603,0.813665830197,0.05
C0162820,"Dermatitis, Allergic Contact",0.164285714286,0.0,7306.18181818,0.00117693522562,0.659663956784,0.0
C0025521,Inborn Errors of Metabolism,0.2,0.0,8368.5,0.000467903238583,0.597750800798,0.0
C0699790,Colon Carcinoma,0.533333333333,0.0833333333333,3130.45833333,0.00949414163813,0.862844626078,0.233333333333
C0008370,Cholestasis,0.466666666667,0.0,3500.02564103,0.00568585318745,0.840445789572,0.15
C0344388,Platelet mean volume finding,0.0333333333333,0.0,9507.28571429,0.000374705652319,0.543470048152,0.0
C0014175,Endometriosis,0.2675,0.0466666666667,5404.90849673,0.00857800950549,0.74708660375,0.0858333333333
C0032914,Pre-Eclampsia,0.15,0.0,8344.83333333,0.00109450926585,0.599728399647,0.05
C0021841,Intestinal Neoplasms,0.7,0.4,1325.18181818,0.0308744510228,0.933695349485,0.55
C0000786,Spontaneous abortion,0.275454545455,0.0,5908.44761905,0.00397954779534,0.724196302951,0.0763636363636
C1843367,Poor school performance,0.1,0.0,8381.84615385,0.000384898894241,0.604077701448,0.0
C2607914,Allergic rhinitis (disorder),0.0,0.0,11389.3636364,8.13735369639e-05,0.395050125313,0.0
C0079541,Holoprosencephaly,0.25,0.0,5338.875,0.00144814983446,0.702274467493,0.0
C1271104,Blood pressure finding,0.06,0.0,7349.96,0.0012643517462,0.657391081973,0.02
C1561955,Fibrinogen Adverse Event,0.25,0.0,9650.05555556,0.00155209885918,0.572916569943,0.05
Mean,,0.372863723285,0.0790365272482,4912.62487528,0.0215987972447,0.766121641221,0.156885867545
Median,,0.35,0.025,4660.73913043,0.00573769212823,0.780148029373,0.1
STD,,0.226870372937,0.140573707153,2451.12209877,0.0599028656899,0.119506866548,0.193658490942
